id,provider,y,x1,x2,x3
0,1,-0.119140625,0.765625,1.15625,0.0
1,1,-0.1044921875,1.15625,-0.28125,0.0
2,1,-1.189453125,0.734375,-1.703125,0.0
3,2,-1.28515625,0.0,1.171875,0.0
4,2,3.1318359375,0.46875,1.46875,1.0
5,2,-0.6875,-0.640625,-0.421875,0.0
6,2,0.306640625,-0.828125,-0.03125,1.0
7,3,-0.4072265625,-0.421875,1.96875,0.0
8,3,1.9072265625,0.046875,-0.671875,1.0
9,3,0.83203125,0.625,2.34375,0.0
10,3,-0.1767578125,1.703125,1.59375,0.0
11,3,-1.640625,-0.90625,1.0,1.0
12,4,0.3291015625,-0.375,-1.03125,0.0
13,4,0.51953125,0.25,0.484375,0.0
14,4,-0.5078125,-1.109375,-1.53125,1.0
15,4,1.951171875,0.125,-1.671875,1.0
16,4,-1.0419921875,-0.890625,-0.75,1.0
17,4,-1.38671875,-1.1875,0.421875,0.0
18,5,-0.84765625,-0.25,-0.59375,1.0
19,5,-0.2744140625,0.5625,-1.0,0.0
20,5,0.3154296875,0.734375,1.515625,0.0
21,5,1.869140625,0.859375,-1.359375,1.0
22,5,-1.380859375,-0.015625,0.5625,0.0
23,5,-1.673828125,-0.6875,-0.640625,1.0
24,5,-0.77734375,-0.15625,-1.953125,0.0
25,6,1.3642578125,1.25,-0.109375,0.0
26,6,1.3896484375,1.1875,0.234375,1.0
27,6,2.287109375,0.40625,0.28125,0.0
28,6,1.1298828125,0.375,0.546875,1.0
29,6,-1.7529296875,-2.28125,0.671875,1.0
30,6,-1.634765625,-0.046875,2.3125,0.0
31,6,-0.01171875,-0.546875,1.625,0.0
32,6,1.9287109375,1.375,0.5625,0.0
33,7,-2.072265625,-2.21875,0.859375,1.0
34,7,-0.5224609375,0.703125,0.484375,0.0
35,7,0.2314453125,0.703125,-2.03125,1.0
36,8,-0.3994140625,0.40625,0.25,0.0
37,8,1.3564453125,-0.140625,-0.796875,0.0
38,8,2.1201171875,1.296875,-0.796875,1.0
39,8,1.220703125,0.0,-0.6875,1.0
40,9,2.29296875,2.0,-0.296875,1.0
41,9,0.134765625,0.4375,-0.46875,1.0
42,9,-0.0166015625,0.40625,0.09375,1.0
43,9,-1.0703125,-0.234375,0.65625,0.0
44,9,-0.2333984375,-0.0625,-0.78125,0.0
45,10,3.1142578125,0.375,-2.59375,0.0
46,10,1.5732421875,1.046875,1.671875,1.0
47,10,2.375,2.984375,2.15625,0.0
48,10,1.96484375,1.0625,0.359375,1.0
49,10,0.8251953125,-0.015625,0.6875,1.0
50,10,0.2607421875,1.390625,0.125,0.0
51,11,0.166015625,0.078125,0.203125,1.0
52,11,0.87109375,1.625,-2.46875,0.0
53,11,-0.2353515625,0.296875,-0.34375,1.0
54,11,0.5712890625,0.53125,-1.9375,1.0
55,11,-0.6142578125,0.515625,0.59375,0.0
56,11,0.38671875,0.5,-2.03125,0.0
57,11,1.6103515625,0.453125,-1.234375,0.0
58,12,0.5849609375,-0.765625,0.515625,0.0
59,12,0.75390625,0.84375,1.578125,1.0
60,12,1.0205078125,-0.203125,-0.78125,1.0
61,12,1.2470703125,-0.125,0.09375,0.0
62,12,-0.31640625,-0.40625,0.40625,0.0
63,12,-1.4013671875,-1.203125,-0.109375,0.0
64,12,1.1748046875,0.65625,-0.03125,1.0
65,12,0.0927734375,-0.703125,-0.53125,1.0
66,13,1.5029296875,2.46875,0.890625,0.0
67,13,-0.876953125,-0.796875,1.171875,0.0
68,13,-1.212890625,-0.75,-0.515625,0.0
69,14,0.87109375,-0.109375,-1.203125,0.0
70,14,0.3291015625,0.28125,2.0625,1.0
71,14,-0.5703125,0.3125,0.1875,0.0
72,14,-0.7724609375,-1.921875,0.953125,0.0
73,15,-2.328125,-1.890625,-0.28125,0.0
74,15,-1.2734375,-1.203125,-0.859375,1.0
75,15,-0.140625,-0.09375,0.578125,1.0
76,15,0.8505859375,1.9375,0.609375,1.0
77,15,-0.2548828125,-0.34375,0.71875,1.0
78,16,-2.408203125,-1.15625,1.4375,1.0
79,16,-0.80859375,0.671875,0.21875,0.0
80,16,2.67578125,2.640625,-0.609375,0.0
81,16,1.7041015625,0.96875,-0.734375,1.0
82,16,0.0361328125,-0.640625,0.03125,0.0
83,16,0.408203125,1.171875,-0.328125,1.0
84,17,-1.1123046875,-1.59375,0.875,0.0
85,17,0.1669921875,-0.078125,1.140625,1.0
86,17,-1.02734375,-1.703125,0.5625,1.0
87,17,-1.486328125,0.109375,0.96875,0.0
88,17,0.4931640625,0.03125,-1.21875,0.0
89,17,0.263671875,-0.6875,1.53125,0.0
90,17,1.634765625,0.578125,0.390625,1.0
91,18,0.3115234375,-1.328125,-1.609375,0.0
92,18,-1.8154296875,-0.3125,-0.109375,0.0
93,18,0.5947265625,0.78125,0.359375,0.0
94,18,-1.896484375,0.25,0.5625,0.0
95,18,1.63671875,1.125,0.5,1.0
96,18,1.7275390625,0.609375,0.546875,0.0
97,18,-0.9765625,-1.15625,0.28125,1.0
98,18,-0.9638671875,0.25,0.4375,0.0
99,19,0.2099609375,0.640625,0.0625,0.0
100,19,-0.0556640625,-0.296875,-1.3125,0.0
101,19,-1.873046875,-0.140625,0.015625,0.0
102,20,0.0732421875,-1.21875,-1.578125,0.0
103,20,1.27734375,0.390625,-1.1875,1.0
104,20,-0.3466796875,-2.328125,-2.03125,0.0
105,20,0.4853515625,-0.296875,-0.203125,1.0
106,21,0.9248046875,1.03125,-0.265625,0.0
107,21,0.5107421875,0.40625,-0.015625,1.0
108,21,-1.0830078125,-0.765625,-1.25,1.0
109,21,-2.48828125,-1.515625,-0.421875,1.0
110,21,-1.140625,-0.578125,-0.890625,0.0
111,22,0.314453125,0.21875,0.078125,0.0
112,22,1.150390625,0.15625,-0.75,1.0
113,22,-0.2998046875,-0.296875,0.75,0.0
114,22,0.328125,0.921875,0.921875,1.0
115,22,0.724609375,-0.0625,-1.25,0.0
116,22,2.2158203125,1.421875,-0.3125,0.0
117,23,-1.126953125,0.0,-0.109375,1.0
118,23,-0.759765625,-1.90625,-0.15625,0.0
119,23,-1.666015625,-0.734375,-0.015625,1.0
120,23,-0.1865234375,0.421875,0.40625,0.0
121,23,-2.1591796875,-0.671875,1.375,0.0
122,23,0.9306640625,-0.5,-0.953125,1.0
123,23,-1.8740234375,0.546875,1.421875,0.0
124,24,0.8291015625,1.078125,0.125,0.0
125,24,-0.2138671875,0.5625,1.015625,1.0
126,24,0.7919921875,0.703125,-0.53125,0.0
127,24,-2.5185546875,-1.234375,1.640625,1.0
128,24,-0.83203125,0.28125,1.09375,0.0
129,24,-1.0751953125,-0.859375,-0.078125,0.0
130,24,0.345703125,-1.1875,-0.25,1.0
131,24,-1.326171875,-0.90625,0.0625,0.0
132,25,-0.607421875,0.15625,0.015625,1.0
133,25,0.986328125,-1.03125,-0.625,0.0
134,25,-0.958984375,1.328125,-0.265625,0.0
135,26,0.0244140625,0.640625,-0.03125,1.0
136,26,0.6259765625,-0.09375,0.46875,1.0
137,26,1.4052734375,-1.25,-1.6875,1.0
138,26,-0.4306640625,0.6875,0.21875,1.0
139,27,-2.5927734375,-1.078125,1.046875,1.0
140,27,-1.2353515625,-0.4375,-1.0,0.0
141,27,2.8525390625,1.140625,-1.359375,0.0
142,27,0.0126953125,0.09375,-0.8125,0.0
143,27,0.154296875,0.640625,-0.703125,0.0
144,28,1.490234375,0.03125,0.84375,1.0
145,28,1.095703125,0.21875,-0.640625,0.0
146,28,-0.1533203125,0.15625,-0.15625,0.0
147,28,0.759765625,-1.90625,-0.78125,1.0
148,28,2.8095703125,0.96875,-0.671875,0.0
149,28,1.1611328125,-0.078125,-0.21875,0.0
150,29,1.7080078125,1.90625,-0.609375,0.0
151,29,0.0673828125,0.75,0.515625,0.0
152,29,0.6982421875,0.609375,-0.078125,1.0
153,29,1.009765625,0.0625,1.46875,0.0
154,29,0.603515625,-0.90625,0.671875,0.0
155,29,-1.8583984375,-1.640625,-0.421875,1.0
156,29,1.08203125,1.375,0.96875,0.0
157,30,0.8798828125,-0.796875,-0.796875,1.0
158,30,0.4765625,-0.015625,-0.109375,1.0
159,30,-0.109375,-0.703125,-1.65625,1.0
160,30,-0.658203125,-0.625,-0.140625,0.0
161,30,2.640625,0.890625,-0.859375,1.0
162,30,1.9365234375,0.640625,0.84375,0.0
163,30,1.6865234375,0.390625,-1.21875,0.0
164,30,0.0185546875,-0.125,-0.40625,1.0
165,31,1.443359375,0.1875,-0.21875,1.0
166,31,-1.646484375,-1.40625,1.140625,0.0
167,31,-1.1279296875,-0.140625,1.125,1.0
168,32,1.3818359375,1.140625,0.484375,0.0
169,32,0.1484375,-0.59375,-1.75,0.0
170,32,-0.935546875,-1.6875,-1.21875,1.0
171,32,-0.0849609375,-0.296875,0.703125,0.0
172,33,-1.7333984375,0.875,0.90625,0.0
173,33,1.654296875,1.140625,1.703125,1.0
174,33,1.927734375,0.5,-0.359375,0.0
175,33,1.3984375,1.09375,-0.03125,0.0
176,33,0.8642578125,-0.640625,1.109375,0.0
177,34,1.833984375,0.796875,0.453125,0.0
178,34,-0.3173828125,-0.90625,-2.0625,0.0
179,34,-0.171875,-0.265625,-0.484375,1.0
180,34,-1.8544921875,-0.703125,-0.453125,0.0
181,34,-0.3662109375,0.953125,1.484375,0.0
182,34,-0.9052734375,-0.40625,-0.46875,0.0
183,35,2.1611328125,0.671875,-0.484375,1.0
184,35,1.619140625,-0.90625,0.015625,1.0
185,35,1.02734375,0.796875,-0.625,1.0
186,35,3.796875,1.78125,-0.09375,0.0
187,35,0.8818359375,0.03125,0.140625,1.0
188,35,-0.2900390625,-0.71875,1.328125,1.0
189,35,0.9580078125,-0.1875,1.890625,1.0
190,36,0.388671875,-0.84375,-0.484375,0.0
191,36,-0.439453125,0.328125,1.640625,1.0
192,36,0.154296875,0.671875,0.421875,0.0
193,36,-0.595703125,-0.09375,0.734375,1.0
194,36,-0.716796875,-0.890625,-0.703125,0.0
195,36,1.18359375,-1.453125,0.25,0.0
196,36,0.7548828125,0.3125,-0.671875,0.0
197,36,-0.3623046875,0.03125,-0.421875,1.0
198,37,-0.3916015625,0.03125,0.40625,1.0
199,37,-0.46484375,-0.6875,0.84375,1.0
200,37,-1.73828125,-0.71875,0.9375,0.0
201,38,2.1591796875,0.25,0.28125,0.0
202,38,3.1669921875,0.625,-0.109375,1.0
203,38,-2.3271484375,-0.8125,-0.21875,0.0
204,38,1.6728515625,0.5625,-1.328125,0.0
205,39,-1.55078125,0.0625,0.65625,0.0
206,39,0.7236328125,1.59375,1.65625,0.0
207,39,-1.0693359375,0.34375,0.390625,0.0
208,39,-1.2060546875,-0.28125,0.796875,0.0
209,39,1.064453125,1.046875,0.5625,1.0
210,40,0.54296875,-0.15625,-0.875,0.0
211,40,-0.93359375,-2.28125,-1.640625,0.0
212,40,1.69140625,0.828125,0.078125,1.0
213,40,0.4814453125,-0.171875,-0.6875,1.0
214,40,-1.42578125,0.046875,1.15625,0.0
215,40,0.2099609375,-0.78125,0.09375,0.0
216,41,-0.78125,-1.671875,0.453125,0.0
217,41,-0.28125,1.390625,0.125,0.0
218,41,0.345703125,-0.78125,0.78125,0.0
219,41,0.259765625,-0.078125,-0.671875,1.0
220,41,-0.1494140625,0.9375,-0.296875,0.0
221,41,-0.638671875,-1.140625,-1.0,1.0
222,41,1.7041015625,1.484375,0.265625,0.0
223,42,0.4482421875,0.71875,-0.875,0.0
224,42,1.138671875,1.875,-0.796875,0.0
225,42,-0.564453125,0.3125,1.046875,0.0
226,42,1.03515625,0.21875,0.765625,0.0
227,42,1.4814453125,2.21875,0.859375,0.0
228,42,3.388671875,2.234375,-3.15625,1.0
229,42,2.080078125,0.875,-2.640625,0.0
230,42,2.0927734375,-1.03125,-1.8125,1.0
231,43,0.2021484375,0.625,0.171875,0.0
232,43,-0.375,-0.953125,0.265625,0.0
233,43,1.8232421875,1.046875,0.53125,0.0
234,44,-0.1787109375,0.171875,0.5625,1.0
235,44,2.41796875,0.65625,-0.15625,0.0
236,44,0.6796875,-0.265625,0.171875,0.0
237,44,1.08203125,1.546875,2.1875,1.0
238,45,-3.5107421875,-1.0625,1.421875,0.0
239,45,0.3837890625,0.375,0.5625,1.0
240,45,-0.2978515625,-0.65625,-0.6875,1.0
241,45,0.7900390625,-0.09375,-0.625,1.0
242,45,0.8017578125,0.46875,-0.125,1.0
243,46,1.0146484375,0.15625,0.125,0.0
244,46,-0.5986328125,-1.640625,-0.09375,0.0
245,46,-0.2490234375,-0.84375,1.484375,1.0
246,46,2.1474609375,1.5,-0.09375,1.0
247,46,-1.275390625,-0.703125,-0.59375,0.0
248,46,1.73828125,1.234375,0.53125,1.0
249,47,2.05078125,2.296875,-0.609375,1.0
250,47,0.7177734375,0.25,0.296875,0.0
251,47,-1.251953125,-0.609375,1.125,0.0
252,47,-0.4140625,-0.296875,-0.984375,0.0
253,47,0.1640625,-1.03125,-1.90625,1.0
254,47,-0.359375,-0.28125,-0.4375,0.0
255,47,0.18359375,0.9375,-1.140625,0.0
256,48,1.189453125,-0.15625,-0.359375,1.0
257,48,-0.6162109375,-1.484375,-0.46875,0.0
258,48,-1.0087890625,0.640625,0.21875,0.0
259,48,0.42578125,-0.1875,-0.0625,1.0
260,48,2.380859375,2.125,-0.71875,1.0
261,48,-0.3291015625,-0.5625,-0.46875,0.0
262,48,0.59765625,-0.125,-0.109375,1.0
263,48,1.5478515625,1.234375,-0.234375,0.0
264,49,-3.7509765625,-0.671875,-0.109375,0.0
265,49,1.0517578125,0.171875,1.078125,0.0
266,49,1.9619140625,0.46875,-0.640625,1.0
267,50,3.71484375,1.65625,-1.328125,1.0
268,50,0.4462890625,1.265625,-0.046875,0.0
269,50,-2.3896484375,0.203125,0.703125,0.0
270,50,-0.5712890625,-0.71875,-0.46875,1.0
271,51,-0.8720703125,-0.484375,1.53125,1.0
272,51,2.154296875,0.09375,0.234375,1.0
273,51,-1.03515625,0.09375,1.078125,0.0
274,51,-0.6591796875,-0.328125,-0.28125,0.0
275,51,1.3193359375,0.25,0.46875,1.0
276,52,-1.5380859375,1.171875,-0.4375,0.0
277,52,1.0673828125,-0.84375,-0.6875,0.0
278,52,2.08203125,0.234375,0.515625,0.0
279,52,0.3232421875,-1.03125,-1.390625,0.0
280,52,-0.478515625,-1.03125,-0.171875,0.0
281,52,-0.3828125,-0.28125,0.71875,1.0
282,53,-1.369140625,-1.765625,0.53125,0.0
283,53,-3.06640625,-1.921875,1.3125,0.0
284,53,-1.3505859375,-0.640625,-1.625,0.0
285,53,-0.419921875,-0.78125,-1.5,0.0
286,53,0.80078125,0.765625,-0.65625,0.0
287,53,-1.9248046875,-0.984375,-0.25,1.0
288,53,-0.939453125,-0.296875,0.390625,1.0
289,54,-0.1103515625,-0.59375,0.046875,1.0
290,54,0.1796875,1.203125,1.640625,0.0
291,54,0.224609375,0.96875,0.734375,0.0
292,54,-1.4580078125,-0.484375,0.703125,0.0
293,54,-0.9638671875,-1.578125,0.4375,0.0
294,54,-0.3837890625,-0.15625,0.375,1.0
295,54,0.8408203125,0.359375,0.40625,1.0
296,54,-0.1845703125,-0.625,0.140625,0.0
297,55,-1.525390625,-0.875,0.765625,1.0
298,55,1.5869140625,-0.4375,-1.328125,1.0
299,55,0.234375,0.875,-0.671875,0.0
300,56,-0.1611328125,-0.40625,0.703125,0.0
301,56,0.337890625,-0.34375,1.0625,0.0
302,56,-2.158203125,0.109375,-0.65625,0.0
303,56,-0.228515625,-0.078125,0.609375,0.0
304,57,0.1279296875,-0.390625,-0.875,0.0
305,57,-3.125,-0.328125,1.828125,0.0
306,57,0.6220703125,-0.09375,0.8125,1.0
307,57,-1.208984375,-1.75,-1.140625,0.0
308,57,0.3203125,0.84375,1.21875,0.0
309,58,0.4716796875,-0.71875,-0.421875,1.0
310,58,-0.380859375,-0.3125,-1.21875,1.0
311,58,-0.8857421875,0.515625,0.3125,0.0
312,58,2.603515625,0.015625,-1.390625,1.0
313,58,-0.0419921875,0.515625,-0.90625,0.0
314,58,-1.599609375,-1.921875,0.84375,1.0
315,59,0.779296875,0.296875,0.625,0.0
316,59,0.072265625,0.59375,-1.015625,0.0
317,59,2.1591796875,-0.34375,-0.6875,0.0
318,59,-0.283203125,-1.75,1.09375,1.0
319,59,2.29296875,0.9375,-0.265625,1.0
320,59,-1.2421875,-0.96875,-0.28125,0.0
321,59,-2.6357421875,-2.109375,-0.09375,0.0
322,60,0.267578125,-0.890625,-0.078125,0.0
323,60,0.86328125,0.390625,0.09375,0.0
324,60,0.6162109375,0.375,-0.984375,1.0
325,60,-0.771484375,-0.0625,-0.96875,0.0
326,60,-2.1279296875,0.515625,0.84375,0.0
327,60,1.1494140625,1.109375,-0.515625,1.0
328,60,1.8828125,0.5625,-0.09375,1.0
329,60,-1.56640625,-1.5,0.90625,0.0
330,61,-0.0166015625,0.109375,0.890625,0.0
331,61,0.494140625,1.03125,-0.65625,0.0
332,61,0.609375,0.703125,-0.421875,0.0
333,62,2.6474609375,0.4375,-1.171875,0.0
334,62,1.6171875,0.296875,-1.234375,0.0
335,62,1.0078125,-0.3125,0.84375,0.0
336,62,1.669921875,-0.765625,-1.625,1.0
337,63,0.435546875,-0.109375,1.0625,0.0
338,63,0.8642578125,1.9375,1.34375,0.0
339,63,-0.1259765625,1.296875,0.71875,0.0
340,63,-0.1318359375,0.921875,-0.40625,1.0
341,63,0.0322265625,0.734375,0.359375,0.0
342,64,1.6162109375,-0.90625,-1.078125,0.0
343,64,2.5283203125,2.34375,0.421875,0.0
344,64,1.396484375,1.296875,-0.34375,0.0
345,64,-1.2841796875,0.171875,0.640625,0.0
346,64,-0.63671875,-0.796875,0.1875,1.0
347,64,-0.578125,1.28125,0.765625,0.0
348,65,-0.755859375,-1.875,0.171875,0.0
349,65,-2.1962890625,-0.140625,-1.28125,0.0
350,65,1.373046875,1.0,-1.5625,0.0
351,65,1.8154296875,0.59375,0.078125,0.0
352,65,2.1962890625,1.078125,-0.296875,0.0
353,65,-3.529296875,-2.5625,0.1875,0.0
354,65,1.140625,0.546875,-0.21875,1.0
355,66,0.947265625,0.046875,-0.078125,0.0
356,66,-1.748046875,-2.1875,0.5625,1.0
357,66,0.5419921875,0.203125,0.859375,0.0
358,66,1.0400390625,0.640625,-0.015625,0.0
359,66,0.2841796875,-0.40625,0.78125,0.0
360,66,3.1630859375,0.890625,-0.09375,0.0
361,66,0.5439453125,0.484375,0.9375,0.0
362,66,0.060546875,0.09375,0.21875,0.0
363,67,-2.6494140625,-0.796875,0.453125,0.0
364,67,-4.51953125,-1.609375,0.171875,0.0
365,67,-0.9697265625,-1.25,-0.40625,0.0
366,68,0.4423828125,0.234375,-2.15625,1.0
367,68,0.9140625,-0.296875,-1.078125,1.0
368,68,2.3740234375,0.734375,-0.1875,1.0
369,68,-1.8818359375,-1.578125,0.796875,1.0
370,69,1.6396484375,0.359375,-2.078125,1.0
371,69,0.3359375,0.390625,0.0625,0.0
372,69,0.7939453125,-1.046875,-1.125,1.0
373,69,1.37890625,0.125,-0.46875,1.0
374,69,0.416015625,1.8125,0.46875,0.0
375,70,-0.1328125,-0.625,-0.0625,1.0
376,70,-1.3486328125,-0.25,1.53125,0.0
377,70,0.9140625,0.796875,-1.328125,0.0
378,70,1.98046875,1.421875,-0.03125,0.0
379,70,1.453125,-0.125,-1.640625,1.0
380,70,-1.544921875,-0.28125,1.1875,0.0
381,71,3.0361328125,0.375,-0.453125,0.0
382,71,-0.7138671875,0.109375,1.28125,0.0
383,71,3.1435546875,-0.359375,-1.109375,1.0
384,71,1.30859375,0.421875,0.796875,1.0
385,71,-0.0810546875,0.171875,0.3125,1.0
386,71,0.52734375,0.625,0.0,0.0
387,71,1.0859375,-0.171875,0.3125,1.0
388,72,-0.0673828125,-0.5625,-0.09375,0.0
389,72,1.4580078125,0.203125,-0.34375,0.0
390,72,-0.1875,0.90625,2.421875,0.0
391,72,-0.7822265625,1.15625,1.1875,0.0
392,72,-0.15234375,0.796875,-1.65625,0.0
393,72,-0.392578125,-1.34375,-0.953125,0.0
394,72,1.796875,0.890625,-0.359375,0.0
395,72,0.6015625,0.4375,-0.3125,1.0
396,73,0.0966796875,-0.046875,0.15625,1.0
397,73,-2.5390625,-0.734375,0.234375,1.0
398,73,0.6533203125,0.015625,0.40625,0.0
399,74,-0.7724609375,-0.75,-0.953125,0.0
400,74,0.8359375,-0.078125,-0.5,0.0
401,74,0.66015625,0.28125,-1.125,1.0
402,74,2.4736328125,-0.328125,-0.765625,1.0
403,75,2.0,1.9375,0.125,0.0
404,75,-0.03515625,-0.5625,-1.046875,0.0
405,75,-0.69140625,-0.421875,-0.453125,0.0
406,75,-0.7353515625,-0.265625,0.859375,0.0
407,75,1.2021484375,1.296875,1.671875,0.0
408,76,-0.2099609375,1.109375,0.921875,0.0
409,76,-1.7724609375,-1.4375,-0.265625,0.0
410,76,-0.2607421875,-1.265625,-0.484375,1.0
411,76,1.0634765625,0.859375,-0.71875,0.0
412,76,-1.916015625,0.640625,0.390625,0.0
413,76,1.0263671875,1.828125,1.5,0.0
414,77,-0.1962890625,0.828125,1.796875,0.0
415,77,-0.646484375,-1.46875,1.703125,0.0
416,77,0.6318359375,-0.4375,-0.25,1.0
417,77,1.421875,0.546875,-1.6875,1.0
418,77,1.3583984375,-0.296875,0.484375,0.0
419,77,0.7470703125,1.171875,0.578125,0.0
420,77,-0.6865234375,-0.734375,1.34375,0.0
421,78,1.3349609375,2.140625,-0.9375,1.0
422,78,-2.1748046875,-1.234375,0.8125,1.0
423,78,-2.1162109375,-1.53125,0.53125,0.0
424,78,0.712890625,1.140625,0.3125,0.0
425,78,1.798828125,0.484375,-0.25,0.0
426,78,-1.51171875,0.078125,-0.046875,1.0
427,78,-0.2392578125,0.046875,-1.171875,0.0
428,78,3.0556640625,1.828125,-0.421875,1.0
429,79,-0.7421875,-0.8125,1.421875,1.0
430,79,-2.23046875,-0.796875,1.515625,0.0
431,79,-0.931640625,-0.859375,-0.203125,1.0
432,80,1.7861328125,-0.609375,1.28125,0.0
433,80,2.1943359375,0.90625,-0.25,1.0
434,80,2.3515625,0.890625,1.625,0.0
435,80,2.494140625,1.203125,1.8125,0.0
436,81,0.427734375,0.078125,0.46875,1.0
437,81,-0.1572265625,-0.734375,-1.015625,0.0
438,81,1.11328125,0.078125,-1.328125,0.0
439,81,-0.212890625,-0.609375,-1.21875,1.0
440,81,1.28515625,3.625,0.046875,1.0
441,82,-0.5048828125,-0.90625,-0.875,0.0
442,82,2.359375,0.5625,-1.84375,0.0
443,82,2.7099609375,0.734375,-1.75,0.0
444,82,-0.9052734375,-0.015625,0.953125,1.0
445,82,0.095703125,0.078125,-2.0625,1.0
446,82,0.185546875,-1.359375,-1.578125,0.0
447,83,0.2861328125,-2.015625,0.578125,1.0
448,83,1.037109375,0.578125,0.625,1.0
449,83,-0.3486328125,-0.375,0.6875,1.0
450,83,1.7236328125,-0.296875,0.59375,1.0
451,83,0.2490234375,1.421875,-0.828125,0.0
452,83,1.533203125,0.1875,-1.15625,1.0
453,83,1.9609375,2.328125,-0.09375,1.0
454,84,1.224609375,1.375,0.484375,0.0
455,84,0.2451171875,-0.96875,1.34375,0.0
456,84,-2.21484375,-0.546875,1.265625,1.0
457,84,0.3935546875,-0.296875,0.25,1.0
458,84,-0.1142578125,-0.890625,-0.328125,1.0
459,84,1.6181640625,-0.125,0.265625,0.0
460,84,0.1708984375,0.859375,0.359375,0.0
461,84,0.388671875,-0.25,1.640625,1.0
462,85,-1.4375,-1.5,0.203125,1.0
463,85,0.6787109375,-0.015625,-0.8125,0.0
464,85,3.1650390625,0.84375,-1.828125,1.0
465,86,-0.576171875,-0.734375,-1.296875,0.0
466,86,-2.3046875,-1.03125,-0.21875,0.0
467,86,-1.921875,-1.53125,1.4375,1.0
468,86,-2.9462890625,-1.234375,0.765625,0.0
469,87,-1.9287109375,-1.046875,1.296875,0.0
470,87,-1.03515625,1.671875,1.953125,1.0
471,87,0.8515625,-0.859375,-0.265625,1.0
472,87,-0.9765625,0.640625,1.65625,0.0
473,87,0.1015625,-0.390625,0.390625,0.0
474,88,3.1796875,1.859375,-1.046875,0.0
475,88,1.8828125,0.421875,-1.125,1.0
476,88,0.6015625,1.015625,1.40625,0.0
477,88,1.3583984375,0.296875,0.5,1.0
478,88,1.6083984375,0.46875,-0.984375,0.0
479,88,1.662109375,0.21875,-0.828125,0.0
480,89,-0.40625,-0.28125,0.15625,0.0
481,89,-0.0703125,1.59375,0.53125,0.0
482,89,1.287109375,-0.578125,0.71875,0.0
483,89,-0.3798828125,-0.4375,1.25,0.0
484,89,-1.298828125,-0.625,-0.171875,0.0
485,89,0.802734375,-0.265625,0.25,0.0
486,89,0.111328125,0.796875,0.53125,1.0
487,90,-1.8193359375,-0.9375,0.671875,1.0
488,90,2.208984375,1.15625,-1.625,0.0
489,90,1.2666015625,0.640625,0.9375,0.0
490,90,1.5869140625,1.734375,-0.40625,0.0
491,90,0.6806640625,0.078125,-0.265625,1.0
492,90,0.232421875,-0.25,0.34375,0.0
493,90,2.267578125,0.515625,0.140625,1.0
494,90,1.9892578125,0.703125,-0.5,0.0
495,91,-0.109375,-1.609375,-1.8125,0.0
496,91,0.541015625,-0.390625,0.28125,1.0
497,91,-0.734375,1.75,2.078125,0.0
498,92,-1.404296875,-0.5,0.125,1.0
499,92,-0.578125,-0.921875,1.390625,0.0
500,92,3.767578125,0.25,-1.578125,1.0
501,92,-0.7158203125,-0.03125,1.703125,1.0
502,93,0.8837890625,0.28125,-0.09375,0.0
503,93,0.7373046875,0.71875,-0.0625,1.0
504,93,-1.447265625,-0.46875,1.0625,1.0
505,93,1.75390625,1.09375,-2.625,0.0
506,93,0.517578125,-0.140625,0.015625,0.0
507,94,-2.4873046875,-2.59375,1.640625,0.0
508,94,0.453125,0.921875,0.375,0.0
509,94,-0.1259765625,-0.75,2.265625,1.0
510,94,0.20703125,-0.03125,-1.453125,0.0
511,94,-3.638671875,-0.296875,2.0,1.0
512,94,0.4755859375,0.703125,0.65625,0.0
513,95,-0.6669921875,-0.5,0.78125,1.0
514,95,-0.4150390625,0.03125,0.046875,1.0
515,95,0.9267578125,0.671875,1.0625,0.0
516,95,-1.013671875,-0.21875,1.65625,0.0
517,95,2.3037109375,0.8125,-0.21875,1.0
518,95,-0.0634765625,0.875,-1.0625,1.0
519,95,1.0244140625,1.078125,-0.21875,0.0
520,96,-1.404296875,-1.84375,-0.09375,0.0
521,96,1.3798828125,3.125,0.34375,1.0
522,96,-0.1064453125,0.515625,-1.34375,1.0
523,96,1.1708984375,1.640625,0.765625,0.0
524,96,0.4267578125,0.265625,-1.109375,0.0
525,96,0.220703125,0.953125,-0.5625,0.0
526,96,2.0595703125,0.515625,-1.375,1.0
527,96,-0.7431640625,-1.53125,-1.90625,0.0
528,97,-0.033203125,-0.828125,0.140625,0.0
529,97,-0.5078125,0.109375,-0.96875,0.0
530,97,2.525390625,-0.015625,-0.09375,0.0
531,98,-1.654296875,-0.84375,0.65625,0.0
532,98,-1.9287109375,-0.5,0.296875,0.0
533,98,-1.7490234375,1.765625,0.296875,1.0
534,98,-1.982421875,-0.765625,1.6875,1.0
535,99,1.2568359375,-0.5,0.28125,1.0
536,99,0.244140625,1.125,0.328125,0.0
537,99,-0.5205078125,-0.5,0.859375,0.0
538,99,2.3056640625,1.03125,-0.0625,1.0
539,99,-0.431640625,-0.015625,1.015625,1.0
540,100,-2.05078125,-1.203125,2.046875,1.0
541,100,-0.595703125,-0.28125,-0.515625,0.0
542,100,-1.345703125,-0.765625,1.234375,1.0
543,100,0.8818359375,-0.40625,0.296875,0.0
544,100,0.0107421875,-1.75,-0.625,0.0
545,100,0.119140625,-0.140625,0.578125,1.0
546,101,0.4453125,-1.40625,-0.9375,0.0
547,101,0.849609375,-0.109375,2.34375,0.0
548,101,0.12109375,0.765625,0.078125,0.0
549,101,0.625,0.328125,0.3125,0.0
550,101,-2.484375,-1.515625,-0.265625,1.0
551,101,0.9208984375,0.34375,-1.140625,0.0
552,101,1.3232421875,0.96875,0.625,0.0
553,102,1.3974609375,1.0625,-0.390625,0.0
554,102,0.8896484375,-0.3125,-0.796875,0.0
555,102,-0.97265625,0.09375,-1.03125,0.0
556,102,0.890625,-0.09375,-1.796875,0.0
557,102,1.3291015625,1.0625,1.765625,0.0
558,102,-1.2265625,-2.21875,-0.984375,0.0
559,102,-0.8115234375,0.078125,0.6875,1.0
560,102,0.4990234375,-0.265625,0.453125,1.0
561,103,3.513671875,2.21875,-1.953125,0.0
562,103,0.556640625,-0.1875,0.171875,0.0
563,103,0.2236328125,1.359375,-0.609375,1.0
564,104,0.427734375,0.15625,-0.453125,1.0
565,104,0.296875,0.625,0.21875,0.0
566,104,0.4619140625,-0.609375,-2.359375,0.0
567,104,-0.0087890625,0.703125,-0.265625,0.0
568,105,0.302734375,-0.484375,-1.28125,0.0
569,105,0.8798828125,-0.15625,-1.65625,1.0
570,105,-1.6982421875,-1.421875,-0.015625,1.0
571,105,0.546875,0.421875,-2.109375,1.0
572,105,1.244140625,-0.90625,-0.96875,0.0
573,106,-3.0341796875,-0.953125,2.53125,0.0
574,106,2.4970703125,0.796875,-0.84375,1.0
575,106,-0.6865234375,0.5625,-0.828125,0.0
576,106,-1.4228515625,0.890625,-0.421875,0.0
577,106,0.7431640625,-0.140625,-1.40625,1.0
578,106,-0.5517578125,0.078125,-1.171875,0.0
579,107,0.8046875,0.546875,-1.609375,0.0
580,107,-0.08203125,1.59375,0.953125,0.0
581,107,-0.8544921875,-1.59375,-2.140625,0.0
582,107,-2.798828125,-0.671875,-0.5625,0.0
583,107,-2.1787109375,-1.4375,-0.171875,0.0
584,107,-0.3359375,-1.328125,-1.75,1.0
585,107,-1.5146484375,-0.671875,-0.5,0.0
586,108,-0.13671875,0.34375,-0.171875,0.0
587,108,1.7392578125,0.28125,-0.4375,0.0
588,108,1.2041015625,0.328125,-1.546875,1.0
589,108,-0.9052734375,-0.84375,0.796875,0.0
590,108,-2.12890625,-0.890625,-0.5625,0.0
591,108,-1.4619140625,-1.625,-0.265625,0.0
592,108,-1.365234375,-1.28125,-1.828125,1.0
593,108,3.109375,1.359375,-2.359375,1.0
594,109,0.31640625,0.1875,-0.78125,0.0
595,109,2.375,0.640625,0.390625,1.0
596,109,-1.228515625,-0.6875,0.234375,1.0
597,110,1.130859375,1.3125,-0.8125,0.0
598,110,-0.29296875,-0.9375,-0.734375,1.0
599,110,0.177734375,0.15625,-0.25,1.0
600,110,-2.240234375,-1.15625,0.03125,0.0
601,111,0.5166015625,0.171875,0.640625,0.0
602,111,0.326171875,0.390625,-0.421875,0.0
603,111,-0.3251953125,-0.921875,-1.9375,1.0
604,111,-0.5,0.203125,-0.46875,0.0
605,111,2.1630859375,0.671875,-0.828125,1.0
606,112,-1.6845703125,-1.859375,-1.3125,0.0
607,112,-0.203125,0.703125,1.515625,1.0
608,112,0.9189453125,-0.921875,-2.5625,0.0
609,112,-1.2958984375,0.5625,-0.515625,0.0
610,112,-2.779296875,-0.90625,0.8125,0.0
611,112,-1.01953125,0.875,-0.40625,0.0
612,113,2.572265625,-0.953125,-1.390625,0.0
613,113,-0.10546875,-1.96875,0.140625,1.0
614,113,-2.0966796875,-0.296875,0.484375,0.0
615,113,-0.0166015625,2.078125,0.96875,0.0
616,113,3.3251953125,1.09375,0.78125,0.0
617,113,0.3837890625,-1.359375,1.6875,1.0
618,113,1.51171875,-1.46875,-1.28125,0.0
619,114,0.453125,0.46875,-2.015625,0.0
620,114,1.46875,0.53125,1.25,0.0
621,114,-0.3271484375,-1.90625,0.28125,0.0
622,114,1.4404296875,1.359375,0.0625,0.0
623,114,0.5078125,-1.5,-0.421875,0.0
624,114,-0.7783203125,-0.671875,-1.796875,1.0
625,114,0.72265625,-0.578125,-1.171875,1.0
626,114,0.6787109375,0.09375,-2.046875,0.0
627,115,-0.837890625,0.140625,1.21875,0.0
628,115,1.7001953125,0.265625,0.0625,1.0
629,115,-1.423828125,0.234375,0.9375,0.0
630,116,0.5751953125,-0.25,-1.125,1.0
631,116,0.080078125,0.078125,0.65625,0.0
632,116,-0.7333984375,-0.671875,-2.140625,0.0
633,116,0.3359375,1.828125,0.34375,0.0
634,117,-2.0244140625,-0.875,0.984375,0.0
635,117,-1.2197265625,1.25,1.1875,0.0
636,117,0.955078125,0.75,0.671875,0.0
637,117,0.8056640625,-0.171875,-0.296875,1.0
638,117,1.3203125,0.171875,0.109375,1.0
639,118,-0.55078125,-0.609375,-0.09375,0.0
640,118,-2.3662109375,-0.90625,0.21875,0.0
641,118,0.640625,0.296875,0.640625,1.0
642,118,0.736328125,1.8125,-0.296875,0.0
643,118,1.7578125,0.109375,-1.640625,1.0
644,118,0.1708984375,0.953125,-0.953125,0.0
645,119,3.2216796875,1.28125,-0.390625,0.0
646,119,-1.1533203125,-0.59375,1.234375,0.0
647,119,1.283203125,0.25,-1.515625,1.0
648,119,-0.978515625,0.078125,0.46875,0.0
649,119,-0.1875,-1.140625,0.171875,0.0
650,119,2.1630859375,0.515625,0.078125,1.0
651,119,0.3974609375,-0.359375,0.390625,1.0
652,120,-1.708984375,-0.8125,1.59375,0.0
653,120,0.98046875,-0.078125,0.09375,0.0
654,120,0.40234375,1.140625,1.40625,0.0
655,120,1.3095703125,1.125,-0.765625,1.0
656,120,1.439453125,0.203125,0.984375,0.0
657,120,-0.248046875,-0.59375,0.640625,1.0
658,120,0.0419921875,0.296875,-0.171875,0.0
659,120,0.7177734375,1.03125,0.125,0.0
660,121,1.02734375,-0.484375,-2.03125,1.0
661,121,1.5849609375,0.6875,0.890625,0.0
662,121,-1.6923828125,-1.828125,1.21875,1.0
663,122,1.0205078125,-0.40625,1.875,0.0
664,122,2.5595703125,1.015625,-0.328125,1.0
665,122,0.6142578125,0.640625,1.40625,1.0
666,122,0.4658203125,0.890625,1.15625,0.0
667,123,-0.8564453125,-0.625,-1.25,1.0
668,123,-0.453125,-0.265625,-0.53125,0.0
669,123,-0.404296875,0.265625,0.5,0.0
670,123,0.12890625,1.5,-0.671875,0.0
671,123,-0.5478515625,0.09375,0.28125,0.0
672,124,-1.453125,-1.515625,0.53125,1.0
673,124,-1.603515625,-0.828125,-0.546875,0.0
674,124,0.8203125,-1.453125,-2.171875,0.0
675,124,1.0537109375,1.0,0.078125,1.0
676,124,0.6865234375,-0.390625,-0.6875,0.0
677,124,0.5341796875,1.234375,-0.578125,0.0
678,125,2.279296875,1.25,0.734375,0.0
679,125,0.3291015625,0.0,0.921875,0.0
680,125,2.4580078125,0.78125,0.203125,0.0
681,125,2.3017578125,2.546875,1.828125,0.0
682,125,-0.0302734375,-0.921875,-0.171875,1.0
683,125,0.4501953125,0.109375,1.328125,1.0
684,125,3.78125,2.40625,-1.125,0.0
685,126,0.0234375,0.328125,-0.5,0.0
686,126,-0.9892578125,-1.609375,-0.5,0.0
687,126,-0.56640625,-0.90625,-0.875,1.0
688,126,-0.07421875,0.875,-0.828125,0.0
689,126,0.783203125,0.75,-0.8125,1.0
690,126,-1.646484375,-0.09375,0.421875,1.0
691,126,0.494140625,0.1875,-0.203125,0.0
692,126,0.6318359375,0.671875,-0.078125,0.0
693,127,1.00390625,0.046875,0.5,0.0
694,127,0.8671875,2.71875,0.609375,0.0
695,127,0.9521484375,-0.640625,0.5,0.0
696,128,0.865234375,0.5625,0.203125,1.0
697,128,1.6259765625,1.265625,-0.46875,1.0
698,128,0.587890625,-0.140625,0.96875,0.0
699,128,-0.482421875,1.875,2.0,0.0
700,129,0.7099609375,0.984375,0.484375,1.0
701,129,0.541015625,-0.453125,-0.84375,1.0
702,129,0.212890625,0.296875,0.046875,0.0
703,129,0.5029296875,0.921875,0.515625,0.0
704,129,0.3603515625,-0.3125,-1.546875,0.0
705,130,2.056640625,0.203125,0.375,1.0
706,130,-0.4326171875,0.828125,2.0625,0.0
707,130,2.66796875,1.8125,1.640625,1.0
708,130,0.017578125,0.671875,-0.140625,1.0
709,130,-0.3466796875,0.65625,1.109375,0.0
710,130,-0.5439453125,-0.390625,0.1875,0.0
711,131,2.8291015625,1.015625,-0.59375,0.0
712,131,2.84765625,0.609375,-1.359375,1.0
713,131,0.328125,0.640625,0.921875,0.0
714,131,0.1826171875,1.203125,0.5625,0.0
715,131,1.0068359375,1.6875,-0.09375,0.0
716,131,3.099609375,2.328125,-1.921875,1.0
717,131,2.6640625,0.015625,-1.921875,0.0
718,132,1.2646484375,-1.03125,-1.453125,0.0
719,132,-1.3857421875,-0.78125,0.4375,1.0
720,132,0.4580078125,-0.8125,-1.734375,0.0
721,132,-1.064453125,-1.375,0.8125,1.0
722,132,0.5205078125,2.203125,-0.03125,0.0
723,132,0.53515625,1.125,2.28125,0.0
724,132,3.7763671875,2.234375,-0.296875,1.0
725,132,1.509765625,0.5,-0.0625,0.0
726,133,1.9208984375,0.6875,-3.140625,0.0
727,133,1.712890625,0.34375,-2.296875,0.0
728,133,0.4697265625,-0.078125,-0.734375,1.0
729,134,-0.4443359375,0.015625,-1.5625,0.0
730,134,-3.072265625,-1.1875,1.71875,1.0
731,134,-1.8994140625,-0.015625,0.359375,0.0
732,134,-0.8212890625,0.375,-1.921875,1.0
733,135,1.66015625,-0.203125,-1.125,0.0
734,135,-0.83203125,-0.5,0.765625,0.0
735,135,-0.62109375,-0.921875,0.671875,0.0
736,135,1.6171875,1.203125,0.453125,0.0
737,135,1.2412109375,0.234375,-0.984375,1.0
738,136,0.6845703125,0.15625,-0.03125,1.0
739,136,-0.8486328125,0.09375,0.484375,1.0
740,136,-1.03125,-0.265625,-1.34375,0.0
741,136,0.50390625,0.453125,0.140625,0.0
742,136,-3.7470703125,-3.28125,-2.0,0.0
743,136,-1.115234375,-0.3125,0.484375,1.0
744,137,-0.9453125,-1.71875,0.375,0.0
745,137,-0.353515625,-0.234375,-1.421875,0.0
746,137,-0.47265625,0.3125,-0.796875,0.0
747,137,-0.0908203125,-0.875,-0.546875,0.0
748,137,-0.396484375,-0.828125,-0.578125,0.0
749,137,-1.2265625,0.5625,-1.296875,1.0
750,137,1.6328125,-1.0,-2.53125,0.0
751,138,0.3115234375,1.03125,1.359375,1.0
752,138,0.28515625,-0.84375,0.953125,1.0
753,138,-1.3359375,-1.40625,-0.421875,1.0
754,138,0.880859375,1.53125,-0.21875,0.0
755,138,-0.525390625,-0.71875,0.203125,0.0
756,138,-1.3720703125,0.015625,-0.1875,1.0
757,138,-1.5751953125,-0.546875,1.359375,1.0
758,138,0.6044921875,-0.203125,-0.375,0.0
759,139,-1.244140625,-0.46875,0.25,1.0
760,139,-0.0048828125,0.46875,-0.21875,0.0
761,139,-1.3369140625,-1.34375,0.578125,0.0
762,140,-0.9580078125,0.734375,-0.390625,0.0
763,140,-0.3330078125,0.203125,-1.796875,1.0
764,140,-0.77734375,1.90625,-0.578125,0.0
765,140,-1.1240234375,0.734375,-1.859375,0.0
766,141,0.880859375,0.015625,-0.6875,1.0
767,141,-0.87890625,0.0625,0.625,1.0
768,141,1.3056640625,0.875,-0.140625,0.0
769,141,0.619140625,1.359375,1.578125,0.0
770,141,-0.5126953125,-0.140625,0.875,1.0
771,142,1.318359375,1.0625,-1.109375,0.0
772,142,1.583984375,2.609375,-1.53125,1.0
773,142,0.7255859375,0.6875,-1.40625,1.0
774,142,-0.9443359375,-0.5,0.625,1.0
775,142,-0.5849609375,-1.90625,-1.328125,1.0
776,142,-0.4169921875,1.375,-0.578125,0.0
777,143,0.1181640625,-0.546875,-0.59375,1.0
778,143,0.6923828125,1.078125,-0.171875,1.0
779,143,-0.9560546875,-0.28125,0.0625,0.0
780,143,-0.720703125,-0.140625,0.6875,0.0
781,143,-2.23046875,-0.015625,0.03125,0.0
782,143,-0.451171875,-0.53125,-1.390625,0.0
783,143,-1.64453125,-1.640625,1.203125,1.0
784,144,0.6005859375,0.46875,-0.78125,0.0
785,144,-1.7255859375,-1.625,-2.125,1.0
786,144,-1.1376953125,1.265625,1.203125,1.0
787,144,-2.4287109375,-2.28125,0.734375,0.0
788,144,0.162109375,-0.28125,-0.296875,1.0
789,144,0.4375,0.6875,-0.21875,0.0
790,144,0.2216796875,-0.46875,0.40625,1.0
791,144,1.412109375,0.296875,-1.421875,0.0
792,145,-0.1357421875,-0.234375,0.578125,1.0
793,145,-0.654296875,-0.515625,-0.125,1.0
794,145,-1.154296875,-0.0625,1.671875,0.0
795,146,-0.068359375,0.609375,2.0,0.0
796,146,0.419921875,-0.53125,1.015625,0.0
797,146,-1.0400390625,-0.984375,2.296875,1.0
798,146,1.9638671875,1.015625,-0.078125,1.0
799,147,0.8505859375,0.125,0.109375,1.0
800,147,-0.599609375,1.5625,-0.03125,0.0
801,147,0.384765625,0.109375,-0.328125,0.0
802,147,1.1484375,0.171875,0.5,0.0
803,147,1.763671875,0.609375,-0.796875,0.0
804,148,1.2783203125,0.640625,-1.140625,0.0
805,148,-0.23046875,0.625,0.703125,1.0
806,148,-1.36328125,-0.46875,-1.0625,0.0
807,148,-1.3935546875,0.015625,-0.4375,0.0
808,148,-0.45703125,0.6875,-0.578125,0.0
809,148,1.7470703125,1.234375,-1.09375,0.0
810,149,-0.3515625,-0.765625,0.3125,0.0
811,149,-0.03515625,-0.390625,1.015625,0.0
812,149,0.37890625,1.140625,0.171875,0.0
813,149,-0.884765625,-0.296875,2.09375,0.0
814,149,1.943359375,0.28125,-1.625,1.0
815,149,-0.224609375,-0.5625,-0.375,0.0
816,149,1.0703125,0.9375,0.0625,1.0
817,150,-0.9794921875,-0.203125,1.140625,1.0
818,150,0.822265625,0.03125,-0.609375,1.0
819,150,0.8564453125,0.5625,-0.359375,1.0
820,150,0.1279296875,-1.125,0.921875,0.0
821,150,-0.185546875,0.90625,0.609375,1.0
822,150,-1.0439453125,-1.65625,0.046875,1.0
823,150,-1.5029296875,-2.03125,0.03125,0.0
824,150,-2.390625,-1.234375,1.03125,0.0
825,151,-2.0244140625,-1.5625,0.578125,0.0
826,151,0.4619140625,-0.296875,1.34375,1.0
827,151,0.658203125,1.0625,0.140625,0.0
828,152,1.37890625,0.359375,-0.015625,1.0
829,152,1.8291015625,1.796875,0.421875,1.0
830,152,0.1083984375,-1.078125,-1.34375,1.0
831,152,1.875,0.625,0.921875,1.0
832,153,0.9853515625,-0.296875,-0.125,1.0
833,153,0.8935546875,-0.171875,-0.953125,1.0
834,153,1.388671875,-1.8125,-0.59375,0.0
835,153,-0.365234375,0.046875,-0.015625,0.0
836,153,0.0693359375,-0.3125,-0.484375,1.0
837,154,-0.7744140625,-1.765625,-0.625,1.0
838,154,-0.33203125,0.3125,-1.234375,1.0
839,154,0.12109375,-0.578125,-1.4375,0.0
840,154,-1.744140625,-0.640625,0.171875,1.0
841,154,2.283203125,-0.671875,-1.953125,1.0
842,154,-0.2763671875,-0.25,-0.765625,1.0
843,155,-0.8642578125,-0.0625,-0.828125,0.0
844,155,1.1796875,0.15625,-0.640625,1.0
845,155,2.0478515625,0.921875,-0.640625,0.0
846,155,2.0810546875,1.578125,0.390625,0.0
847,155,-0.4716796875,-0.296875,-0.21875,1.0
848,155,-0.0498046875,-1.234375,1.0625,1.0
849,155,2.6982421875,1.28125,-0.59375,1.0
850,156,1.08984375,0.90625,-0.1875,1.0
851,156,0.189453125,0.921875,-0.125,0.0
852,156,0.341796875,0.34375,-0.140625,0.0
853,156,-2.5791015625,-0.796875,1.234375,0.0
854,156,-1.724609375,-0.1875,0.34375,0.0
855,156,4.4873046875,1.25,-1.359375,0.0
856,156,-0.802734375,0.71875,0.84375,1.0
857,156,0.4443359375,1.59375,0.421875,1.0
858,157,-0.298828125,1.0,-0.09375,0.0
859,157,0.736328125,1.3125,-0.609375,0.0
860,157,1.83203125,0.515625,-1.640625,1.0
861,158,0.541015625,0.09375,2.5625,1.0
862,158,2.259765625,0.53125,-0.578125,0.0
863,158,-1.599609375,-1.21875,0.28125,0.0
864,158,0.0556640625,0.15625,1.125,0.0
865,159,-0.2353515625,-0.515625,-0.578125,0.0
866,159,0.814453125,0.1875,0.84375,0.0
867,159,-3.30078125,-1.625,0.515625,1.0
868,159,-0.69921875,0.3125,0.34375,1.0
869,159,2.8203125,1.5625,0.734375,0.0
870,160,-0.5361328125,-0.09375,-0.25,1.0
871,160,-1.251953125,0.1875,0.328125,0.0
872,160,-2.255859375,0.53125,1.953125,0.0
873,160,-1.921875,-1.0625,0.453125,1.0
874,160,-2.0869140625,-1.28125,-0.8125,1.0
875,160,0.2275390625,0.390625,-0.25,1.0
876,161,2.4716796875,-0.21875,-1.65625,0.0
877,161,0.630859375,0.28125,2.03125,0.0
878,161,0.5693359375,-0.09375,-0.109375,1.0
879,161,-0.0654296875,-1.015625,-1.125,0.0
880,161,1.0927734375,-0.6875,-0.96875,1.0
881,161,0.029296875,0.953125,1.296875,0.0
882,161,-2.1103515625,-1.703125,1.484375,0.0
883,162,2.013671875,1.734375,-1.109375,1.0
884,162,0.0400390625,0.53125,-0.953125,0.0
885,162,-0.2470703125,1.5,1.796875,0.0
886,162,-1.169921875,0.234375,-0.921875,1.0
887,162,-1.7744140625,0.0625,-1.28125,1.0
888,162,1.34765625,1.734375,-1.796875,1.0
889,162,0.0771484375,0.390625,-0.78125,1.0
890,162,0.326171875,0.046875,-1.046875,1.0
891,163,0.51171875,1.546875,-0.46875,0.0
892,163,-1.6982421875,-1.40625,0.34375,1.0
893,163,0.603515625,-1.109375,-0.65625,1.0
894,164,0.4736328125,0.296875,0.34375,0.0
895,164,-0.548828125,-1.390625,-1.25,0.0
896,164,0.8154296875,0.90625,0.75,0.0
897,164,-0.3583984375,1.4375,-0.578125,0.0
898,165,-0.9677734375,0.78125,-1.0625,0.0
899,165,-0.197265625,0.015625,-0.0625,1.0
900,165,-1.1142578125,-1.03125,-1.796875,0.0
901,165,-0.9541015625,-1.4375,-0.859375,0.0
902,165,-0.7294921875,0.140625,0.421875,0.0
903,166,1.4560546875,-0.28125,-0.25,1.0
904,166,0.916015625,-0.5625,-0.515625,1.0
905,166,0.5361328125,-0.125,-0.171875,1.0
906,166,-1.0107421875,-1.296875,0.625,0.0
907,166,-0.8974609375,0.484375,-0.65625,0.0
908,166,-0.0849609375,-0.25,0.4375,1.0
909,167,0.4951171875,1.03125,-0.109375,0.0
910,167,-0.4873046875,-0.59375,0.21875,0.0
911,167,2.8740234375,1.0625,0.03125,1.0
912,167,-2.591796875,-0.734375,0.640625,0.0
913,167,-0.1220703125,0.09375,0.03125,0.0
914,167,0.345703125,1.125,-1.078125,0.0
915,167,0.591796875,-0.46875,1.421875,1.0
916,168,-0.9013671875,-0.84375,1.875,0.0
917,168,-2.42578125,-1.0,0.6875,1.0
918,168,1.76953125,1.953125,-0.703125,1.0
919,168,0.60546875,-0.171875,-1.46875,0.0
920,168,2.3154296875,-0.359375,-1.234375,0.0
921,168,1.5546875,1.421875,-0.453125,1.0
922,168,-1.458984375,-2.421875,0.1875,1.0
923,168,-0.6240234375,1.09375,1.015625,0.0
924,169,-2.376953125,-0.859375,1.203125,0.0
925,169,-1.630859375,-1.21875,1.15625,0.0
926,169,0.1015625,1.0625,0.734375,1.0
927,170,-0.0439453125,1.375,0.828125,0.0
928,170,0.63671875,-0.046875,-1.0,1.0
929,170,0.8984375,1.140625,-0.40625,0.0
930,170,0.208984375,-1.03125,-0.296875,0.0
931,171,0.8447265625,0.359375,-0.875,0.0
932,171,-1.9873046875,1.015625,2.015625,0.0
933,171,1.5439453125,-0.09375,0.0625,1.0
934,171,-2.2412109375,-0.65625,0.984375,1.0
935,171,-0.2529296875,-0.09375,-0.421875,0.0
936,172,-1.341796875,-1.03125,1.5,0.0
937,172,-1.908203125,-1.046875,0.5,0.0
938,172,-0.205078125,0.359375,-1.171875,1.0
939,172,-1.6396484375,-1.71875,0.953125,1.0
940,172,0.98046875,0.25,0.359375,1.0
941,172,-0.0712890625,-0.9375,1.171875,0.0
942,173,2.3681640625,0.515625,-0.71875,1.0
943,173,-0.08203125,0.15625,0.40625,0.0
944,173,-2.494140625,-0.765625,1.171875,1.0
945,173,-0.4892578125,-0.15625,0.484375,1.0
946,173,1.5751953125,1.109375,-0.859375,0.0
947,173,0.302734375,-0.71875,-1.140625,1.0
948,173,-1.52734375,-0.6875,0.390625,0.0
949,174,1.4775390625,-0.1875,-1.0,0.0
950,174,1.08203125,-0.6875,-0.03125,0.0
951,174,-2.2900390625,-0.46875,-1.3125,0.0
952,174,1.1943359375,0.71875,0.671875,1.0
953,174,-1.9833984375,-1.046875,0.71875,0.0
954,174,2.587890625,1.28125,0.03125,1.0
955,174,-1.3017578125,-0.671875,1.578125,0.0
956,174,-0.2021484375,0.5625,-0.6875,0.0
957,175,0.3935546875,1.3125,1.09375,1.0
958,175,-1.943359375,0.0625,0.03125,1.0
959,175,-0.1474609375,0.609375,-1.390625,0.0
960,176,0.3759765625,0.03125,0.5,1.0
961,176,2.013671875,1.234375,-0.765625,0.0
962,176,-0.5068359375,0.5625,2.03125,0.0
963,176,1.3466796875,-0.0625,-0.234375,0.0
964,177,-1.7001953125,-0.390625,-0.765625,1.0
965,177,0.7900390625,1.03125,-1.40625,1.0
966,177,0.7275390625,0.390625,0.671875,0.0
967,177,0.2998046875,0.328125,1.015625,1.0
968,177,2.8251953125,1.21875,0.390625,0.0
969,178,0.9892578125,0.921875,0.46875,0.0
970,178,-1.6123046875,-0.15625,2.25,1.0
971,178,-2.8583984375,-2.5,0.03125,0.0
972,178,2.4208984375,0.828125,-0.65625,1.0
973,178,0.6845703125,1.578125,0.046875,0.0
974,178,0.6611328125,-0.9375,-2.375,1.0
975,179,0.6298828125,-0.203125,0.53125,0.0
976,179,-2.482421875,-1.453125,1.0,0.0
977,179,1.1630859375,2.015625,0.828125,0.0
978,179,0.8603515625,0.859375,0.21875,0.0
979,179,2.615234375,0.890625,-1.640625,1.0
980,179,-0.2333984375,-0.671875,-0.4375,1.0
981,179,1.400390625,-0.6875,-0.3125,0.0
982,180,-0.2783203125,-0.859375,0.578125,1.0
983,180,-0.2333984375,-0.734375,-0.203125,0.0
984,180,3.2529296875,-0.046875,1.453125,1.0
985,180,0.0166015625,-0.015625,0.3125,0.0
986,180,1.05859375,-0.84375,1.234375,1.0
987,180,1.1875,-0.375,-0.9375,0.0
988,180,-0.3408203125,0.0,-0.15625,0.0
989,180,1.3955078125,0.578125,0.640625,1.0
990,181,1.1884765625,-1.0,-0.28125,0.0
991,181,-0.7568359375,-0.75,0.890625,1.0
992,181,1.6376953125,1.203125,-2.25,1.0
993,182,0.7744140625,-1.078125,0.0,1.0
994,182,-0.8955078125,0.15625,0.234375,1.0
995,182,-1.8154296875,-1.3125,-1.140625,1.0
996,182,-1.6650390625,-0.703125,-1.59375,0.0
997,183,-0.892578125,0.21875,-0.484375,0.0
998,183,-0.6240234375,-1.25,-2.46875,0.0
999,183,0.2587890625,-0.078125,-1.890625,0.0
1000,183,0.73046875,0.171875,1.4375,1.0
1001,183,2.5966796875,1.3125,0.28125,1.0
1002,184,0.421875,-0.125,-1.71875,1.0
1003,184,0.044921875,-0.15625,1.265625,1.0
1004,184,-0.986328125,1.46875,2.84375,1.0
1005,184,-1.2216796875,0.453125,1.9375,0.0
1006,184,0.2041015625,-0.921875,-1.171875,0.0
1007,184,0.07421875,0.09375,-1.84375,0.0
1008,185,1.04296875,1.09375,0.84375,1.0
1009,185,1.4765625,0.9375,-1.9375,0.0
1010,185,2.0556640625,0.578125,0.265625,0.0
1011,185,0.6611328125,-0.671875,-0.421875,0.0
1012,185,-0.7001953125,-1.5,1.609375,1.0
1013,185,0.5,-0.90625,0.421875,1.0
1014,185,2.599609375,0.734375,-0.34375,0.0
1015,186,-1.466796875,-0.8125,-1.21875,1.0
1016,186,2.14453125,0.4375,0.53125,0.0
1017,186,1.435546875,0.203125,-1.078125,1.0
1018,186,-0.59765625,0.96875,0.3125,0.0
1019,186,4.6455078125,1.375,-1.515625,0.0
1020,186,0.04296875,-0.984375,-1.421875,0.0
1021,186,0.4091796875,1.515625,0.046875,0.0
1022,186,0.2412109375,-0.484375,-1.65625,0.0
1023,187,-0.8603515625,-0.71875,-0.21875,1.0
1024,187,-1.689453125,-0.484375,0.40625,0.0
1025,187,-1.55859375,-0.609375,1.453125,0.0
1026,188,0.2275390625,0.109375,1.171875,1.0
1027,188,-0.826171875,0.078125,1.328125,0.0
1028,188,3.0029296875,0.125,-0.578125,1.0
1029,188,0.5224609375,-1.8125,-0.625,0.0
1030,189,-2.1591796875,-0.53125,-0.84375,0.0
1031,189,-1.11328125,-0.296875,0.296875,0.0
1032,189,0.017578125,-0.78125,-1.34375,0.0
1033,189,1.03515625,1.09375,0.328125,0.0
1034,189,-3.9208984375,-1.625,0.15625,0.0
1035,190,1.41796875,1.328125,-0.203125,0.0
1036,190,-1.1279296875,0.640625,0.921875,1.0
1037,190,0.7109375,0.03125,-0.453125,0.0
1038,190,0.4091796875,1.78125,0.0,0.0
1039,190,0.6630859375,-1.84375,-1.09375,1.0
1040,190,-0.130859375,0.59375,-0.109375,0.0
1041,191,-2.1728515625,-2.671875,0.71875,0.0
1042,191,-2.0146484375,-1.875,0.34375,0.0
1043,191,1.169921875,1.484375,1.171875,0.0
1044,191,0.263671875,1.203125,0.015625,0.0
1045,191,-0.3876953125,-1.15625,-0.875,1.0
1046,191,3.7041015625,2.515625,1.296875,0.0
1047,191,1.8466796875,1.09375,-0.265625,1.0
1048,192,0.119140625,0.28125,-1.25,0.0
1049,192,1.244140625,0.03125,-1.4375,0.0
1050,192,-1.8173828125,0.359375,1.046875,0.0
1051,192,-0.5615234375,-0.78125,0.3125,0.0
1052,192,-0.5224609375,0.53125,0.28125,0.0
1053,192,-0.99609375,-0.640625,1.921875,0.0
1054,192,-1.310546875,0.0,-0.71875,0.0
1055,192,-1.849609375,-1.625,-0.75,1.0
1056,193,2.373046875,0.609375,-0.515625,0.0
1057,193,1.2587890625,2.390625,1.359375,0.0
1058,193,-3.1640625,-2.03125,1.515625,1.0
1059,194,1.1943359375,0.34375,-1.03125,0.0
1060,194,0.5126953125,-1.578125,0.40625,0.0
1061,194,-0.037109375,0.34375,-1.625,1.0
1062,194,1.7412109375,0.4375,-0.6875,1.0
1063,195,-0.3310546875,1.03125,0.046875,0.0
1064,195,3.25390625,1.796875,0.3125,0.0
1065,195,0.484375,-0.015625,-1.15625,0.0
1066,195,-0.2587890625,-1.046875,0.453125,1.0
1067,195,0.2607421875,1.46875,-0.390625,1.0
1068,196,0.072265625,-0.140625,-0.03125,1.0
1069,196,0.23046875,0.71875,1.140625,0.0
1070,196,-2.1708984375,-0.8125,0.6875,0.0
1071,196,-0.1953125,0.015625,-0.03125,0.0
1072,196,0.1298828125,0.578125,1.828125,1.0
1073,196,-0.173828125,-1.0625,-0.859375,1.0
1074,197,0.03125,-2.59375,-1.125,1.0
1075,197,1.9189453125,-0.515625,-1.359375,0.0
1076,197,-0.74609375,-0.3125,-0.265625,0.0
1077,197,-1.3759765625,-1.15625,0.125,0.0
1078,197,0.8779296875,0.1875,-0.71875,1.0
1079,197,-1.875,0.078125,0.203125,0.0
1080,197,1.958984375,0.15625,1.375,0.0
1081,198,-0.67578125,1.21875,0.453125,1.0
1082,198,-0.5263671875,-0.140625,-1.015625,0.0
1083,198,2.240234375,0.125,-2.015625,1.0
1084,198,-1.734375,-2.515625,-0.6875,1.0
1085,198,0.2646484375,2.203125,0.21875,0.0
1086,198,1.115234375,0.421875,-0.703125,0.0
1087,198,0.2958984375,-0.578125,1.96875,1.0
1088,198,-1.427734375,-0.71875,-1.21875,0.0
1089,199,-1.0810546875,-0.5,0.28125,0.0
1090,199,2.55078125,0.9375,-0.296875,1.0
1091,199,0.828125,-0.265625,0.1875,0.0
1092,200,-0.826171875,-1.328125,0.6875,0.0
1093,200,1.7041015625,0.34375,-1.40625,0.0
1094,200,0.34375,0.140625,1.015625,1.0
1095,200,1.3564453125,0.96875,-1.671875,0.0
1096,201,-0.3818359375,-1.84375,-0.8125,1.0
1097,201,1.1572265625,1.984375,0.65625,0.0
1098,201,-1.638671875,-0.75,-0.5625,0.0
1099,201,0.451171875,0.421875,1.0,0.0
1100,201,-0.486328125,-1.15625,-0.359375,1.0
1101,202,0.8173828125,0.34375,-0.875,0.0
1102,202,-4.2451171875,-0.328125,-0.765625,0.0
1103,202,-1.3662109375,-1.34375,0.9375,1.0
1104,202,-1.806640625,-2.0,0.109375,0.0
1105,202,-0.5869140625,0.328125,-0.34375,1.0
1106,202,-2.4521484375,-2.390625,-0.515625,0.0
1107,203,1.0556640625,0.046875,-1.5625,0.0
1108,203,0.69140625,1.890625,0.96875,0.0
1109,203,1.0390625,-0.15625,-0.734375,0.0
1110,203,-1.791015625,-0.953125,0.34375,1.0
1111,203,-1.2431640625,-0.109375,0.078125,0.0
1112,203,-0.0615234375,-0.875,-0.0625,0.0
1113,203,3.3974609375,2.0625,-0.78125,1.0
1114,204,0.4072265625,0.640625,0.3125,1.0
1115,204,-1.6533203125,-0.875,-0.0625,1.0
1116,204,2.77734375,0.40625,-0.375,1.0
1117,204,-1.2646484375,0.84375,0.453125,1.0
1118,204,1.0830078125,1.234375,-0.453125,0.0
1119,204,-0.8408203125,-0.21875,-1.671875,1.0
1120,204,-1.33203125,-1.21875,0.609375,0.0
1121,204,0.6328125,-1.1875,0.359375,0.0
1122,205,-0.615234375,-0.5,0.640625,0.0
1123,205,3.080078125,0.875,-0.78125,1.0
1124,205,0.703125,-0.65625,-1.859375,0.0
1125,206,1.1279296875,-0.328125,0.0625,0.0
1126,206,2.2314453125,0.234375,-0.890625,0.0
1127,206,-0.2744140625,1.140625,1.28125,0.0
1128,206,0.5712890625,-2.125,-0.703125,1.0
1129,207,0.197265625,-0.640625,-1.21875,1.0
1130,207,-0.015625,0.453125,0.015625,0.0
1131,207,-0.962890625,-1.15625,0.296875,0.0
1132,207,1.7607421875,-0.234375,-0.71875,0.0
1133,207,-0.4130859375,-0.015625,1.0625,1.0
1134,208,0.90625,0.265625,-0.1875,1.0
1135,208,1.57421875,0.15625,-0.953125,1.0
1136,208,1.1376953125,0.328125,0.125,1.0
1137,208,2.08203125,1.390625,0.046875,1.0
1138,208,-1.427734375,-1.375,2.21875,0.0
1139,208,2.1181640625,2.515625,-0.59375,1.0
1140,209,-2.0947265625,-1.34375,1.15625,0.0
1141,209,-0.3212890625,-0.4375,1.65625,1.0
1142,209,1.734375,-0.453125,-2.515625,1.0
1143,209,0.1162109375,0.671875,0.5625,0.0
1144,209,-2.185546875,-0.515625,1.296875,1.0
1145,209,0.1806640625,-0.4375,0.5625,0.0
1146,209,-1.716796875,-1.765625,-0.859375,1.0
1147,210,-2.2666015625,-1.515625,-0.15625,1.0
1148,210,1.9853515625,1.984375,-1.65625,1.0
1149,210,-0.3427734375,-1.28125,-2.015625,1.0
1150,210,2.359375,0.53125,-1.65625,0.0
1151,210,1.2548828125,-0.1875,-1.90625,0.0
1152,210,1.2001953125,0.953125,-0.015625,0.0
1153,210,-3.7744140625,-1.078125,-0.15625,0.0
1154,210,1.615234375,0.71875,0.0,1.0
1155,211,2.2353515625,1.296875,-0.875,1.0
1156,211,2.4033203125,1.25,0.015625,1.0
1157,211,1.91796875,1.0625,-0.671875,0.0
1158,212,0.7666015625,0.21875,0.71875,0.0
1159,212,1.447265625,-1.328125,-0.546875,1.0
1160,212,0.359375,-1.90625,0.46875,1.0
1161,212,0.2783203125,-1.3125,-0.390625,0.0
1162,213,-3.1181640625,-2.140625,0.9375,1.0
1163,213,-1.4541015625,-0.515625,-0.328125,1.0
1164,213,0.517578125,0.1875,0.296875,0.0
1165,213,-1.576171875,-2.78125,0.984375,0.0
1166,213,0.1826171875,0.140625,-0.1875,0.0
1167,214,0.2265625,-1.328125,-0.453125,1.0
1168,214,-0.1767578125,0.3125,-0.1875,0.0
1169,214,0.47265625,0.875,-0.21875,0.0
1170,214,1.1865234375,0.921875,-0.46875,1.0
1171,214,0.22265625,0.65625,-0.5625,1.0
1172,214,0.322265625,-0.96875,-0.59375,1.0
1173,215,1.72265625,0.25,-2.09375,1.0
1174,215,-1.78125,-0.5,1.171875,0.0
1175,215,-0.673828125,-0.9375,1.734375,1.0
1176,215,-1.8623046875,-0.234375,1.84375,0.0
1177,215,1.779296875,0.796875,-0.71875,1.0
1178,215,1.14453125,1.734375,-0.015625,1.0
1179,215,1.2392578125,0.140625,0.109375,1.0
1180,216,1.0439453125,0.578125,0.953125,0.0
1181,216,0.6689453125,0.21875,-0.703125,0.0
1182,216,-1.5009765625,0.53125,1.09375,0.0
1183,216,0.3388671875,0.828125,-0.375,1.0
1184,216,0.8505859375,-0.28125,-0.40625,1.0
1185,216,-0.0849609375,0.515625,-1.46875,0.0
1186,216,-1.1552734375,-0.9375,-0.625,0.0
1187,216,-1.251953125,-1.90625,0.625,0.0
1188,217,0.7080078125,0.265625,0.203125,1.0
1189,217,-0.462890625,-1.203125,0.15625,0.0
1190,217,1.11328125,0.96875,0.125,1.0
1191,218,0.58984375,-0.25,-0.421875,1.0
1192,218,0.662109375,0.984375,-0.6875,0.0
1193,218,-0.6728515625,0.171875,-0.1875,1.0
1194,218,2.6337890625,0.828125,0.265625,0.0
1195,219,1.326171875,1.453125,-2.3125,0.0
1196,219,-2.0322265625,-0.578125,1.421875,1.0
1197,219,2.55078125,0.671875,-1.34375,0.0
1198,219,0.84375,-0.84375,-1.28125,0.0
1199,219,-0.4794921875,-0.171875,-0.515625,0.0
1200,220,0.0283203125,0.359375,-0.21875,0.0
1201,220,2.1357421875,1.078125,0.125,1.0
1202,220,-0.7412109375,-0.53125,-0.796875,0.0
1203,220,2.171875,-0.78125,0.765625,1.0
1204,220,2.5302734375,1.09375,-1.3125,1.0
1205,220,1.71484375,-0.421875,0.46875,1.0
1206,221,-0.046875,-0.3125,0.21875,1.0
1207,221,3.4228515625,1.34375,-1.40625,0.0
1208,221,2.0166015625,0.203125,-1.125,1.0
1209,221,-0.5322265625,0.125,1.859375,0.0
1210,221,1.005859375,0.78125,-1.078125,1.0
1211,221,1.517578125,0.625,0.59375,0.0
1212,221,1.828125,1.0,0.34375,1.0
1213,222,-1.8876953125,-1.0625,1.859375,0.0
1214,222,0.4951171875,0.578125,2.109375,1.0
1215,222,2.84375,0.875,0.5,0.0
1216,222,-1.744140625,-0.671875,1.140625,0.0
1217,222,1.501953125,0.234375,0.453125,0.0
1218,222,0.8173828125,1.1875,2.421875,1.0
1219,222,0.7099609375,0.65625,1.140625,1.0
1220,222,0.2529296875,0.984375,1.625,1.0
1221,223,2.1064453125,0.796875,-0.125,1.0
1222,223,0.15625,-0.015625,0.71875,1.0
1223,223,2.3359375,-0.03125,-1.71875,1.0
1224,224,1.2470703125,0.0625,-1.171875,1.0
1225,224,1.0107421875,1.75,-1.484375,0.0
1226,224,0.31640625,2.078125,-0.46875,1.0
1227,224,-0.615234375,-0.125,-0.140625,0.0
1228,225,-0.7216796875,-0.671875,1.125,1.0
1229,225,-0.9716796875,-0.59375,2.109375,0.0
1230,225,-0.587890625,-1.5,-1.3125,0.0
1231,225,-0.185546875,-0.171875,-0.140625,1.0
1232,225,-1.4970703125,-1.34375,-0.390625,1.0
1233,226,1.2412109375,0.125,-2.09375,1.0
1234,226,3.279296875,0.671875,-2.671875,0.0
1235,226,-0.220703125,-0.9375,0.09375,1.0
1236,226,0.091796875,-0.40625,0.1875,0.0
1237,226,0.66015625,0.53125,1.125,0.0
1238,226,-3.4169921875,-0.21875,1.46875,0.0
1239,227,-0.2822265625,-1.296875,0.03125,0.0
1240,227,-0.2265625,-0.109375,0.296875,0.0
1241,227,2.763671875,-0.390625,-1.34375,0.0
1242,227,0.2275390625,-0.0625,0.5,0.0
1243,227,0.4375,-0.4375,-1.0,0.0
1244,227,-2.1416015625,-1.53125,0.625,1.0
1245,227,-0.4375,-0.5625,1.5625,1.0
1246,228,0.705078125,0.359375,-0.890625,1.0
1247,228,0.2158203125,-0.40625,-0.03125,1.0
1248,228,-1.9755859375,-0.40625,1.078125,0.0
1249,228,0.6455078125,-1.40625,-0.96875,1.0
1250,228,0.1611328125,0.921875,-0.90625,1.0
1251,228,-3.13671875,-2.53125,0.390625,0.0
1252,228,1.84375,1.671875,0.359375,0.0
1253,228,1.490234375,2.140625,0.703125,0.0
1254,229,1.6171875,-1.109375,-0.390625,1.0
1255,229,1.1982421875,0.5,0.5,1.0
1256,229,-1.4521484375,-0.328125,0.0625,0.0
1257,230,-2.783203125,-0.625,0.171875,0.0
1258,230,2.388671875,0.984375,1.1875,1.0
1259,230,-1.6171875,-2.234375,-0.578125,0.0
1260,230,0.216796875,-0.53125,-0.71875,0.0
1261,231,0.3466796875,0.21875,0.71875,1.0
1262,231,-0.2744140625,-0.53125,-0.078125,0.0
1263,231,1.2216796875,0.6875,0.140625,0.0
1264,231,0.0029296875,-0.28125,0.375,0.0
1265,231,-1.5732421875,0.125,1.75,0.0
1266,232,0.8291015625,-1.265625,-1.1875,1.0
1267,232,2.470703125,1.453125,0.734375,1.0
1268,232,2.87109375,1.5625,-0.15625,1.0
1269,232,-0.28515625,-1.28125,0.65625,0.0
1270,232,1.578125,0.234375,0.390625,1.0
1271,232,0.875,0.734375,1.640625,0.0
1272,233,2.166015625,0.546875,-1.328125,1.0
1273,233,-1.03515625,-1.125,-0.140625,1.0
1274,233,-0.45703125,0.953125,0.734375,1.0
1275,233,-0.044921875,-0.328125,-0.890625,0.0
1276,233,-0.2509765625,1.53125,-0.3125,0.0
1277,233,-0.8466796875,0.6875,0.78125,0.0
1278,233,-0.8251953125,0.796875,1.140625,0.0
1279,234,1.9892578125,-1.125,-0.03125,0.0
1280,234,-0.2138671875,-0.875,0.84375,1.0
1281,234,2.08984375,0.390625,-0.75,0.0
1282,234,1.79296875,1.09375,-1.015625,1.0
1283,234,2.4384765625,1.296875,0.859375,0.0
1284,234,0.5576171875,-0.515625,-0.65625,0.0
1285,234,2.5458984375,1.9375,0.796875,1.0
1286,234,-1.0439453125,1.109375,2.171875,1.0
1287,235,1.31640625,0.65625,0.890625,1.0
1288,235,-0.8505859375,0.421875,0.296875,0.0
1289,235,-1.2021484375,-2.125,2.171875,1.0
1290,236,0.1806640625,0.75,-2.09375,0.0
1291,236,0.7841796875,-0.375,-1.234375,1.0
1292,236,-1.2421875,-1.640625,-2.109375,1.0
1293,236,0.6171875,0.125,-0.0625,1.0
1294,237,1.580078125,0.71875,-0.96875,1.0
1295,237,1.3828125,1.140625,-2.484375,1.0
1296,237,2.4912109375,0.359375,-0.3125,0.0
1297,237,1.0615234375,-0.296875,-1.046875,0.0
1298,237,2.4345703125,1.515625,-1.6875,0.0
1299,238,2.3662109375,1.6875,-0.109375,0.0
1300,238,-0.9345703125,-0.265625,-1.21875,0.0
1301,238,0.298828125,0.25,0.59375,0.0
1302,238,1.1953125,0.8125,-0.390625,1.0
1303,238,0.3828125,-0.21875,0.96875,1.0
1304,238,1.0185546875,1.125,-1.859375,1.0
1305,239,-0.416015625,-1.65625,-0.484375,1.0
1306,239,-0.671875,-0.046875,1.890625,0.0
1307,239,2.4462890625,1.421875,-1.09375,0.0
1308,239,-0.3779296875,0.4375,-0.71875,0.0
1309,239,1.67578125,1.609375,0.203125,1.0
1310,239,1.591796875,-0.78125,-1.59375,1.0
1311,239,0.15234375,1.0,1.546875,1.0
1312,240,-2.1611328125,-0.875,1.9375,0.0
1313,240,1.0859375,-0.265625,-0.40625,0.0
1314,240,-0.419921875,-1.625,-0.65625,0.0
1315,240,0.001953125,-0.4375,-0.375,0.0
1316,240,-1.4091796875,-0.484375,0.0625,0.0
1317,240,2.296875,0.203125,0.109375,0.0
1318,240,1.4306640625,0.25,-1.40625,0.0
1319,240,-0.8505859375,-0.734375,0.34375,0.0
1320,241,-0.0673828125,0.296875,0.171875,0.0
1321,241,-0.8017578125,0.828125,-0.75,1.0
1322,241,1.1474609375,1.34375,-0.953125,0.0
1323,242,1.4111328125,0.78125,-1.515625,0.0
1324,242,1.4482421875,0.8125,-0.796875,1.0
1325,242,-0.4453125,-0.640625,1.40625,0.0
1326,242,0.7880859375,-0.203125,-0.15625,0.0
1327,243,0.3857421875,0.0625,0.28125,0.0
1328,243,1.001953125,-0.171875,-0.640625,0.0
1329,243,1.13671875,1.125,-0.21875,0.0
1330,243,-0.607421875,-1.640625,-0.296875,1.0
1331,243,-0.970703125,-1.046875,0.28125,0.0
1332,244,0.7958984375,0.125,0.953125,1.0
1333,244,0.984375,0.453125,0.703125,0.0
1334,244,3.4453125,1.859375,-2.65625,1.0
1335,244,1.640625,0.734375,0.859375,0.0
1336,244,-0.400390625,-0.359375,0.21875,0.0
1337,244,1.908203125,1.078125,-0.421875,1.0
1338,245,0.26171875,-0.09375,-0.109375,0.0
1339,245,-0.1630859375,0.234375,2.75,1.0
1340,245,-0.013671875,-0.421875,-0.0625,0.0
1341,245,-0.177734375,-0.03125,-0.5625,0.0
1342,245,-1.84765625,0.109375,0.90625,0.0
1343,245,-1.5595703125,-1.171875,1.96875,0.0
1344,245,-2.2255859375,-1.28125,0.625,0.0
1345,246,-0.0380859375,0.3125,0.5625,0.0
1346,246,3.009765625,3.0,-0.765625,1.0
1347,246,0.783203125,0.140625,0.359375,0.0
1348,246,0.880859375,0.484375,-0.34375,0.0
1349,246,0.5009765625,-0.6875,-0.84375,1.0
1350,246,1.80859375,0.84375,-1.15625,1.0
1351,246,-1.919921875,-0.8125,1.0625,0.0
1352,246,1.1240234375,0.140625,-0.90625,1.0
1353,247,-1.615234375,-1.015625,-0.734375,1.0
1354,247,-0.5966796875,-0.453125,-1.71875,1.0
1355,247,0.216796875,0.5625,-2.484375,0.0
1356,248,-1.23046875,0.125,0.421875,1.0
1357,248,0.3310546875,0.6875,0.28125,0.0
1358,248,-0.103515625,0.109375,2.078125,1.0
1359,248,0.162109375,1.046875,-0.46875,1.0
1360,249,-0.169921875,-2.734375,0.234375,1.0
1361,249,-2.0537109375,-1.75,-1.078125,0.0
1362,249,-0.4677734375,-1.0625,-0.375,0.0
1363,249,1.421875,1.734375,-0.375,1.0
1364,249,2.5185546875,1.0625,-2.578125,1.0
1365,250,0.3564453125,0.25,0.75,0.0
1366,250,1.47265625,0.5,0.34375,1.0
1367,250,1.0419921875,0.078125,-1.09375,1.0
1368,250,0.0927734375,0.859375,0.328125,0.0
1369,250,-0.0703125,0.234375,0.25,1.0
1370,250,1.7431640625,1.140625,0.546875,1.0
1371,251,0.4931640625,0.234375,-0.15625,0.0
1372,251,2.49609375,1.0625,-1.6875,1.0
1373,251,1.1142578125,-0.046875,-0.359375,1.0
1374,251,-0.78515625,0.734375,2.21875,0.0
1375,251,1.689453125,-0.859375,-1.265625,1.0
1376,251,-1.1328125,-2.046875,0.1875,1.0
1377,251,-1.8388671875,-1.71875,1.671875,1.0
1378,252,3.9560546875,0.3125,-0.96875,1.0
1379,252,1.4482421875,1.3125,0.25,0.0
1380,252,1.7333984375,0.0625,0.46875,1.0
1381,252,0.275390625,1.140625,1.0,0.0
1382,252,0.8193359375,0.5625,-0.421875,1.0
1383,252,-2.0625,-2.015625,1.1875,0.0
1384,252,1.857421875,0.640625,-0.125,0.0
1385,252,-0.08203125,0.8125,1.203125,0.0
1386,253,1.1728515625,-0.03125,-0.765625,0.0
1387,253,0.626953125,-1.15625,-0.359375,1.0
1388,253,1.2265625,0.15625,-0.34375,0.0
1389,254,-1.6953125,-0.765625,0.109375,0.0
1390,254,-0.3447265625,0.625,-0.640625,0.0
1391,254,0.6982421875,-0.453125,-2.375,1.0
1392,254,0.08203125,0.8125,-1.34375,0.0
1393,255,1.69140625,2.015625,0.609375,0.0
1394,255,-2.19140625,-1.296875,0.03125,0.0
1395,255,2.576171875,0.640625,-0.078125,1.0
1396,255,-1.0537109375,0.265625,1.40625,0.0
1397,255,-1.28125,-2.421875,1.59375,1.0
1398,256,0.68359375,-0.046875,0.75,1.0
1399,256,2.3603515625,0.125,-0.1875,1.0
1400,256,1.3056640625,-0.875,-2.765625,1.0
1401,256,-1.04296875,0.0,0.265625,1.0
1402,256,0.5869140625,0.046875,0.609375,1.0
1403,256,-1.6708984375,0.0625,-0.015625,0.0
1404,257,0.5390625,0.484375,-0.578125,1.0
1405,257,-0.009765625,1.625,1.515625,0.0
1406,257,-1.0986328125,-1.40625,0.578125,1.0
1407,257,-1.3369140625,-0.9375,-0.015625,0.0
1408,257,-1.1337890625,-0.703125,-1.671875,1.0
1409,257,-1.6728515625,-0.65625,-1.09375,0.0
1410,257,-1.3623046875,-0.65625,-1.796875,1.0
1411,258,1.2041015625,0.46875,1.71875,1.0
1412,258,-0.2841796875,-0.71875,-0.4375,1.0
1413,258,-0.60546875,-1.765625,-0.84375,0.0
1414,258,0.00390625,0.140625,1.375,1.0
1415,258,0.0478515625,-0.6875,-0.703125,0.0
1416,258,1.853515625,0.3125,-0.765625,0.0
1417,258,-0.716796875,-0.90625,0.5625,0.0
1418,258,0.5673828125,0.6875,-1.078125,1.0
1419,259,1.1630859375,0.296875,-1.453125,0.0
1420,259,0.115234375,1.5625,1.453125,0.0
1421,259,2.3486328125,0.4375,-0.8125,1.0
1422,260,1.3701171875,0.890625,0.125,1.0
1423,260,0.9482421875,0.96875,-0.59375,1.0
1424,260,0.681640625,-0.296875,1.1875,0.0
1425,260,1.7568359375,0.4375,0.546875,1.0
1426,261,0.35546875,0.46875,1.109375,0.0
1427,261,-0.033203125,-0.46875,-0.28125,1.0
1428,261,-0.505859375,0.78125,-0.125,1.0
1429,261,-0.845703125,-0.046875,-0.59375,0.0
1430,261,0.59765625,0.5625,-0.90625,1.0
1431,262,-0.1923828125,-0.046875,-0.125,1.0
1432,262,-0.9736328125,-0.984375,-0.296875,0.0
1433,262,-0.1015625,-1.96875,-1.875,0.0
1434,262,2.2861328125,0.421875,-1.25,1.0
1435,262,-0.2646484375,-0.703125,1.125,0.0
1436,262,-0.484375,-0.1875,-1.34375,0.0
1437,263,-0.8818359375,0.140625,0.34375,1.0
1438,263,0.0166015625,0.0,1.265625,0.0
1439,263,0.5556640625,-0.140625,1.375,1.0
1440,263,0.2841796875,0.515625,-0.59375,0.0
1441,263,0.578125,-0.921875,-0.328125,0.0
1442,263,0.431640625,1.984375,1.65625,1.0
1443,263,0.240234375,1.234375,0.28125,0.0
1444,264,3.7451171875,1.703125,-0.875,0.0
1445,264,1.1943359375,1.46875,-0.375,0.0
1446,264,-0.31640625,-0.09375,1.1875,0.0
1447,264,-0.021484375,0.53125,2.640625,0.0
1448,264,0.2802734375,-0.40625,0.703125,1.0
1449,264,-0.7373046875,-0.484375,-0.0625,0.0
1450,264,1.8251953125,0.5625,1.328125,0.0
1451,264,0.6806640625,1.515625,1.296875,1.0
1452,265,0.82421875,0.203125,-0.875,0.0
1453,265,-0.283203125,-0.140625,-0.359375,0.0
1454,265,0.0927734375,-0.234375,-0.90625,0.0
1455,266,2.203125,0.546875,-0.046875,1.0
1456,266,-2.2744140625,-1.15625,0.84375,0.0
1457,266,-1.779296875,-0.78125,-0.125,0.0
1458,266,-0.18359375,0.1875,1.0625,0.0
1459,267,-1.349609375,-1.0625,-0.078125,1.0
1460,267,1.4150390625,0.09375,-0.96875,0.0
1461,267,-0.6552734375,0.421875,1.21875,1.0
1462,267,-0.0966796875,0.578125,1.484375,1.0
1463,267,-1.0400390625,-0.328125,0.609375,0.0
1464,268,1.23828125,0.15625,0.40625,0.0
1465,268,0.1591796875,0.015625,0.828125,0.0
1466,268,-0.1083984375,0.609375,1.078125,1.0
1467,268,0.037109375,-0.1875,0.640625,0.0
1468,268,1.875,1.265625,1.40625,0.0
1469,268,2.634765625,0.15625,-1.265625,1.0
1470,269,2.44140625,0.0,-0.859375,0.0
1471,269,-0.2216796875,1.359375,-0.453125,0.0
1472,269,0.8896484375,-0.0625,-0.21875,0.0
1473,269,-0.9560546875,-0.140625,-0.015625,0.0
1474,269,-1.056640625,-0.53125,-0.703125,1.0
1475,269,0.748046875,-0.015625,-1.375,1.0
1476,269,-0.1962890625,-0.921875,0.0,1.0
1477,270,0.6337890625,1.40625,-0.25,1.0
1478,270,1.2392578125,1.8125,-1.390625,1.0
1479,270,-0.19140625,0.296875,-0.234375,1.0
1480,270,-1.7314453125,-0.921875,-0.0625,1.0
1481,270,-2.8603515625,-1.109375,0.171875,0.0
1482,270,1.986328125,1.109375,-0.109375,0.0
1483,270,-3.275390625,-1.046875,0.34375,0.0
1484,270,-1.7763671875,-1.046875,-0.734375,0.0
1485,271,2.181640625,1.0625,-0.578125,0.0
1486,271,-0.81640625,0.59375,0.046875,1.0
1487,271,1.87109375,2.3125,-0.140625,0.0
1488,272,0.3310546875,0.796875,0.71875,0.0
1489,272,-0.7568359375,-2.890625,1.953125,1.0
1490,272,-2.6474609375,-1.59375,1.46875,0.0
1491,272,3.0595703125,1.78125,-0.421875,0.0
1492,273,1.484375,0.046875,-0.375,0.0
1493,273,-1.2822265625,-1.46875,0.46875,1.0
1494,273,-2.3466796875,-0.765625,-0.671875,0.0
1495,273,0.0810546875,0.0,0.921875,0.0
1496,273,1.0439453125,0.234375,0.015625,0.0
1497,274,-0.5400390625,-1.265625,0.8125,0.0
1498,274,-3.22265625,-1.875,1.203125,1.0
1499,274,-1.263671875,0.46875,1.75,0.0
1500,274,-0.7314453125,-0.765625,0.921875,1.0
1501,274,0.912109375,0.09375,-0.15625,1.0
1502,274,1.240234375,0.078125,-1.359375,1.0
1503,275,-1.1962890625,-1.609375,-2.703125,0.0
1504,275,-0.96484375,-1.9375,-2.078125,1.0
1505,275,0.9873046875,-0.1875,-0.984375,0.0
1506,275,-1.2451171875,-1.46875,-1.359375,0.0
1507,275,-0.24609375,-0.265625,0.203125,0.0
1508,275,-0.6943359375,0.421875,0.09375,0.0
1509,275,2.11328125,0.890625,-1.125,1.0
1510,276,-1.314453125,0.25,-1.25,1.0
1511,276,-0.361328125,0.4375,-0.0625,0.0
1512,276,-1.453125,0.09375,-0.21875,1.0
1513,276,-0.9755859375,-1.71875,-0.90625,1.0
1514,276,-3.171875,-0.296875,0.96875,0.0
1515,276,0.2197265625,-0.5625,-0.046875,0.0
1516,276,1.6953125,0.40625,-1.609375,0.0
1517,276,-0.01171875,0.90625,-2.015625,1.0
1518,277,3.2177734375,0.953125,-1.296875,1.0
1519,277,1.451171875,0.84375,0.484375,1.0
1520,277,1.349609375,-0.359375,-0.21875,0.0
1521,278,0.2255859375,0.28125,-0.71875,1.0
1522,278,-2.2763671875,-0.390625,2.234375,1.0
1523,278,-3.1416015625,-4.28125,0.109375,1.0
1524,278,1.359375,-0.171875,-1.515625,1.0
1525,279,-1.4375,-1.453125,0.875,1.0
1526,279,-0.3095703125,0.28125,1.09375,0.0
1527,279,0.310546875,0.296875,0.3125,1.0
1528,279,-0.8896484375,-0.734375,0.015625,0.0
1529,279,-1.513671875,-0.15625,0.59375,1.0
1530,280,2.9521484375,1.0625,-0.03125,1.0
1531,280,0.830078125,1.5625,0.71875,0.0
1532,280,-0.15625,-0.203125,0.765625,0.0
1533,280,0.806640625,1.59375,0.296875,0.0
1534,280,0.775390625,0.359375,-0.046875,1.0
1535,280,1.1943359375,0.03125,-0.828125,1.0
1536,281,-0.0048828125,0.65625,-1.328125,1.0
1537,281,-3.119140625,-0.953125,0.96875,1.0
1538,281,0.2763671875,0.140625,-0.5,0.0
1539,281,-0.7529296875,0.265625,-1.15625,1.0
1540,281,-2.41796875,0.125,1.796875,0.0
1541,281,-0.0283203125,-0.796875,-0.171875,1.0
1542,281,-0.3984375,0.46875,-0.40625,0.0
1543,282,1.451171875,-0.171875,-1.890625,1.0
1544,282,-1.701171875,0.125,-0.5,0.0
1545,282,-1.9990234375,-0.328125,0.375,0.0
1546,282,-0.9853515625,-0.40625,-1.484375,0.0
1547,282,-0.1650390625,-0.21875,-0.578125,1.0
1548,282,0.478515625,0.578125,-1.40625,0.0
1549,282,0.6865234375,1.0625,-1.84375,0.0
1550,282,0.98046875,1.5625,-1.140625,0.0
1551,283,-0.888671875,-0.828125,-0.96875,1.0
1552,283,-1.7998046875,-2.0625,0.8125,1.0
1553,283,-0.388671875,0.921875,-0.359375,1.0
1554,284,-0.5693359375,0.84375,0.5,0.0
1555,284,0.8173828125,0.0,1.453125,0.0
1556,284,-1.3505859375,-0.59375,-0.953125,0.0
1557,284,-1.806640625,0.34375,1.71875,0.0
1558,285,-2.73046875,0.515625,1.953125,0.0
1559,285,0.087890625,-1.265625,-0.984375,1.0
1560,285,-0.9326171875,0.28125,-0.984375,0.0
1561,285,-0.75390625,-0.84375,-0.953125,0.0
1562,285,-0.41796875,0.234375,0.890625,1.0
1563,286,-2.2529296875,0.875,2.453125,0.0
1564,286,-0.2705078125,0.296875,1.234375,0.0
1565,286,0.8330078125,0.125,-0.609375,0.0
1566,286,-1.81640625,-1.0,1.390625,0.0
1567,286,0.583984375,-0.265625,0.03125,0.0
1568,286,0.033203125,0.9375,-0.5625,0.0
1569,287,0.537109375,0.71875,1.328125,1.0
1570,287,2.2724609375,-0.34375,-0.078125,1.0
1571,287,2.9169921875,2.359375,-1.609375,1.0
1572,287,0.734375,0.859375,1.1875,1.0
1573,287,0.91015625,-0.65625,-0.828125,0.0
1574,287,0.099609375,-1.421875,2.28125,0.0
1575,287,1.361328125,-0.25,0.375,0.0
1576,288,-0.1875,-0.3125,-0.453125,0.0
1577,288,0.056640625,0.46875,-0.953125,0.0
1578,288,1.2470703125,-0.1875,-0.96875,1.0
1579,288,0.203125,0.390625,-0.828125,0.0
1580,288,0.712890625,-0.515625,-0.875,1.0
1581,288,0.5830078125,-0.484375,-0.9375,0.0
1582,288,1.0146484375,2.25,0.25,1.0
1583,288,-0.0029296875,1.1875,-0.421875,1.0
1584,289,-0.330078125,-0.734375,-0.515625,0.0
1585,289,-0.0849609375,1.59375,-0.265625,0.0
1586,289,2.064453125,-0.34375,-1.046875,1.0
1587,290,0.447265625,-0.125,0.0,0.0
1588,290,0.693359375,0.859375,0.625,1.0
1589,290,0.5380859375,0.0,0.671875,1.0
1590,290,0.74609375,0.515625,0.78125,0.0
1591,291,-0.109375,-0.453125,-0.703125,0.0
1592,291,-1.115234375,-1.734375,0.203125,0.0
1593,291,-0.1171875,0.59375,0.28125,0.0
1594,291,-0.875,-0.78125,0.9375,1.0
1595,291,-0.5029296875,-0.65625,1.078125,0.0
1596,292,-0.4990234375,-0.265625,-0.625,0.0
1597,292,1.40625,1.140625,-1.15625,1.0
1598,292,0.09765625,0.328125,-0.453125,0.0
1599,292,-0.4169921875,-0.453125,0.96875,1.0
1600,292,-0.076171875,0.0,0.859375,1.0
1601,292,0.39453125,0.5625,-1.078125,1.0
1602,293,0.099609375,0.609375,0.21875,0.0
1603,293,-0.802734375,-1.109375,-0.96875,0.0
1604,293,-0.365234375,1.703125,1.28125,1.0
1605,293,0.349609375,-0.953125,-0.515625,0.0
1606,293,1.931640625,-0.59375,-0.515625,0.0
1607,293,-1.7392578125,-2.015625,1.359375,0.0
1608,293,-2.455078125,-1.171875,0.15625,0.0
1609,294,-0.9970703125,-2.5625,-0.65625,0.0
1610,294,2.5849609375,1.171875,0.875,1.0
1611,294,-0.1748046875,-1.34375,-0.046875,1.0
1612,294,1.291015625,1.140625,-0.5625,0.0
1613,294,1.2080078125,0.078125,-1.078125,0.0
1614,294,-2.0517578125,-0.859375,0.265625,0.0
1615,294,0.521484375,0.703125,0.953125,0.0
1616,294,0.654296875,0.859375,0.4375,0.0
1617,295,-1.291015625,0.65625,0.40625,0.0
1618,295,0.5322265625,0.546875,-0.171875,0.0
1619,295,-0.1669921875,0.546875,0.765625,1.0
1620,296,-1.16015625,-0.671875,-0.5625,0.0
1621,296,-1.2177734375,-0.5625,0.6875,0.0
1622,296,0.0263671875,-1.0,-0.875,1.0
1623,296,-1.107421875,-1.4375,-1.15625,1.0
1624,297,-1.396484375,0.125,-0.078125,0.0
1625,297,1.3310546875,1.15625,-0.40625,0.0
1626,297,-3.8173828125,-1.578125,1.453125,1.0
1627,297,-0.08984375,-0.203125,0.40625,0.0
1628,297,1.59375,-0.375,-0.96875,1.0
1629,298,-0.0771484375,-1.640625,0.765625,0.0
1630,298,-2.111328125,-0.046875,0.953125,0.0
1631,298,3.0126953125,-0.75,0.609375,0.0
1632,298,-1.5576171875,-0.65625,-0.203125,1.0
1633,298,-1.517578125,-0.234375,1.359375,0.0
1634,298,-1.1337890625,-0.90625,-0.984375,1.0
1635,299,-0.2255859375,-1.421875,1.109375,0.0
1636,299,0.673828125,0.015625,0.984375,0.0
1637,299,-0.5224609375,-0.90625,0.671875,0.0
1638,299,2.912109375,0.40625,0.359375,0.0
1639,299,1.626953125,0.78125,1.890625,1.0
1640,299,-0.3212890625,-0.1875,0.875,1.0
1641,299,3.8212890625,0.671875,-0.0625,1.0
1642,300,0.9736328125,-0.125,-1.265625,1.0
1643,300,-1.5498046875,-1.203125,0.734375,0.0
1644,300,-0.7138671875,-0.34375,-1.046875,0.0
1645,300,-2.1669921875,0.578125,0.640625,0.0
1646,300,-0.23046875,-0.609375,-0.5,0.0
1647,300,-1.5478515625,-1.515625,-1.703125,0.0
1648,300,1.6650390625,-0.59375,-1.78125,1.0
1649,300,0.04296875,0.625,-1.390625,0.0
1650,301,-3.3251953125,-0.875,1.21875,0.0
1651,301,0.373046875,-0.703125,-0.484375,0.0
1652,301,-2.095703125,-0.609375,0.453125,0.0
1653,302,-0.953125,0.21875,0.375,1.0
1654,302,-1.3701171875,-0.71875,-1.234375,0.0
1655,302,-1.818359375,-0.625,0.078125,1.0
1656,302,-0.08203125,0.796875,0.734375,0.0
1657,303,-0.4365234375,0.65625,-0.3125,0.0
1658,303,-0.7197265625,-1.890625,-1.125,0.0
1659,303,0.2021484375,0.265625,-1.921875,0.0
1660,303,-2.26953125,-0.109375,-0.328125,0.0
1661,303,0.85546875,0.3125,-1.6875,1.0
1662,304,-1.4091796875,-1.484375,1.59375,1.0
1663,304,-0.2705078125,1.296875,0.421875,0.0
1664,304,-0.7099609375,-1.015625,1.609375,1.0
1665,304,-3.63671875,-2.0,2.609375,0.0
1666,304,1.625,0.15625,-0.609375,1.0
1667,304,1.673828125,0.734375,1.171875,1.0
1668,305,-0.6103515625,-0.4375,-1.703125,1.0
1669,305,1.7861328125,0.5625,0.15625,0.0
1670,305,-1.34765625,-0.546875,0.515625,1.0
1671,305,2.66796875,1.203125,-0.78125,0.0
1672,305,-0.6884765625,-1.671875,0.421875,0.0
1673,305,1.4921875,-0.171875,-0.28125,0.0
1674,305,-1.9921875,-2.5,1.734375,1.0
1675,306,1.150390625,0.3125,-1.109375,0.0
1676,306,1.7724609375,1.046875,-0.421875,1.0
1677,306,0.921875,0.234375,-0.546875,1.0
1678,306,-1.4658203125,0.609375,-0.25,1.0
1679,306,-2.34375,-0.3125,-0.875,0.0
1680,306,0.544921875,0.015625,-2.125,0.0
1681,306,0.2900390625,1.140625,-1.65625,1.0
1682,306,-1.4716796875,-1.4375,0.015625,1.0
1683,307,-0.47265625,-1.28125,0.28125,0.0
1684,307,0.955078125,0.015625,0.875,1.0
1685,307,-1.1748046875,-0.796875,0.78125,1.0
1686,308,1.2294921875,0.265625,-0.953125,0.0
1687,308,1.5322265625,1.03125,-1.03125,0.0
1688,308,-1.6845703125,0.390625,-0.671875,0.0
1689,308,-0.8857421875,-0.171875,-0.40625,0.0
1690,309,2.2529296875,1.125,-0.703125,1.0
1691,309,-1.8642578125,-2.28125,-0.203125,1.0
1692,309,0.10546875,-0.8125,-0.765625,0.0
1693,309,-1.3095703125,-0.5,-0.0625,0.0
1694,309,1.4384765625,1.65625,-1.359375,0.0
1695,310,0.3837890625,-0.359375,-0.75,0.0
1696,310,4.806640625,3.015625,-2.296875,1.0
1697,310,1.2470703125,0.5,0.28125,0.0
1698,310,-2.689453125,-0.328125,0.65625,0.0
1699,310,-4.0751953125,-2.578125,0.953125,0.0
1700,310,2.205078125,-1.0625,-0.765625,0.0
1701,311,0.3564453125,-0.46875,0.90625,0.0
1702,311,-1.0498046875,-1.484375,0.546875,0.0
1703,311,1.32421875,-0.5625,-0.390625,1.0
1704,311,1.099609375,0.5625,0.03125,1.0
1705,311,1.03125,-0.265625,-0.75,0.0
1706,311,0.2890625,-0.171875,-0.0625,0.0
1707,311,0.3642578125,0.34375,0.40625,0.0
1708,312,-0.96484375,-0.15625,1.0625,1.0
1709,312,-1.248046875,0.609375,0.640625,0.0
1710,312,-1.515625,-2.0,0.875,1.0
1711,312,-1.7822265625,-1.0,1.390625,0.0
1712,312,1.51171875,1.796875,-0.734375,1.0
1713,312,-1.0224609375,0.4375,0.78125,1.0
1714,312,-1.193359375,-0.96875,-0.46875,0.0
1715,312,1.4951171875,0.203125,-0.90625,0.0
1716,313,-0.6474609375,0.15625,-0.0625,0.0
1717,313,-1.0849609375,-1.03125,-1.3125,1.0
1718,313,-1.9619140625,-0.859375,-0.265625,0.0
1719,314,-0.0263671875,-0.5,-0.625,1.0
1720,314,-1.4970703125,-0.84375,0.515625,1.0
1721,314,-1.03125,-0.953125,0.0,1.0
1722,314,0.453125,1.03125,-0.625,0.0
1723,315,1.064453125,0.53125,-0.6875,0.0
1724,315,-0.68359375,-0.34375,1.4375,0.0
1725,315,1.0712890625,0.390625,-1.921875,0.0
1726,315,0.0634765625,0.15625,0.484375,0.0
1727,315,1.177734375,0.609375,0.25,0.0
1728,316,1.3125,0.796875,0.4375,0.0
1729,316,0.8310546875,-1.21875,-0.140625,0.0
1730,316,-1.2724609375,-1.609375,-0.4375,1.0
1731,316,-2.5029296875,-1.140625,0.078125,0.0
1732,316,-2.0849609375,-0.25,0.78125,0.0
1733,316,2.908203125,2.484375,-0.5625,1.0
1734,317,0.2216796875,-0.875,0.734375,1.0
1735,317,3.630859375,4.0625,0.75,0.0
1736,317,-1.7734375,-0.203125,0.859375,0.0
1737,317,0.9267578125,1.546875,0.46875,1.0
1738,317,1.056640625,0.234375,0.015625,0.0
1739,317,-0.2265625,-0.25,1.125,0.0
1740,317,0.5390625,0.4375,0.9375,0.0
1741,318,-1.4384765625,0.3125,0.546875,0.0
1742,318,-1.4736328125,-2.359375,2.015625,0.0
1743,318,0.529296875,-0.03125,-1.140625,0.0
1744,318,0.3837890625,-0.140625,0.703125,0.0
1745,318,0.71875,-0.203125,1.140625,1.0
1746,318,2.5390625,0.265625,1.0,0.0
1747,318,-0.0244140625,0.34375,0.171875,0.0
1748,318,-0.1328125,0.609375,1.5625,1.0
1749,319,-0.7021484375,-2.09375,-0.09375,1.0
1750,319,2.3408203125,1.84375,-0.546875,0.0
1751,319,-0.5205078125,-1.78125,-0.625,0.0
1752,320,0.19140625,0.796875,0.75,0.0
1753,320,3.240234375,2.484375,-0.765625,0.0
1754,320,-1.6806640625,-1.0625,0.921875,0.0
1755,320,0.958984375,0.25,1.515625,1.0
1756,321,1.0263671875,1.9375,-0.078125,0.0
1757,321,0.390625,-0.421875,1.21875,0.0
1758,321,0.837890625,-0.0625,-0.71875,1.0
1759,321,0.2587890625,-0.46875,0.03125,1.0
1760,321,-2.365234375,-0.453125,2.96875,0.0
1761,322,1.802734375,0.59375,0.09375,1.0
1762,322,0.4775390625,0.140625,-0.546875,1.0
1763,322,0.9228515625,-0.484375,-0.828125,1.0
1764,322,1.6640625,0.46875,-0.375,1.0
1765,322,1.4794921875,1.46875,0.375,1.0
1766,322,-1.1650390625,0.53125,-0.453125,0.0
1767,323,-0.2177734375,-0.765625,-0.484375,0.0
1768,323,1.197265625,-0.171875,0.640625,0.0
1769,323,-2.810546875,-1.640625,-1.109375,1.0
1770,323,-0.7236328125,0.34375,-0.53125,1.0
1771,323,1.6337890625,-0.734375,-0.328125,1.0
1772,323,0.6884765625,0.625,0.015625,1.0
1773,323,1.5263671875,1.0,1.21875,0.0
1774,324,-0.7412109375,0.390625,0.28125,1.0
1775,324,-1.396484375,-0.109375,-1.0625,0.0
1776,324,-1.1669921875,0.0,-1.171875,0.0
1777,324,-0.70703125,-0.328125,-1.859375,0.0
1778,324,0.24609375,0.640625,-1.703125,0.0
1779,324,0.595703125,0.46875,-1.359375,0.0
1780,324,-1.1748046875,0.28125,-0.46875,1.0
1781,324,1.830078125,2.609375,-1.1875,0.0
1782,325,-0.787109375,-1.578125,-0.046875,1.0
1783,325,2.2060546875,2.34375,-2.109375,0.0
1784,325,0.033203125,-0.546875,0.875,0.0
1785,326,-1.5869140625,-0.546875,-0.515625,1.0
1786,326,0.513671875,0.3125,-0.265625,0.0
1787,326,-3.333984375,-0.21875,2.09375,0.0
1788,326,0.8935546875,-0.296875,-1.359375,1.0
1789,327,-1.8056640625,-0.703125,1.53125,0.0
1790,327,2.123046875,0.078125,-1.140625,0.0
1791,327,0.5390625,0.125,0.3125,1.0
1792,327,-0.470703125,0.09375,1.5,1.0
1793,327,-0.8212890625,-0.71875,-0.625,0.0
1794,328,0.1484375,1.84375,-0.71875,0.0
1795,328,-1.3837890625,0.828125,0.28125,1.0
1796,328,-0.3115234375,-0.046875,-0.21875,0.0
1797,328,-0.8525390625,0.34375,0.34375,0.0
1798,328,0.8779296875,0.296875,-1.15625,0.0
1799,328,0.69921875,1.1875,-0.75,0.0
1800,329,-0.3251953125,-0.359375,1.703125,0.0
1801,329,-1.8369140625,-0.328125,1.890625,0.0
1802,329,1.69921875,0.703125,-0.5625,0.0
1803,329,0.9716796875,0.484375,-1.0,0.0
1804,329,-1.251953125,-0.40625,-0.484375,0.0
1805,329,-0.6845703125,-1.109375,0.25,0.0
1806,329,-0.7802734375,-0.890625,0.265625,1.0
1807,330,1.5244140625,0.59375,-0.546875,0.0
1808,330,3.1015625,1.875,-0.515625,1.0
1809,330,1.173828125,0.671875,-0.734375,1.0
1810,330,0.5732421875,0.8125,-1.234375,0.0
1811,330,0.447265625,1.140625,-0.3125,0.0
1812,330,0.3291015625,0.671875,0.15625,0.0
1813,330,-0.4453125,-1.09375,-2.515625,0.0
1814,330,1.2734375,0.203125,-1.28125,1.0
1815,331,0.0322265625,-0.4375,-1.8125,1.0
1816,331,1.4853515625,0.546875,-1.4375,1.0
1817,331,-2.181640625,-0.59375,-0.984375,0.0
1818,332,2.267578125,0.140625,-1.25,0.0
1819,332,0.1455078125,-1.109375,-0.453125,0.0
1820,332,1.095703125,-0.09375,-0.46875,0.0
1821,332,1.154296875,-0.5625,-0.40625,0.0
1822,333,1.314453125,0.375,0.75,0.0
1823,333,0.1318359375,-0.1875,0.265625,1.0
1824,333,1.4599609375,0.53125,0.53125,0.0
1825,333,1.3935546875,0.8125,0.09375,0.0
1826,333,2.4296875,1.265625,-0.390625,0.0
1827,334,2.3857421875,-0.125,-2.0,0.0
1828,334,-1.20703125,0.0,-0.625,0.0
1829,334,-0.4072265625,-0.984375,0.1875,0.0
1830,334,3.1005859375,1.71875,-1.59375,1.0
1831,334,-2.8017578125,0.421875,-0.890625,0.0
1832,334,-0.478515625,1.90625,-0.234375,0.0
1833,335,2.1064453125,-0.234375,-0.25,0.0
1834,335,-0.7919921875,0.375,0.953125,1.0
1835,335,-0.3486328125,-0.3125,3.328125,1.0
1836,335,-0.173828125,0.0625,0.59375,1.0
1837,335,-1.57421875,-1.375,1.484375,0.0
1838,335,-0.142578125,-1.4375,1.578125,0.0
1839,335,3.0693359375,0.25,-0.5625,1.0
1840,336,-0.0068359375,-0.375,-0.21875,1.0
1841,336,0.2265625,0.296875,-0.84375,1.0
1842,336,1.36328125,1.109375,0.59375,1.0
1843,336,-4.5576171875,-0.859375,1.28125,0.0
1844,336,-0.681640625,0.28125,-0.640625,0.0
1845,336,0.2119140625,-0.0625,0.859375,1.0
1846,336,1.9765625,1.359375,0.6875,1.0
1847,336,-1.759765625,-0.265625,-1.15625,0.0
1848,337,1.990234375,1.625,0.984375,0.0
1849,337,-1.9091796875,-0.3125,1.375,0.0
1850,337,3.0693359375,-0.25,-0.796875,1.0
1851,338,0.9921875,-1.359375,-0.4375,1.0
1852,338,-1.15625,0.75,0.0,0.0
1853,338,-0.1064453125,0.609375,-0.140625,0.0
1854,338,3.3720703125,0.78125,-1.21875,1.0
1855,339,-1.6806640625,0.109375,0.34375,0.0
1856,339,0.666015625,0.125,0.171875,0.0
1857,339,3.005859375,0.296875,-0.203125,0.0
1858,339,0.94140625,0.1875,-1.375,0.0
1859,339,-0.3291015625,0.984375,-0.453125,0.0
1860,340,2.40625,1.265625,0.5,1.0
1861,340,-0.5888671875,0.640625,0.984375,0.0
1862,340,0.662109375,0.15625,0.640625,0.0
1863,340,0.4130859375,-1.046875,0.46875,0.0
1864,340,-0.12109375,-0.3125,1.234375,1.0
1865,340,2.115234375,-0.40625,-0.5625,0.0
1866,341,-0.5791015625,-0.734375,0.015625,1.0
1867,341,-0.5576171875,0.03125,2.078125,0.0
1868,341,0.736328125,0.90625,1.140625,0.0
1869,341,1.353515625,-0.03125,0.6875,0.0
1870,341,3.064453125,0.46875,0.640625,1.0
1871,341,1.3720703125,2.390625,-0.703125,0.0
1872,341,1.47265625,-0.625,0.21875,0.0
1873,342,1.3232421875,1.0625,2.265625,0.0
1874,342,0.71875,-0.296875,0.59375,0.0
1875,342,0.9677734375,0.46875,0.34375,0.0
1876,342,1.0703125,-1.796875,0.078125,1.0
1877,342,0.392578125,-0.703125,1.296875,0.0
1878,342,-0.6435546875,0.28125,1.09375,0.0
1879,342,-0.7744140625,0.359375,-0.5625,1.0
1880,342,-0.638671875,0.875,0.109375,0.0
1881,343,-1.072265625,-0.703125,-0.078125,0.0
1882,343,-0.4052734375,-0.40625,0.296875,0.0
1883,343,-0.126953125,-0.140625,0.515625,0.0
1884,344,-2.369140625,-1.796875,0.4375,0.0
1885,344,-1.1982421875,-0.59375,-1.234375,0.0
1886,344,1.0546875,0.109375,0.0,1.0
1887,344,0.2216796875,-0.75,-1.25,1.0
1888,345,0.673828125,1.40625,-0.78125,0.0
1889,345,-0.68359375,0.15625,-0.296875,1.0
1890,345,-0.955078125,0.390625,-1.15625,0.0
1891,345,0.451171875,-0.03125,-1.09375,0.0
1892,345,-0.306640625,1.359375,-0.40625,0.0
1893,346,-0.9033203125,-1.015625,0.953125,0.0
1894,346,0.7646484375,0.71875,0.46875,0.0
1895,346,-2.6591796875,0.109375,1.0625,0.0
1896,346,2.70703125,0.03125,-0.453125,0.0
1897,346,-2.0869140625,-2.484375,-0.453125,0.0
1898,346,-0.5556640625,0.328125,0.21875,0.0
1899,347,-0.3427734375,0.609375,2.796875,1.0
1900,347,-1.2587890625,-0.359375,1.203125,1.0
1901,347,0.3759765625,1.796875,0.8125,1.0
1902,347,0.9072265625,-0.5,-0.5,1.0
1903,347,-0.6279296875,-0.625,-0.859375,0.0
1904,347,1.4638671875,0.28125,-1.015625,1.0
1905,347,0.4619140625,0.421875,0.453125,1.0
1906,348,1.427734375,-1.09375,0.265625,1.0
1907,348,1.1220703125,-0.015625,0.796875,0.0
1908,348,2.8505859375,2.453125,-1.453125,1.0
1909,348,-0.67578125,0.03125,0.40625,1.0
1910,348,0.78125,-0.03125,-0.859375,1.0
1911,348,0.529296875,-0.84375,-0.25,1.0
1912,348,-0.08984375,0.0,-0.265625,1.0
1913,348,0.3359375,-1.203125,-0.03125,1.0
1914,349,0.005859375,0.40625,-1.734375,0.0
1915,349,1.767578125,-0.265625,-0.703125,1.0
1916,349,-0.185546875,-1.53125,-0.03125,0.0
1917,350,0.4111328125,0.234375,0.28125,1.0
1918,350,-1.548828125,-0.46875,1.296875,0.0
1919,350,0.95703125,0.1875,-0.421875,0.0
1920,350,0.115234375,0.09375,0.171875,0.0
1921,351,0.427734375,0.390625,1.046875,1.0
1922,351,-0.5390625,0.3125,-0.234375,1.0
1923,351,0.98828125,-0.203125,-1.09375,1.0
1924,351,-1.1376953125,-0.5625,1.390625,0.0
1925,351,1.69140625,0.171875,-0.59375,1.0
1926,352,0.412109375,-0.859375,-1.78125,0.0
1927,352,1.33203125,-0.890625,-0.8125,1.0
1928,352,-2.3193359375,0.859375,2.125,0.0
1929,352,0.2294921875,-0.1875,0.3125,0.0
1930,352,-1.06640625,0.796875,1.40625,0.0
1931,352,-0.2412109375,-1.484375,0.5,0.0
1932,353,0.8203125,-0.4375,-1.46875,1.0
1933,353,-0.01953125,0.03125,-2.609375,0.0
1934,353,-0.6845703125,0.125,-1.703125,0.0
1935,353,-1.7138671875,-0.71875,0.203125,0.0
1936,353,1.533203125,1.015625,-0.609375,0.0
1937,353,-0.3916015625,0.109375,-0.15625,1.0
1938,353,-1.2529296875,-0.078125,1.5,0.0
1939,354,-0.064453125,1.09375,1.28125,0.0
1940,354,0.6376953125,-0.59375,-1.28125,0.0
1941,354,0.3701171875,-0.609375,-0.34375,0.0
1942,354,-0.3984375,0.109375,1.21875,1.0
1943,354,0.431640625,0.59375,0.53125,1.0
1944,354,-1.013671875,0.578125,-0.703125,0.0
1945,354,-1.4228515625,-0.25,0.796875,0.0
1946,354,0.1484375,-0.265625,1.734375,1.0
1947,355,-0.2470703125,-0.0625,-0.671875,1.0
1948,355,-1.0224609375,-1.359375,-1.15625,0.0
1949,355,-1.73046875,0.0,-0.890625,1.0
1950,356,-1.09375,-0.46875,-0.65625,1.0
1951,356,-0.7177734375,1.234375,0.921875,1.0
1952,356,2.892578125,0.359375,-1.1875,0.0
1953,356,0.0634765625,0.46875,0.5625,1.0
1954,357,-1.9443359375,-1.890625,-0.0625,1.0
1955,357,1.3798828125,0.328125,-1.96875,1.0
1956,357,0.4541015625,1.078125,1.515625,0.0
1957,357,-1.5048828125,-1.515625,-0.265625,0.0
1958,357,-4.1611328125,-0.90625,0.359375,1.0
1959,358,1.888671875,1.296875,-3.171875,0.0
1960,358,-1.560546875,0.328125,-1.484375,0.0
1961,358,-2.3544921875,-1.359375,-0.90625,0.0
1962,358,-1.408203125,-0.15625,0.9375,0.0
1963,358,-2.724609375,0.515625,0.6875,0.0
1964,358,1.109375,0.453125,0.640625,1.0
1965,359,1.0185546875,0.140625,-0.265625,0.0
1966,359,2.1171875,1.9375,1.625,0.0
1967,359,-1.693359375,-1.15625,0.390625,0.0
1968,359,1.48046875,1.9375,-0.03125,0.0
1969,359,0.6259765625,0.65625,0.109375,0.0
1970,359,0.140625,0.75,-0.015625,0.0
1971,359,-1.1181640625,-0.1875,3.421875,1.0
1972,360,-0.6396484375,0.25,-1.25,0.0
1973,360,-0.146484375,-0.046875,-0.625,0.0
1974,360,0.109375,-0.34375,-0.59375,0.0
1975,360,-1.8857421875,-0.28125,-0.609375,0.0
1976,360,-0.005859375,0.625,-0.890625,0.0
1977,360,0.4892578125,1.0,-0.578125,0.0
1978,360,1.20703125,0.484375,-1.328125,0.0
1979,360,-0.615234375,0.3125,-2.625,0.0
1980,361,-0.060546875,0.546875,1.140625,1.0
1981,361,-1.7373046875,-0.078125,-0.40625,0.0
1982,361,1.615234375,0.421875,-0.46875,1.0
1983,362,-1.02734375,-0.671875,-1.46875,0.0
1984,362,-1.5849609375,0.484375,0.9375,0.0
1985,362,-0.11328125,0.0625,-0.390625,1.0
1986,362,2.3330078125,0.84375,-0.4375,1.0
1987,363,1.0498046875,-0.125,-1.078125,1.0
1988,363,1.001953125,0.5,1.5,1.0
1989,363,1.5654296875,1.875,-0.734375,0.0
1990,363,-0.2744140625,-1.078125,0.046875,1.0
1991,363,-0.447265625,-0.03125,-0.125,0.0
1992,364,3.1650390625,1.203125,-0.53125,0.0
1993,364,0.7255859375,-0.59375,-0.21875,1.0
1994,364,-1.40234375,-1.203125,0.984375,0.0
1995,364,0.083984375,-0.46875,0.546875,1.0
1996,364,0.052734375,1.25,0.578125,1.0
1997,364,-0.3388671875,0.171875,2.0,0.0
1998,365,2.3857421875,0.40625,-0.515625,0.0
1999,365,-0.2626953125,0.375,0.0,1.0
2000,365,0.8818359375,-0.109375,0.125,0.0
2001,365,0.611328125,-1.390625,-0.578125,1.0
2002,365,-0.583984375,-0.671875,-0.359375,1.0
2003,365,-0.7470703125,-0.0625,0.1875,0.0
2004,365,0.0830078125,-0.65625,0.203125,0.0
2005,366,-1.3115234375,-2.0,0.375,1.0
2006,366,-1.3828125,-0.234375,0.015625,0.0
2007,366,-0.70703125,-0.734375,0.046875,0.0
2008,366,0.1591796875,-0.109375,0.125,1.0
2009,366,0.8330078125,0.1875,-0.1875,0.0
2010,366,-0.07421875,-1.546875,1.25,1.0
2011,366,0.9794921875,-0.1875,-0.4375,1.0
2012,366,-1.3994140625,0.0,1.859375,0.0
2013,367,-1.9931640625,-0.15625,0.953125,0.0
2014,367,1.0185546875,-0.109375,0.203125,1.0
2015,367,-0.3603515625,0.375,-0.1875,1.0
2016,368,-0.923828125,-0.78125,1.296875,1.0
2017,368,0.1796875,0.625,-1.0625,0.0
2018,368,-0.98046875,-1.0,0.5625,1.0
2019,368,3.451171875,0.921875,0.484375,1.0
2020,369,0.037109375,0.375,-0.890625,0.0
2021,369,-1.03125,0.203125,0.453125,0.0
2022,369,0.0341796875,0.359375,0.1875,0.0
2023,369,2.087890625,1.125,-0.984375,1.0
2024,369,-1.46875,-0.875,-0.421875,0.0
2025,370,1.1474609375,0.359375,-0.3125,1.0
2026,370,1.1103515625,-0.203125,-0.21875,0.0
2027,370,-1.7138671875,-0.875,0.0,0.0
2028,370,-1.0673828125,-1.546875,-1.109375,0.0
2029,370,0.216796875,0.078125,1.015625,1.0
2030,370,-0.697265625,0.28125,-1.109375,1.0
2031,371,1.240234375,0.3125,1.15625,0.0
2032,371,-0.6181640625,-0.140625,0.65625,1.0
2033,371,0.63671875,2.25,-1.0,1.0
2034,371,-0.505859375,-1.140625,0.046875,0.0
2035,371,-1.2646484375,-1.40625,1.9375,1.0
2036,371,0.4091796875,0.015625,1.078125,1.0
2037,371,4.791015625,2.59375,-1.890625,0.0
2038,372,-1.7041015625,-0.65625,-1.296875,1.0
2039,372,-0.8251953125,-0.96875,0.09375,0.0
2040,372,-0.5654296875,1.953125,0.53125,1.0
2041,372,-2.4013671875,-2.921875,-0.5,0.0
2042,372,0.005859375,-0.65625,-1.015625,1.0
2043,372,1.8837890625,-0.40625,-1.765625,0.0
2044,372,-0.4609375,-2.78125,-2.234375,1.0
2045,372,-0.8154296875,-1.796875,0.03125,1.0
2046,373,0.142578125,-0.96875,-0.25,1.0
2047,373,3.12109375,1.0,0.109375,1.0
2048,373,-0.255859375,-0.921875,-0.5625,1.0
2049,374,0.4462890625,-0.421875,1.140625,1.0
2050,374,1.0712890625,-0.453125,-0.328125,1.0
2051,374,0.36328125,0.578125,0.328125,0.0
2052,374,2.0986328125,1.03125,-1.03125,1.0
2053,375,-1.2197265625,-0.234375,-0.234375,0.0
2054,375,0.1259765625,0.09375,-0.09375,0.0
2055,375,1.087890625,-1.40625,-1.96875,0.0
2056,375,2.1015625,0.296875,0.25,1.0
2057,375,0.0732421875,-1.078125,0.96875,1.0
2058,376,-0.123046875,-0.734375,-0.46875,0.0
2059,376,-1.845703125,1.796875,-0.96875,0.0
2060,376,-3.890625,-1.015625,1.015625,0.0
2061,376,-1.677734375,-1.453125,0.34375,0.0
2062,376,-0.86328125,0.609375,1.234375,1.0
2063,376,0.8818359375,0.78125,-2.015625,0.0
2064,377,1.525390625,1.171875,-0.25,0.0
2065,377,0.6533203125,1.03125,1.4375,1.0
2066,377,2.333984375,0.953125,1.15625,0.0
2067,377,0.7470703125,0.046875,1.359375,0.0
2068,377,1.365234375,1.03125,-0.5625,0.0
2069,377,0.943359375,-0.1875,0.515625,1.0
2070,377,0.578125,-0.59375,1.03125,1.0
2071,378,-1.158203125,-1.40625,0.421875,1.0
2072,378,-2.6640625,-1.453125,0.46875,0.0
2073,378,-1.5126953125,-1.171875,0.4375,1.0
2074,378,-1.5615234375,-0.46875,0.4375,1.0
2075,378,1.267578125,-0.40625,-0.625,1.0
2076,378,-1.275390625,0.71875,-0.96875,0.0
2077,378,-0.4482421875,1.109375,-0.875,0.0
2078,378,0.9619140625,0.5625,0.0625,0.0
2079,379,-1.2978515625,-0.65625,0.46875,0.0
2080,379,0.1181640625,-0.0625,-0.5,0.0
2081,379,0.197265625,0.84375,-0.875,0.0
2082,380,-0.7392578125,-1.40625,1.078125,0.0
2083,380,1.4755859375,1.28125,0.484375,1.0
2084,380,0.6220703125,0.875,0.328125,0.0
2085,380,-1.8330078125,-0.546875,-0.0625,1.0
2086,381,-0.974609375,-1.0625,0.078125,1.0
2087,381,-0.6650390625,0.125,-0.015625,1.0
2088,381,0.7119140625,-0.734375,0.296875,1.0
2089,381,0.599609375,0.421875,-0.015625,0.0
2090,381,-0.0693359375,1.375,0.28125,0.0
2091,382,-0.1513671875,0.5,0.640625,1.0
2092,382,-2.4052734375,-0.390625,-0.4375,0.0
2093,382,-3.890625,-2.234375,-0.671875,1.0
2094,382,0.091796875,0.875,-1.21875,0.0
2095,382,-1.2197265625,-0.515625,-0.828125,0.0
2096,382,-3.8466796875,-0.984375,-0.953125,0.0
2097,383,-0.3134765625,0.609375,0.140625,0.0
2098,383,1.12890625,0.921875,-0.125,0.0
2099,383,-0.15234375,-0.4375,-1.453125,0.0
2100,383,-1.7568359375,-0.078125,0.515625,0.0
2101,383,-0.666015625,1.140625,0.4375,1.0
2102,383,1.1923828125,-0.4375,-1.359375,1.0
2103,383,4.123046875,2.546875,-0.671875,0.0
2104,384,-0.92578125,-0.859375,0.546875,0.0
2105,384,-0.5693359375,-0.390625,-0.40625,0.0
2106,384,-0.478515625,-2.109375,-0.953125,0.0
2107,384,-0.6083984375,-2.015625,-0.0625,0.0
2108,384,2.5322265625,-0.15625,-0.390625,0.0
2109,384,-0.595703125,-0.4375,0.1875,1.0
2110,384,0.978515625,0.5625,2.015625,0.0
2111,384,0.568359375,0.703125,0.1875,1.0
2112,385,1.6904296875,1.953125,0.171875,0.0
2113,385,-1.1142578125,-0.328125,-0.140625,0.0
2114,385,0.1416015625,0.09375,-0.359375,0.0
2115,386,-0.1181640625,0.453125,-0.28125,1.0
2116,386,-0.4462890625,-1.046875,0.3125,0.0
2117,386,-1.6328125,0.125,0.875,0.0
2118,386,-0.4267578125,1.59375,-0.546875,0.0
2119,387,-0.0849609375,0.25,-0.828125,0.0
2120,387,0.4775390625,0.90625,0.1875,1.0
2121,387,-0.3642578125,0.28125,0.34375,0.0
2122,387,2.1591796875,0.4375,-0.34375,1.0
2123,387,-0.908203125,0.78125,0.484375,0.0
2124,388,1.1484375,1.1875,0.4375,0.0
2125,388,2.6298828125,1.046875,-1.34375,0.0
2126,388,3.666015625,2.3125,-0.703125,0.0
2127,388,0.4169921875,1.140625,2.0,0.0
2128,388,2.16015625,0.0,0.9375,0.0
2129,388,2.087890625,1.453125,0.578125,0.0
2130,389,-1.6923828125,-0.28125,0.828125,1.0
2131,389,-1.7685546875,0.140625,1.34375,0.0
2132,389,-0.865234375,-0.953125,0.84375,0.0
2133,389,1.4794921875,0.21875,-1.03125,0.0
2134,389,-0.396484375,-0.890625,0.578125,0.0
2135,389,1.35546875,1.671875,-1.0,0.0
2136,389,1.14453125,-0.734375,0.4375,1.0
2137,390,-0.3876953125,0.359375,1.921875,0.0
2138,390,0.3720703125,-1.4375,-0.734375,1.0
2139,390,1.2958984375,-0.4375,0.65625,0.0
2140,390,-2.5439453125,-1.453125,1.859375,0.0
2141,390,0.0576171875,0.375,-0.953125,1.0
2142,390,1.7685546875,-0.3125,-0.625,0.0
2143,390,-0.9892578125,-0.203125,2.625,0.0
2144,390,-0.7421875,-0.921875,2.0,1.0
2145,391,0.4453125,0.0625,-0.046875,0.0
2146,391,0.71875,1.484375,0.640625,1.0
2147,391,-1.4052734375,-0.515625,0.765625,1.0
2148,392,1.498046875,0.6875,0.140625,0.0
2149,392,2.115234375,-0.265625,-2.203125,1.0
2150,392,0.787109375,-0.03125,-0.484375,0.0
2151,392,-0.33203125,-0.6875,-0.703125,1.0
2152,393,-0.447265625,0.828125,-0.359375,0.0
2153,393,2.7421875,1.375,-0.8125,1.0
2154,393,1.9482421875,1.359375,-0.46875,0.0
2155,393,0.8896484375,1.234375,-0.71875,1.0
2156,393,-1.8359375,-0.234375,-0.453125,0.0
2157,394,0.9677734375,1.359375,-0.796875,0.0
2158,394,1.16015625,0.640625,0.46875,0.0
2159,394,-0.2919921875,-0.8125,1.546875,0.0
2160,394,1.384765625,0.1875,-2.96875,1.0
2161,394,-0.9677734375,-1.875,0.5625,1.0
2162,394,-0.46484375,-0.234375,0.4375,1.0
2163,395,0.4609375,-0.5,-0.59375,0.0
2164,395,-1.466796875,0.78125,0.625,1.0
2165,395,0.58203125,1.65625,-1.65625,0.0
2166,395,-2.052734375,-0.703125,-0.921875,0.0
2167,395,0.1455078125,0.421875,0.515625,0.0
2168,395,0.314453125,1.109375,-1.21875,1.0
2169,395,-1.5654296875,-0.90625,-1.328125,1.0
2170,396,-0.43359375,-0.640625,0.640625,1.0
2171,396,1.22265625,-1.765625,1.1875,0.0
2172,396,0.626953125,-0.453125,1.578125,0.0
2173,396,0.123046875,-1.046875,-1.578125,0.0
2174,396,2.9404296875,-0.375,-1.796875,1.0
2175,396,0.5576171875,0.125,-0.25,0.0
2176,396,0.9462890625,1.46875,0.453125,0.0
2177,396,0.787109375,1.15625,1.59375,0.0
2178,397,2.171875,1.9375,0.078125,0.0
2179,397,2.2607421875,0.3125,0.546875,0.0
2180,397,0.3515625,1.640625,0.84375,1.0
2181,398,2.556640625,0.75,0.609375,1.0
2182,398,-1.0458984375,-0.578125,-0.15625,0.0
2183,398,-0.7080078125,-0.59375,0.015625,1.0
2184,398,1.1923828125,0.203125,0.203125,1.0
2185,399,0.9765625,0.75,-0.359375,0.0
2186,399,1.2763671875,1.890625,1.90625,0.0
2187,399,0.7353515625,1.5,-0.0625,0.0
2188,399,0.3212890625,0.015625,1.0,1.0
2189,399,0.6611328125,0.171875,-0.640625,1.0
2190,400,-1.1162109375,-2.0625,0.625,0.0
2191,400,1.3115234375,-0.109375,0.109375,0.0
2192,400,0.4501953125,-0.0625,-0.984375,1.0
2193,400,2.4755859375,0.15625,0.21875,1.0
2194,400,-0.98046875,0.171875,-0.6875,1.0
2195,400,-0.587890625,-0.984375,0.484375,1.0
2196,401,-0.4833984375,0.421875,-2.234375,0.0
2197,401,0.6865234375,-0.328125,-2.046875,1.0
2198,401,0.3876953125,0.34375,-1.828125,0.0
2199,401,-0.7490234375,0.703125,-1.390625,1.0
2200,401,1.0205078125,1.453125,-0.875,0.0
2201,401,0.1533203125,1.359375,-0.671875,0.0
2202,401,-1.380859375,-1.140625,-1.265625,1.0
2203,402,2.8291015625,2.25,0.640625,1.0
2204,402,-2.435546875,-1.828125,1.0,0.0
2205,402,0.48828125,-0.765625,0.71875,0.0
2206,402,-1.134765625,-0.796875,0.109375,0.0
2207,402,-0.533203125,-0.703125,0.0625,0.0
2208,402,0.2158203125,0.40625,1.609375,0.0
2209,402,2.09765625,1.59375,0.84375,0.0
2210,402,0.234375,0.234375,-0.53125,0.0
2211,403,1.9921875,0.84375,-0.0625,0.0
2212,403,-0.5810546875,0.609375,2.53125,0.0
2213,403,-0.6318359375,0.59375,0.140625,0.0
2214,404,-1.4541015625,-2.015625,-0.8125,0.0
2215,404,1.8125,1.421875,0.21875,0.0
2216,404,-1.0048828125,-0.96875,0.640625,1.0
2217,404,2.1220703125,1.21875,1.0625,1.0
2218,405,-1.6796875,-0.921875,0.015625,0.0
2219,405,3.3369140625,0.453125,-0.546875,1.0
2220,405,0.7626953125,1.140625,1.0625,0.0
2221,405,0.232421875,-1.875,-0.875,0.0
2222,405,3.5048828125,3.3125,-0.8125,1.0
2223,406,-0.6181640625,1.484375,0.890625,1.0
2224,406,0.3037109375,0.0,0.78125,1.0
2225,406,2.951171875,0.9375,0.125,1.0
2226,406,1.5322265625,1.8125,1.359375,0.0
2227,406,0.3173828125,-0.765625,0.3125,0.0
2228,406,0.3798828125,-0.734375,1.40625,0.0
2229,407,1.5400390625,0.90625,-0.40625,1.0
2230,407,2.1728515625,1.5,-0.765625,0.0
2231,407,0.10546875,-0.53125,-1.5625,1.0
2232,407,-0.6123046875,-1.109375,0.6875,0.0
2233,407,-2.642578125,-1.703125,0.28125,0.0
2234,407,1.890625,0.828125,1.109375,0.0
2235,407,0.818359375,-0.296875,0.46875,0.0
2236,408,-0.853515625,-0.15625,-0.765625,1.0
2237,408,2.2783203125,0.765625,0.421875,0.0
2238,408,1.162109375,-0.546875,0.0625,1.0
2239,408,-0.58203125,-0.75,0.171875,1.0
2240,408,-1.466796875,0.515625,0.21875,0.0
2241,408,0.580078125,-1.203125,-0.40625,1.0
2242,408,-0.3349609375,-1.8125,-0.09375,0.0
2243,408,-0.451171875,-0.6875,-0.609375,1.0
2244,409,-0.3515625,-0.984375,-0.109375,0.0
2245,409,-1.16015625,-0.8125,1.171875,0.0
2246,409,0.55859375,1.53125,0.03125,1.0
2247,410,0.134765625,0.421875,-1.265625,0.0
2248,410,-1.2685546875,-1.8125,-0.6875,0.0
2249,410,0.369140625,-0.1875,-0.46875,1.0
2250,410,0.76171875,0.03125,0.421875,1.0
2251,411,0.9443359375,0.234375,-0.34375,0.0
2252,411,3.7607421875,1.984375,-0.296875,1.0
2253,411,-0.9033203125,-0.265625,-0.296875,0.0
2254,411,0.23046875,0.59375,-0.484375,0.0
2255,411,-0.0712890625,-1.125,2.625,1.0
2256,412,0.3291015625,0.109375,1.109375,0.0
2257,412,0.087890625,0.484375,-1.453125,0.0
2258,412,0.681640625,1.015625,-1.515625,0.0
2259,412,-1.6962890625,-0.296875,-0.375,0.0
2260,412,0.1044921875,1.640625,1.28125,1.0
2261,412,-1.3798828125,-0.34375,-0.578125,1.0
2262,413,-1.4931640625,-0.15625,0.921875,1.0
2263,413,-1.1865234375,0.796875,-0.96875,1.0
2264,413,0.3310546875,1.734375,0.296875,0.0
2265,413,0.71484375,1.546875,-0.578125,0.0
2266,413,-1.1982421875,-1.15625,0.40625,0.0
2267,413,-2.2763671875,-1.59375,0.984375,0.0
2268,413,-1.8662109375,-0.28125,-1.234375,0.0
2269,414,-0.525390625,-0.6875,0.703125,1.0
2270,414,0.9560546875,-0.453125,-1.15625,0.0
2271,414,-2.443359375,-0.875,1.3125,0.0
2272,414,-1.828125,-0.484375,0.703125,0.0
2273,414,-1.55859375,-1.359375,1.0,0.0
2274,414,1.4482421875,2.1875,0.328125,0.0
2275,414,0.1240234375,-0.140625,-0.828125,1.0
2276,414,-1.2431640625,-0.84375,1.71875,1.0
2277,415,-4.8896484375,-1.296875,1.78125,0.0
2278,415,-0.208984375,0.453125,1.890625,1.0
2279,415,1.3955078125,-0.328125,-1.1875,1.0
2280,416,-0.720703125,0.6875,0.125,0.0
2281,416,0.5,-1.34375,-0.90625,1.0
2282,416,0.2880859375,0.28125,-0.890625,1.0
2283,416,-0.970703125,-0.5625,-0.640625,1.0
2284,417,-0.037109375,-0.15625,0.671875,0.0
2285,417,-0.771484375,-2.09375,-1.125,0.0
2286,417,0.2705078125,0.3125,-2.03125,0.0
2287,417,-1.453125,0.265625,0.234375,1.0
2288,417,-0.19140625,0.796875,0.640625,0.0
2289,418,1.005859375,1.234375,0.5,1.0
2290,418,0.5302734375,0.296875,1.0625,1.0
2291,418,-0.0576171875,-0.78125,-1.0,1.0
2292,418,0.0693359375,-0.046875,-0.734375,1.0
2293,418,2.076171875,1.875,-0.140625,0.0
2294,418,0.4228515625,-1.0,-1.140625,0.0
2295,419,1.453125,0.21875,1.5,0.0
2296,419,1.8056640625,0.546875,-1.0625,0.0
2297,419,3.763671875,0.84375,-0.796875,0.0
2298,419,-0.1865234375,0.53125,1.65625,0.0
2299,419,0.92578125,0.5625,-0.140625,0.0
2300,419,-0.3681640625,-0.125,1.3125,1.0
2301,419,-0.890625,-1.140625,1.375,0.0
2302,420,1.7568359375,0.96875,0.21875,0.0
2303,420,0.267578125,0.0625,0.546875,1.0
2304,420,2.08203125,0.921875,-1.078125,0.0
2305,420,2.2705078125,1.453125,0.796875,0.0
2306,420,-0.7099609375,0.328125,2.765625,1.0
2307,420,-2.3662109375,-1.28125,0.46875,0.0
2308,420,2.2958984375,-0.625,-1.96875,0.0
2309,420,2.2138671875,0.140625,0.171875,0.0
2310,421,1.30078125,1.03125,1.0625,1.0
2311,421,3.478515625,0.890625,-1.546875,0.0
2312,421,-0.6953125,-1.390625,0.984375,0.0
2313,422,-0.1728515625,-0.25,-1.1875,0.0
2314,422,-1.111328125,-0.671875,0.609375,0.0
2315,422,2.857421875,0.4375,-1.640625,1.0
2316,422,1.453125,-0.140625,-0.15625,1.0
2317,423,0.7978515625,0.15625,-1.734375,0.0
2318,423,0.716796875,-1.109375,0.03125,0.0
2319,423,0.859375,0.421875,0.9375,0.0
2320,423,-1.923828125,-0.296875,-1.421875,0.0
2321,423,-0.3994140625,-1.125,-1.5625,1.0
2322,424,1.8154296875,-0.484375,-0.734375,1.0
2323,424,1.1083984375,0.515625,1.34375,1.0
2324,424,0.6083984375,0.921875,2.125,0.0
2325,424,1.4658203125,1.0,0.984375,0.0
2326,424,-2.0888671875,-1.359375,1.6875,1.0
2327,424,1.8876953125,0.21875,-0.03125,0.0
2328,425,0.1689453125,-1.0,0.03125,0.0
2329,425,1.1650390625,0.796875,0.71875,1.0
2330,425,3.24609375,0.875,-1.78125,0.0
2331,425,0.0029296875,0.0,0.796875,0.0
2332,425,2.3857421875,1.171875,-0.125,0.0
2333,425,0.73046875,-0.140625,-0.828125,0.0
2334,425,-1.6298828125,0.4375,1.1875,0.0
2335,426,-2.6806640625,-1.953125,-1.625,0.0
2336,426,0.126953125,2.34375,0.0625,1.0
2337,426,0.9287109375,0.203125,-1.265625,0.0
2338,426,-0.791015625,0.46875,-1.03125,0.0
2339,426,-0.1044921875,1.359375,0.390625,1.0
2340,426,1.2158203125,1.734375,-0.890625,0.0
2341,426,-0.1376953125,0.796875,-0.890625,0.0
2342,426,1.419921875,-0.25,-0.765625,1.0
2343,427,1.142578125,2.390625,0.8125,1.0
2344,427,-0.6865234375,-0.609375,-0.5,1.0
2345,427,-0.5234375,1.875,-1.15625,0.0
2346,428,-0.1708984375,-0.125,-0.4375,1.0
2347,428,0.89453125,0.28125,-0.46875,0.0
2348,428,0.6826171875,-0.5,-0.125,0.0
2349,428,-0.732421875,0.015625,-1.234375,0.0
2350,429,-0.7158203125,-1.0625,0.546875,1.0
2351,429,-0.6181640625,-1.15625,-1.046875,0.0
2352,429,2.111328125,1.546875,-0.109375,0.0
2353,429,-0.5224609375,-1.046875,-0.78125,0.0
2354,429,-2.126953125,-0.546875,0.96875,0.0
2355,430,0.2666015625,1.296875,1.0,0.0
2356,430,-1.3154296875,-1.25,-1.21875,1.0
2357,430,-2.2392578125,-0.625,1.234375,0.0
2358,430,-1.998046875,-0.09375,0.859375,0.0
2359,430,-0.61328125,-0.65625,0.578125,0.0
2360,430,-0.380859375,1.0625,0.09375,1.0
2361,431,-0.716796875,-1.203125,0.65625,0.0
2362,431,3.9013671875,1.078125,-1.3125,1.0
2363,431,-0.517578125,0.578125,-0.328125,0.0
2364,431,1.0029296875,1.96875,-0.703125,0.0
2365,431,0.66015625,0.6875,-0.265625,0.0
2366,431,-2.5341796875,-2.25,0.765625,0.0
2367,431,-2.2294921875,-0.765625,1.1875,0.0
2368,432,0.443359375,0.0,-0.078125,1.0
2369,432,-1.458984375,-1.5625,-1.0,0.0
2370,432,3.1416015625,0.859375,-1.25,1.0
2371,432,1.5595703125,0.171875,-0.296875,1.0
2372,432,-1.1689453125,-2.21875,-0.875,1.0
2373,432,0.798828125,-0.78125,-0.9375,1.0
2374,432,1.3935546875,0.078125,-0.6875,1.0
2375,432,-2.5341796875,-2.59375,0.265625,0.0
2376,433,1.6728515625,0.3125,0.40625,1.0
2377,433,1.8857421875,1.21875,0.265625,0.0
2378,433,-0.66796875,0.140625,2.515625,0.0
2379,434,-0.8388671875,-0.53125,0.4375,0.0
2380,434,1.3740234375,-0.15625,0.765625,0.0
2381,434,-1.3232421875,-2.015625,-0.5625,0.0
2382,434,-0.52734375,0.6875,0.5625,0.0
2383,435,-0.9638671875,-0.6875,-0.546875,0.0
2384,435,0.275390625,0.8125,0.609375,0.0
2385,435,-2.623046875,-1.296875,2.078125,0.0
2386,435,-2.5478515625,-1.375,1.875,1.0
2387,435,0.67578125,0.03125,0.25,0.0
2388,436,-0.6962890625,-0.71875,-1.984375,0.0
2389,436,-0.1982421875,1.796875,0.828125,0.0
2390,436,-2.419921875,-0.625,0.75,0.0
2391,436,-0.7763671875,1.078125,-0.3125,0.0
2392,436,-0.966796875,0.390625,0.765625,0.0
2393,436,1.240234375,-0.53125,-0.515625,1.0
2394,437,1.162109375,-0.671875,0.28125,0.0
2395,437,0.173828125,-0.203125,-2.03125,0.0
2396,437,-1.787109375,-0.609375,-1.40625,1.0
2397,437,0.3671875,0.359375,-2.015625,0.0
2398,437,0.22265625,0.796875,-1.203125,0.0
2399,437,-0.3427734375,0.65625,-0.515625,0.0
2400,437,-0.365234375,-1.890625,-0.515625,0.0
2401,438,0.982421875,0.203125,0.28125,0.0
2402,438,2.2724609375,1.0625,0.78125,0.0
2403,438,0.3134765625,0.171875,-0.15625,0.0
2404,438,0.9716796875,0.875,-0.3125,0.0
2405,438,1.1396484375,-2.640625,-1.4375,1.0
2406,438,3.7724609375,0.40625,-2.890625,1.0
2407,438,-1.3837890625,-1.109375,-0.40625,0.0
2408,438,1.6044921875,-0.734375,-0.234375,0.0
2409,439,-1.814453125,-0.609375,-1.1875,0.0
2410,439,-0.34375,-0.984375,-1.078125,0.0
2411,439,0.2314453125,1.234375,0.59375,1.0
2412,440,1.759765625,1.90625,1.328125,0.0
2413,440,-3.7109375,-2.046875,-1.21875,1.0
2414,440,1.9736328125,1.390625,-0.5,1.0
2415,440,3.3212890625,1.265625,0.453125,0.0
2416,441,1.58203125,-0.109375,-0.671875,0.0
2417,441,0.9482421875,-1.609375,-0.03125,1.0
2418,441,3.12890625,-0.015625,1.9375,0.0
2419,441,-0.6259765625,1.390625,0.640625,0.0
2420,441,-0.0556640625,-0.53125,1.671875,0.0
2421,442,1.18359375,-0.359375,-0.890625,1.0
2422,442,-1.54296875,-0.421875,1.484375,0.0
2423,442,-2.39453125,0.34375,-0.484375,0.0
2424,442,-1.380859375,-0.15625,0.234375,1.0
2425,442,0.2509765625,2.140625,1.984375,0.0
2426,442,-0.2021484375,0.390625,0.015625,1.0
2427,443,1.798828125,0.984375,0.390625,0.0
2428,443,-0.6455078125,-1.3125,-0.671875,0.0
2429,443,-0.6572265625,-0.234375,-0.5625,0.0
2430,443,-1.0712890625,-1.296875,0.984375,0.0
2431,443,0.40234375,0.84375,-0.125,0.0
2432,443,-2.14453125,-0.921875,0.203125,0.0
2433,443,-0.337890625,-0.328125,-0.390625,1.0
2434,444,-2.666015625,-0.671875,-0.328125,0.0
2435,444,-1.5068359375,-0.625,1.6875,0.0
2436,444,-0.3720703125,1.015625,-0.03125,1.0
2437,444,-3.255859375,0.625,1.328125,1.0
2438,444,1.6552734375,0.46875,-0.71875,1.0
2439,444,-0.041015625,0.15625,-0.84375,1.0
2440,444,-0.2705078125,-1.078125,-0.390625,1.0
2441,444,-1.0205078125,-0.859375,-0.640625,0.0
2442,445,2.455078125,1.40625,-0.8125,0.0
2443,445,-0.896484375,-0.203125,0.03125,0.0
2444,445,-0.6357421875,2.28125,1.796875,0.0
2445,446,-0.6025390625,-0.40625,-0.671875,0.0
2446,446,-0.8466796875,0.546875,2.140625,1.0
2447,446,0.4169921875,0.25,0.1875,0.0
2448,446,1.83203125,1.59375,-0.640625,1.0
2449,447,-2.2900390625,-1.484375,1.6875,0.0
2450,447,3.017578125,1.65625,-0.53125,1.0
2451,447,-0.1005859375,-0.984375,3.34375,1.0
2452,447,1.5615234375,0.59375,1.71875,1.0
2453,447,0.2001953125,-0.671875,-0.328125,0.0
2454,448,-0.291015625,0.5625,-1.171875,1.0
2455,448,-0.580078125,-0.6875,-1.140625,0.0
2456,448,-1.5390625,-0.734375,-0.125,0.0
2457,448,-1.314453125,0.875,-0.34375,0.0
2458,448,-1.919921875,-1.015625,-0.265625,1.0
2459,448,-0.37109375,1.21875,0.09375,0.0
2460,449,-0.4443359375,0.109375,0.375,0.0
2461,449,0.46875,1.40625,-0.640625,0.0
2462,449,-3.232421875,-0.359375,1.359375,0.0
2463,449,0.68359375,1.359375,0.3125,0.0
2464,449,2.4931640625,-0.09375,0.609375,0.0
2465,449,1.107421875,-0.34375,-1.265625,1.0
2466,449,0.0732421875,-0.609375,-0.71875,0.0
2467,450,2.22265625,1.625,-0.359375,0.0
2468,450,2.3876953125,0.71875,-0.3125,0.0
2469,450,-0.4384765625,-1.671875,1.15625,1.0
2470,450,-0.9384765625,-0.03125,1.109375,0.0
2471,450,0.6943359375,1.203125,-0.421875,0.0
2472,450,-0.134765625,-1.078125,0.796875,1.0
2473,450,-1.626953125,0.1875,1.203125,0.0
2474,450,0.076171875,-1.078125,-0.84375,1.0
2475,451,-0.6494140625,-0.5,0.9375,0.0
2476,451,0.69140625,-0.390625,-0.328125,0.0
2477,451,-1.37109375,-0.875,1.875,0.0
2478,452,-2.3623046875,0.1875,0.28125,0.0
2479,452,-2.9677734375,-0.625,1.9375,0.0
2480,452,-0.302734375,-0.515625,-0.578125,0.0
2481,452,2.4541015625,2.09375,-2.421875,1.0
2482,453,1.4111328125,0.5625,2.046875,0.0
2483,453,-0.12890625,-0.5625,-0.484375,1.0
2484,453,-0.6640625,0.015625,2.703125,0.0
2485,453,-1.0693359375,-0.40625,0.296875,1.0
2486,453,1.11328125,-0.40625,-0.296875,1.0
2487,454,-0.5478515625,-1.265625,-0.203125,0.0
2488,454,-0.703125,-0.65625,0.078125,1.0
2489,454,-0.314453125,0.1875,0.421875,0.0
2490,454,-0.24609375,-0.1875,0.453125,0.0
2491,454,1.1455078125,0.78125,-0.984375,0.0
2492,454,-1.4736328125,0.359375,0.609375,1.0
2493,455,-0.0380859375,0.421875,0.390625,1.0
2494,455,0.6728515625,-0.8125,0.390625,1.0
2495,455,0.4951171875,0.875,1.015625,0.0
2496,455,-0.7099609375,-0.125,2.59375,1.0
2497,455,1.869140625,0.03125,-1.5625,0.0
2498,455,-1.4755859375,-0.796875,0.453125,0.0
2499,455,-0.171875,1.453125,2.953125,0.0
2500,456,1.8544921875,-0.609375,-0.3125,0.0
2501,456,-1.173828125,-0.03125,0.78125,1.0
2502,456,0.5205078125,0.59375,-0.890625,1.0
2503,456,-1.205078125,-0.65625,1.515625,1.0
2504,456,1.12109375,-0.21875,-0.34375,0.0
2505,456,-0.04296875,-0.078125,-0.8125,1.0
2506,456,-0.0263671875,0.125,-1.21875,0.0
2507,456,-0.3779296875,0.0625,1.640625,1.0
2508,457,0.42578125,-1.1875,0.734375,0.0
2509,457,2.0107421875,0.65625,1.875,1.0
2510,457,-0.3505859375,-0.59375,1.1875,1.0
2511,458,-0.966796875,-0.890625,0.265625,0.0
2512,458,0.58203125,-0.265625,0.796875,1.0
2513,458,-0.3134765625,-0.078125,-1.5625,0.0
2514,458,0.861328125,-0.15625,-0.03125,1.0
2515,459,-0.609375,-0.125,-0.234375,0.0
2516,459,0.0791015625,-0.09375,-0.03125,0.0
2517,459,0.2099609375,-1.546875,1.390625,0.0
2518,459,-1.9375,0.046875,2.046875,1.0
2519,459,1.1220703125,0.734375,-0.421875,1.0
2520,460,0.2138671875,0.25,-0.984375,0.0
2521,460,0.072265625,-0.34375,0.5625,1.0
2522,460,1.7177734375,-0.203125,0.34375,0.0
2523,460,-0.337890625,0.203125,0.25,1.0
2524,460,0.30078125,-0.1875,0.4375,1.0
2525,460,-0.7060546875,0.203125,0.1875,0.0
2526,461,-3.7607421875,-1.078125,0.703125,0.0
2527,461,2.2392578125,1.53125,-1.484375,1.0
2528,461,0.9931640625,0.765625,0.765625,0.0
2529,461,0.5537109375,0.234375,-1.59375,0.0
2530,461,-0.1728515625,0.4375,0.765625,0.0
2531,461,-1.0576171875,-1.578125,1.890625,0.0
2532,461,2.27734375,0.796875,0.28125,1.0
2533,462,-2.5615234375,-0.671875,0.640625,0.0
2534,462,0.8134765625,-0.046875,-1.359375,0.0
2535,462,1.2998046875,0.390625,-0.03125,0.0
2536,462,0.1357421875,-1.171875,-1.59375,0.0
2537,462,3.1083984375,0.125,-1.53125,0.0
2538,462,2.2451171875,1.125,-0.09375,0.0
2539,462,-0.6806640625,-0.390625,1.328125,1.0
2540,462,-2.6103515625,-0.796875,-0.859375,0.0
2541,463,4.0732421875,1.234375,-0.671875,1.0
2542,463,-1.1240234375,0.328125,0.984375,0.0
2543,463,-1.791015625,-0.125,1.328125,0.0
2544,464,0.3486328125,-0.140625,-0.65625,1.0
2545,464,-0.787109375,-0.671875,-0.640625,0.0
2546,464,-1.8955078125,-0.25,0.40625,0.0
2547,464,-0.0673828125,-0.078125,-1.296875,0.0
2548,465,-0.796875,1.125,1.546875,0.0
2549,465,-0.7744140625,-2.03125,0.5,1.0
2550,465,-0.27734375,0.28125,-1.046875,0.0
2551,465,-1.0693359375,-0.96875,1.171875,0.0
2552,465,0.8466796875,1.65625,0.53125,1.0
2553,466,-3.4794921875,-2.78125,0.828125,1.0
2554,466,0.8642578125,0.96875,-0.078125,0.0
2555,466,-1.63671875,1.65625,2.875,1.0
2556,466,-0.4501953125,-0.71875,-0.171875,1.0
2557,466,1.6337890625,-0.015625,-2.28125,1.0
2558,466,-1.3095703125,-0.40625,-0.484375,1.0
2559,467,0.82421875,0.125,-1.1875,1.0
2560,467,0.2314453125,-0.40625,-0.921875,0.0
2561,467,2.744140625,1.5,-1.6875,1.0
2562,467,-0.4755859375,-0.09375,0.0625,1.0
2563,467,4.216796875,1.953125,-2.34375,1.0
2564,467,0.177734375,1.21875,2.171875,0.0
2565,467,1.888671875,0.203125,-1.5,0.0
2566,468,1.7490234375,0.6875,-0.125,0.0
2567,468,0.998046875,0.734375,-0.265625,0.0
2568,468,0.498046875,0.65625,0.59375,1.0
2569,468,2.5244140625,2.0,-0.46875,1.0
2570,468,1.43359375,2.203125,-0.0625,0.0
2571,468,1.388671875,-0.171875,0.453125,0.0
2572,468,-0.2138671875,0.40625,1.046875,0.0
2573,468,0.1611328125,-1.515625,0.265625,1.0
2574,469,3.7890625,1.328125,-0.8125,1.0
2575,469,1.958984375,2.53125,0.21875,0.0
2576,469,1.41015625,0.46875,0.0,0.0
2577,470,-0.0,-0.71875,-0.390625,0.0
2578,470,1.66796875,1.25,-0.109375,1.0
2579,470,2.2431640625,-0.15625,-0.796875,1.0
2580,470,-0.9462890625,0.375,0.984375,0.0
2581,471,-1.396484375,-0.28125,-2.234375,0.0
2582,471,0.150390625,-0.453125,-0.8125,0.0
2583,471,-1.0703125,-0.546875,-0.171875,1.0
2584,471,0.51171875,1.03125,0.171875,0.0
2585,471,0.4287109375,1.109375,-0.328125,1.0
2586,472,-1.966796875,0.3125,-0.453125,1.0
2587,472,-0.62890625,1.046875,0.484375,1.0
2588,472,0.8037109375,-0.859375,-0.265625,0.0
2589,472,1.0576171875,-0.015625,-1.515625,0.0
2590,472,-0.111328125,1.234375,-0.296875,1.0
2591,472,0.54296875,0.484375,-1.328125,0.0
2592,473,1.0634765625,-0.40625,-0.78125,0.0
2593,473,0.537109375,0.71875,-0.53125,1.0
2594,473,-0.94140625,-2.25,0.890625,0.0
2595,473,-3.478515625,-0.515625,0.0625,1.0
2596,473,3.3330078125,-0.1875,-0.40625,0.0
2597,473,0.830078125,0.828125,-0.28125,0.0
2598,473,-0.86328125,-1.21875,0.328125,0.0
2599,474,-0.611328125,0.515625,0.15625,1.0
2600,474,0.158203125,0.0,0.84375,0.0
2601,474,1.5712890625,-0.359375,-0.078125,0.0
2602,474,-0.107421875,-1.15625,0.90625,1.0
2603,474,2.22265625,1.609375,0.71875,1.0
2604,474,0.826171875,0.359375,0.90625,0.0
2605,474,0.97265625,0.6875,-0.21875,0.0
2606,474,-0.0302734375,0.203125,0.921875,1.0
2607,475,1.2275390625,0.34375,0.609375,1.0
2608,475,3.0166015625,0.53125,0.265625,0.0
2609,475,2.1240234375,0.15625,-0.78125,0.0
2610,476,0.19140625,1.078125,-0.140625,1.0
2611,476,-0.529296875,-0.140625,-1.375,0.0
2612,476,-0.5048828125,-0.71875,0.90625,0.0
2613,476,-0.7919921875,-0.125,-0.546875,0.0
2614,477,-0.9541015625,-0.140625,0.421875,1.0
2615,477,-1.064453125,0.34375,0.15625,1.0
2616,477,-1.9892578125,-2.0,-1.03125,0.0
2617,477,1.076171875,2.796875,0.5,1.0
2618,477,-1.546875,-0.125,0.640625,0.0
2619,478,1.4248046875,2.359375,-0.015625,1.0
2620,478,-1.1220703125,-0.203125,1.71875,0.0
2621,478,1.298828125,-0.140625,0.328125,0.0
2622,478,0.498046875,-0.015625,-0.15625,1.0
2623,478,-1.1376953125,-0.71875,1.234375,1.0
2624,478,1.517578125,-0.875,-0.53125,1.0
2625,479,2.65234375,1.078125,-0.46875,1.0
2626,479,2.6162109375,1.140625,0.578125,1.0
2627,479,2.7353515625,0.015625,-0.359375,1.0
2628,479,1.755859375,0.6875,-0.9375,0.0
2629,479,0.0185546875,0.234375,-0.8125,0.0
2630,479,0.408203125,-0.5,2.234375,1.0
2631,479,0.7109375,0.640625,0.328125,0.0
2632,480,-1.4619140625,-1.625,-1.59375,1.0
2633,480,-0.412109375,-0.8125,-0.578125,1.0
2634,480,-3.2470703125,-1.75,-1.515625,0.0
2635,480,-2.05078125,-0.390625,-1.0625,0.0
2636,480,-1.41015625,-0.765625,-2.28125,0.0
2637,480,-1.1962890625,-0.421875,1.1875,1.0
2638,480,-0.001953125,0.828125,1.375,0.0
2639,480,-2.091796875,-0.34375,-1.328125,0.0
2640,481,1.4833984375,-0.921875,-1.421875,0.0
2641,481,1.666015625,0.609375,-0.96875,0.0
2642,481,-2.1513671875,-0.859375,0.671875,0.0
2643,482,0.44921875,0.109375,0.625,1.0
2644,482,0.5068359375,-0.4375,1.09375,0.0
2645,482,-0.3837890625,-0.203125,-0.21875,1.0
2646,482,1.041015625,0.578125,0.28125,1.0
2647,483,-1.744140625,-2.171875,-0.40625,0.0
2648,483,0.9892578125,-0.359375,0.578125,0.0
2649,483,0.2177734375,0.59375,-0.421875,0.0
2650,483,-1.619140625,-0.671875,-0.453125,1.0
2651,483,-0.9560546875,0.046875,-0.6875,1.0
2652,484,1.048828125,2.0,0.921875,0.0
2653,484,-0.7802734375,1.171875,1.265625,1.0
2654,484,-3.7138671875,-1.265625,-0.28125,0.0
2655,484,0.30078125,0.453125,-0.234375,0.0
2656,484,0.923828125,0.109375,0.265625,0.0
2657,484,0.208984375,1.40625,-0.046875,0.0
2658,485,-0.20703125,-1.015625,-0.546875,1.0
2659,485,-1.2568359375,-0.140625,1.25,0.0
2660,485,-0.0146484375,0.28125,0.9375,0.0
2661,485,0.138671875,0.5625,0.09375,1.0
2662,485,-0.23828125,0.109375,0.34375,0.0
2663,485,-1.6748046875,-0.9375,1.765625,0.0
2664,485,-0.8974609375,0.265625,1.46875,0.0
2665,486,0.435546875,-0.484375,-0.03125,0.0
2666,486,2.416015625,1.609375,-0.828125,0.0
2667,486,1.841796875,1.53125,0.375,0.0
2668,486,-0.9404296875,-2.09375,-0.8125,1.0
2669,486,-0.7255859375,-0.28125,1.09375,1.0
2670,486,1.5439453125,-1.46875,0.578125,1.0
2671,486,1.2392578125,1.15625,-1.125,0.0
2672,486,1.93359375,0.40625,-1.046875,1.0
2673,487,-2.361328125,-1.40625,-1.265625,0.0
2674,487,-1.787109375,-0.625,0.234375,1.0
2675,487,-0.4736328125,-0.46875,0.703125,0.0
2676,488,-2.7255859375,-0.796875,2.390625,0.0
2677,488,0.884765625,0.65625,0.703125,1.0
2678,488,-1.6240234375,-0.421875,-0.171875,0.0
2679,488,-1.11328125,-0.5,0.046875,0.0
2680,489,-2.03515625,-1.421875,-0.546875,0.0
2681,489,-2.37890625,-0.9375,0.71875,0.0
2682,489,0.888671875,0.84375,-0.765625,1.0
2683,489,-1.796875,-0.609375,0.703125,1.0
2684,489,-1.115234375,-0.921875,0.375,1.0
2685,490,-0.779296875,-0.890625,-0.390625,0.0
2686,490,-1.3330078125,0.71875,-0.234375,0.0
2687,490,0.8896484375,1.515625,0.140625,0.0
2688,490,0.55078125,-1.03125,-0.203125,1.0
2689,490,-1.142578125,-0.5625,0.03125,1.0
2690,490,-0.8251953125,-0.4375,-0.875,1.0
2691,491,-1.5107421875,-0.609375,-1.515625,0.0
2692,491,-0.880859375,0.125,0.21875,0.0
2693,491,-1.455078125,-1.125,0.109375,0.0
2694,491,0.0810546875,-0.890625,0.203125,0.0
2695,491,-0.1455078125,0.84375,-0.125,1.0
2696,491,-0.623046875,0.328125,-0.703125,1.0
2697,491,-1.0869140625,-1.25,-0.984375,0.0
2698,492,2.60546875,0.515625,-0.84375,0.0
2699,492,0.138671875,0.640625,-0.671875,0.0
2700,492,0.2265625,1.328125,0.6875,1.0
2701,492,1.8759765625,1.875,-0.359375,0.0
2702,492,0.8388671875,-1.59375,0.0,1.0
2703,492,0.9970703125,-0.03125,1.078125,0.0
2704,492,0.5302734375,0.609375,-0.1875,0.0
2705,492,0.203125,0.296875,-1.453125,1.0
2706,493,-1.5966796875,-0.28125,1.921875,0.0
2707,493,1.3857421875,1.78125,0.703125,0.0
2708,493,1.42578125,2.1875,0.890625,1.0
2709,494,-0.7978515625,-0.421875,0.96875,1.0
2710,494,0.849609375,0.375,-0.125,1.0
2711,494,-0.3935546875,-1.640625,-1.5,1.0
2712,494,-0.4853515625,-0.484375,1.3125,1.0
2713,495,-1.7109375,-0.90625,-0.3125,0.0
2714,495,0.748046875,0.796875,0.234375,0.0
2715,495,-0.5947265625,0.5,1.09375,0.0
2716,495,-4.5390625,-1.09375,2.375,0.0
2717,495,-3.3251953125,-0.796875,0.453125,1.0
2718,496,0.91796875,0.21875,-1.84375,1.0
2719,496,1.6884765625,0.046875,-1.9375,1.0
2720,496,-0.7109375,-0.265625,-0.59375,0.0
2721,496,0.21484375,-0.078125,-2.25,0.0
2722,496,-0.90234375,-0.984375,-0.53125,1.0
2723,496,-3.3056640625,-0.75,0.90625,0.0
2724,497,0.6572265625,-2.046875,-0.09375,0.0
2725,497,1.0947265625,1.28125,-0.625,0.0
2726,497,1.6630859375,1.0625,0.71875,0.0
2727,497,1.90625,1.28125,-1.640625,0.0
2728,497,-0.8564453125,-0.171875,0.375,1.0
2729,497,0.494140625,1.140625,0.15625,1.0
2730,497,4.1103515625,2.203125,-0.328125,0.0
2731,498,-2.833984375,-0.984375,-1.3125,0.0
2732,498,-0.095703125,0.359375,0.296875,0.0
2733,498,-2.8251953125,-0.25,1.03125,0.0
2734,498,-1.1220703125,-0.109375,1.515625,0.0
2735,498,0.87109375,0.359375,-2.578125,0.0
2736,498,0.6044921875,0.953125,-0.484375,1.0
2737,498,2.6259765625,0.0,-2.109375,1.0
2738,498,1.3271484375,0.265625,-0.96875,1.0
2739,499,-2.015625,-0.1875,1.4375,0.0
2740,499,-1.138671875,-0.5,-0.8125,0.0
2741,499,3.0830078125,0.8125,-1.875,0.0
2742,500,0.7783203125,0.53125,1.0,1.0
2743,500,0.60546875,-0.40625,0.4375,1.0
2744,500,2.560546875,0.3125,-0.421875,0.0
2745,500,0.2353515625,-0.90625,-0.171875,0.0
2746,501,-1.2353515625,-0.546875,0.125,1.0
2747,501,-1.2705078125,-0.140625,-0.15625,0.0
2748,501,-1.0283203125,-2.171875,0.453125,0.0
2749,501,-0.4609375,0.21875,1.3125,1.0
2750,501,2.9716796875,-0.1875,-2.03125,0.0
2751,502,1.2314453125,0.34375,0.859375,0.0
2752,502,1.3095703125,0.609375,-0.265625,1.0
2753,502,1.861328125,1.34375,-1.671875,0.0
2754,502,1.671875,-0.125,-0.46875,0.0
2755,502,0.416015625,-1.484375,-0.96875,1.0
2756,502,-0.591796875,0.078125,1.15625,1.0
2757,503,-2.34375,-0.71875,2.96875,0.0
2758,503,0.171875,-0.328125,0.40625,0.0
2759,503,1.0087890625,0.984375,0.359375,1.0
2760,503,-0.150390625,0.21875,-0.4375,0.0
2761,503,-1.587890625,0.515625,0.796875,1.0
2762,503,1.3037109375,-0.78125,0.703125,0.0
2763,503,-0.1669921875,-0.21875,-0.078125,0.0
2764,504,0.0810546875,-0.375,0.375,0.0
2765,504,-0.84765625,0.4375,0.359375,0.0
2766,504,-1.23046875,-0.65625,-0.546875,0.0
2767,504,-0.1162109375,0.828125,-0.71875,0.0
2768,504,-0.970703125,0.359375,0.015625,1.0
2769,504,0.548828125,1.359375,-1.0,0.0
2770,504,-1.1396484375,-1.34375,-1.0,0.0
2771,504,-0.755859375,0.0625,-1.765625,0.0
2772,505,0.216796875,-0.484375,1.484375,1.0
2773,505,1.9560546875,-0.1875,-0.265625,0.0
2774,505,-0.3447265625,-0.359375,1.015625,0.0
2775,506,1.337890625,-0.0625,-0.640625,1.0
2776,506,-0.5380859375,0.046875,0.9375,0.0
2777,506,1.5234375,0.921875,-0.90625,0.0
2778,506,-0.525390625,0.984375,3.65625,0.0
2779,507,0.087890625,-0.046875,1.421875,0.0
2780,507,-1.2587890625,-1.0,0.765625,1.0
2781,507,0.11328125,0.46875,0.453125,0.0
2782,507,2.0869140625,0.640625,-0.25,0.0
2783,507,1.080078125,-0.109375,0.8125,0.0
2784,508,3.0126953125,1.546875,-1.3125,0.0
2785,508,1.1884765625,0.875,0.5,1.0
2786,508,-1.2216796875,-2.15625,-1.359375,0.0
2787,508,-0.43359375,-0.546875,-0.453125,0.0
2788,508,2.05078125,1.46875,-0.171875,1.0
2789,508,-0.6455078125,-1.203125,-0.375,0.0
2790,509,-0.4697265625,-1.109375,0.953125,0.0
2791,509,-0.4912109375,0.1875,0.265625,1.0
2792,509,1.0078125,0.875,-1.5625,1.0
2793,509,-0.3896484375,-0.40625,-0.671875,0.0
2794,509,2.9921875,1.296875,-1.578125,0.0
2795,509,0.232421875,-0.9375,0.34375,0.0
2796,509,-1.4453125,0.34375,-0.03125,0.0
2797,510,-2.58984375,-1.1875,1.671875,0.0
2798,510,-0.4267578125,-2.21875,-0.296875,1.0
2799,510,0.4501953125,0.109375,-0.84375,1.0
2800,510,2.6923828125,3.03125,0.765625,0.0
2801,510,0.88671875,1.375,-0.234375,1.0
2802,510,0.349609375,0.25,0.90625,0.0
2803,510,0.220703125,-0.171875,0.9375,0.0
2804,510,0.3125,-0.765625,-0.484375,0.0
2805,511,3.1220703125,2.390625,0.75,0.0
2806,511,-3.2763671875,-1.25,0.421875,0.0
2807,511,1.1298828125,0.09375,-0.765625,1.0
2808,512,1.5498046875,0.296875,-0.046875,0.0
2809,512,-1.240234375,0.34375,-0.21875,1.0
2810,512,-2.7705078125,-1.0,1.03125,0.0
2811,512,-0.8095703125,0.40625,0.296875,0.0
2812,513,1.60546875,0.5625,-0.375,1.0
2813,513,1.7607421875,0.8125,0.125,0.0
2814,513,-0.8212890625,0.953125,0.59375,1.0
2815,513,2.1064453125,-1.15625,-1.421875,1.0
2816,513,1.251953125,-0.15625,-0.015625,0.0
2817,514,-0.302734375,-0.421875,0.109375,1.0
2818,514,0.322265625,1.453125,0.5625,0.0
2819,514,-1.09375,0.34375,-0.046875,0.0
2820,514,-1.08203125,1.484375,0.765625,0.0
2821,514,1.3271484375,1.1875,-1.296875,0.0
2822,514,-2.21484375,0.8125,-1.125,0.0
2823,515,-1.1328125,-0.875,0.046875,0.0
2824,515,-0.1826171875,1.21875,1.78125,1.0
2825,515,0.6572265625,0.1875,-1.828125,1.0
2826,515,0.548828125,1.421875,-0.125,0.0
2827,515,-0.6025390625,0.375,0.609375,1.0
2828,515,0.5341796875,0.078125,-0.015625,0.0
2829,515,-1.8720703125,-0.296875,-0.421875,0.0
2830,516,2.6015625,0.046875,-0.125,0.0
2831,516,2.6953125,1.625,-1.0625,1.0
2832,516,3.5166015625,1.65625,-2.3125,1.0
2833,516,0.68359375,-0.203125,0.140625,0.0
2834,516,0.9716796875,-0.109375,-0.1875,0.0
2835,516,-0.8681640625,0.5625,1.28125,0.0
2836,516,-0.6923828125,0.078125,-1.546875,0.0
2837,516,-0.2255859375,0.171875,1.203125,1.0
2838,517,2.2568359375,1.25,0.046875,0.0
2839,517,2.60546875,1.421875,-0.53125,1.0
2840,517,1.08984375,-0.5,0.21875,1.0
2841,518,0.7470703125,-0.21875,-0.5,1.0
2842,518,-1.4033203125,0.0,-0.703125,0.0
2843,518,-0.375,2.015625,-0.28125,0.0
2844,518,1.328125,2.015625,0.265625,0.0
2845,519,-0.837890625,-0.140625,0.765625,1.0
2846,519,0.548828125,0.703125,0.796875,1.0
2847,519,-1.7353515625,-1.0625,1.953125,0.0
2848,519,1.357421875,0.015625,-0.5,0.0
2849,519,-1.7490234375,-0.65625,1.15625,0.0
2850,520,0.765625,0.265625,1.015625,0.0
2851,520,1.8115234375,1.28125,1.140625,0.0
2852,520,-0.080078125,0.125,-0.28125,1.0
2853,520,-2.275390625,-1.328125,0.84375,0.0
2854,520,0.76171875,0.34375,0.09375,0.0
2855,520,0.0126953125,0.234375,-0.703125,0.0
2856,521,0.6513671875,0.28125,-0.46875,1.0
2857,521,-0.826171875,-0.4375,0.78125,0.0
2858,521,0.51171875,-1.078125,-0.1875,1.0
2859,521,1.8837890625,1.015625,-1.359375,0.0
2860,521,0.1142578125,-0.296875,0.265625,0.0
2861,521,-2.1826171875,-1.515625,0.640625,0.0
2862,521,0.3623046875,0.875,1.34375,1.0
2863,522,0.771484375,1.140625,2.0,0.0
2864,522,-0.0634765625,0.140625,1.46875,1.0
2865,522,0.4658203125,2.15625,2.015625,0.0
2866,522,-1.7314453125,-0.21875,0.65625,0.0
2867,522,2.48046875,1.578125,1.09375,1.0
2868,522,-2.408203125,-0.984375,-0.734375,1.0
2869,522,-1.7236328125,0.15625,0.265625,1.0
2870,522,-0.4052734375,0.265625,0.015625,1.0
2871,523,-0.8564453125,-1.5625,-0.96875,1.0
2872,523,0.234375,1.140625,-0.84375,0.0
2873,523,-0.74609375,-0.359375,0.625,0.0
2874,524,1.2705078125,-0.015625,-0.25,0.0
2875,524,0.1259765625,-0.484375,-1.4375,0.0
2876,524,2.3779296875,2.125,-0.53125,1.0
2877,524,0.9365234375,1.09375,1.96875,0.0
2878,525,-0.09375,0.453125,-0.40625,1.0
2879,525,1.4345703125,-0.796875,-0.34375,0.0
2880,525,-0.7529296875,-1.265625,-1.390625,0.0
2881,525,1.16796875,1.34375,0.734375,1.0
2882,525,-0.2021484375,-0.4375,-0.875,0.0
2883,526,-1.4638671875,0.671875,0.828125,0.0
2884,526,0.4658203125,-0.453125,-1.140625,0.0
2885,526,-1.470703125,-0.828125,1.3125,0.0
2886,526,0.4140625,-0.328125,-0.6875,0.0
2887,526,-1.6728515625,-0.359375,1.671875,0.0
2888,526,-2.24609375,-0.734375,-0.921875,0.0
2889,527,1.333984375,0.34375,-1.609375,1.0
2890,527,0.1806640625,-0.5625,-1.34375,0.0
2891,527,-2.7119140625,-0.765625,1.421875,0.0
2892,527,-0.998046875,-0.140625,1.6875,1.0
2893,527,1.61328125,0.03125,-0.375,0.0
2894,527,1.966796875,1.15625,-0.859375,0.0
2895,527,0.45703125,-0.9375,-0.4375,1.0
2896,528,-0.9326171875,-1.046875,-0.671875,0.0
2897,528,-1.0439453125,0.8125,1.59375,0.0
2898,528,0.1689453125,0.21875,-2.046875,0.0
2899,528,-1.3740234375,-0.578125,1.203125,0.0
2900,528,0.48046875,-0.015625,-1.109375,0.0
2901,528,3.7724609375,1.453125,-1.734375,1.0
2902,528,1.2587890625,1.390625,0.28125,0.0
2903,528,-1.4130859375,-1.03125,-1.078125,1.0
2904,529,-0.19921875,-0.1875,0.109375,1.0
2905,529,-3.51953125,-1.484375,1.140625,0.0
2906,529,1.34375,1.46875,-0.0625,0.0
2907,530,0.666015625,-0.421875,-1.3125,1.0
2908,530,-1.1357421875,-0.671875,-0.359375,0.0
2909,530,0.791015625,-0.65625,-0.5,1.0
2910,530,-0.08984375,-0.171875,0.40625,1.0
2911,531,0.2958984375,-0.375,-0.34375,0.0
2912,531,-1.833984375,0.234375,0.59375,0.0
2913,531,0.04296875,-0.328125,-1.671875,0.0
2914,531,0.677734375,1.75,0.640625,0.0
2915,531,0.1337890625,-0.09375,-0.078125,1.0
2916,532,1.3740234375,0.8125,0.515625,1.0
2917,532,-0.6591796875,-0.5,1.109375,0.0
2918,532,0.0859375,0.234375,-0.296875,0.0
2919,532,3.1806640625,1.53125,-1.390625,1.0
2920,532,-0.2548828125,-0.03125,-0.28125,0.0
2921,532,-0.1865234375,-0.140625,-0.578125,1.0
2922,533,1.1806640625,0.765625,0.140625,1.0
2923,533,2.064453125,0.453125,-0.75,0.0
2924,533,-1.6376953125,-0.71875,1.21875,0.0
2925,533,2.275390625,0.15625,0.625,0.0
2926,533,1.78125,-0.125,-0.578125,0.0
2927,533,1.7236328125,0.09375,0.25,0.0
2928,533,2.32421875,1.21875,0.75,1.0
2929,534,-2.1171875,-1.390625,-0.34375,1.0
2930,534,0.5029296875,1.859375,-0.625,0.0
2931,534,-1.59375,-0.109375,0.25,1.0
2932,534,0.607421875,0.328125,-0.578125,0.0
2933,534,-1.7412109375,-1.421875,0.625,1.0
2934,534,-1.3076171875,0.28125,-0.890625,1.0
2935,534,-0.646484375,-0.703125,-1.0,0.0
2936,534,-0.4833984375,1.421875,0.859375,0.0
2937,535,0.173828125,0.828125,-0.15625,1.0
2938,535,-2.6064453125,-0.46875,0.53125,1.0
2939,535,-1.107421875,-0.21875,-0.671875,1.0
2940,536,1.7548828125,1.546875,-0.46875,0.0
2941,536,-1.4931640625,-0.515625,0.25,1.0
2942,536,-0.29296875,0.09375,-0.890625,0.0
2943,536,-0.77734375,-0.59375,-0.53125,1.0
2944,537,-3.091796875,-0.21875,-0.171875,1.0
2945,537,0.0185546875,-0.203125,0.828125,0.0
2946,537,0.57421875,0.75,1.78125,0.0
2947,537,2.2529296875,0.9375,0.15625,1.0
2948,537,-2.5751953125,-1.546875,-0.71875,1.0
2949,538,-0.240234375,0.125,-0.046875,1.0
2950,538,1.091796875,-0.265625,-0.15625,0.0
2951,538,3.126953125,0.21875,-3.0,0.0
2952,538,0.69921875,0.921875,-0.109375,1.0
2953,538,0.5400390625,-0.421875,-0.140625,1.0
2954,538,0.8095703125,0.140625,-2.453125,1.0
2955,539,0.806640625,0.890625,0.75,1.0
2956,539,1.7890625,0.734375,-0.46875,1.0
2957,539,1.748046875,0.8125,0.578125,0.0
2958,539,-0.1630859375,-1.0625,-0.125,0.0
2959,539,0.6240234375,0.625,2.125,1.0
2960,539,1.12109375,1.28125,1.40625,1.0
2961,539,3.638671875,1.796875,0.828125,1.0
2962,540,1.431640625,-0.25,0.78125,0.0
2963,540,0.1328125,-0.796875,-0.984375,1.0
2964,540,-0.1220703125,-0.96875,0.328125,0.0
2965,540,1.89453125,1.65625,0.265625,0.0
2966,540,-1.896484375,0.25,1.890625,0.0
2967,540,-0.2197265625,0.03125,-2.21875,0.0
2968,540,0.27734375,-0.34375,-2.3125,0.0
2969,540,-0.5751953125,0.046875,-0.84375,1.0
2970,541,0.0419921875,-0.640625,-1.28125,1.0
2971,541,-3.892578125,-1.171875,2.234375,0.0
2972,541,1.85546875,2.796875,-0.015625,0.0
2973,542,0.8017578125,-0.515625,0.9375,1.0
2974,542,-0.708984375,-0.40625,0.890625,0.0
2975,542,1.8203125,-0.109375,-0.078125,1.0
2976,542,0.6162109375,-1.1875,0.171875,0.0
2977,543,1.439453125,1.015625,0.4375,0.0
2978,543,-0.1064453125,-0.59375,-0.640625,1.0
2979,543,-0.76953125,-0.03125,-0.859375,0.0
2980,543,-0.677734375,-0.109375,1.484375,0.0
2981,543,0.2109375,1.515625,-1.84375,0.0
2982,544,1.2470703125,-0.046875,1.09375,0.0
2983,544,1.3212890625,0.515625,-0.21875,0.0
2984,544,-2.1474609375,-1.078125,1.390625,1.0
2985,544,1.7578125,0.84375,-0.53125,1.0
2986,544,1.462890625,0.25,1.171875,0.0
2987,544,0.7451171875,1.140625,-0.65625,0.0
2988,545,1.16015625,-0.625,-2.421875,0.0
2989,545,2.2177734375,2.671875,1.984375,1.0
2990,545,-1.32421875,-0.875,0.890625,0.0
2991,545,1.7099609375,-0.546875,-0.984375,0.0
2992,545,0.0087890625,-0.203125,1.140625,0.0
2993,545,0.9931640625,0.84375,0.296875,0.0
2994,545,-1.1005859375,-2.265625,-0.578125,0.0
2995,546,-1.439453125,-1.65625,0.609375,0.0
2996,546,-0.8779296875,-0.015625,0.34375,1.0
2997,546,1.02734375,1.234375,-0.71875,0.0
2998,546,1.7412109375,-0.640625,-1.40625,1.0
2999,546,0.357421875,0.921875,0.578125,0.0
3000,546,-0.6435546875,-0.0625,0.359375,0.0
3001,546,0.5439453125,1.15625,-0.90625,0.0
3002,546,0.2236328125,-0.828125,-0.296875,1.0
3003,547,-1.359375,-1.1875,-0.109375,1.0
3004,547,-2.4287109375,-1.796875,1.34375,0.0
3005,547,-1.6767578125,-1.21875,-0.75,1.0
3006,548,1.8037109375,1.515625,-1.359375,0.0
3007,548,0.01171875,1.9375,-0.96875,1.0
3008,548,0.984375,0.640625,1.78125,1.0
3009,548,-1.2177734375,0.203125,1.953125,0.0
3010,549,0.681640625,-0.34375,-1.125,0.0
3011,549,0.0986328125,-1.609375,-1.609375,0.0
3012,549,0.7578125,0.015625,-0.078125,0.0
3013,549,1.2919921875,1.9375,1.78125,1.0
3014,549,-1.8427734375,-1.0625,0.359375,1.0
3015,550,-0.787109375,-0.90625,-1.65625,0.0
3016,550,-0.517578125,-0.390625,-0.109375,0.0
3017,550,1.2021484375,0.75,-1.203125,1.0
3018,550,-0.1943359375,0.265625,-0.828125,0.0
3019,550,-0.02734375,0.265625,-0.25,0.0
3020,550,-2.6220703125,-0.28125,-0.234375,0.0
3021,551,-0.259765625,-0.75,-1.703125,0.0
3022,551,-4.03515625,-2.296875,0.515625,0.0
3023,551,0.46875,0.15625,-0.15625,1.0
3024,551,1.3564453125,-0.65625,-1.890625,1.0
3025,551,-3.826171875,-1.4375,0.5625,1.0
3026,551,1.115234375,-0.734375,0.703125,1.0
3027,551,-1.4619140625,-0.375,1.25,0.0
3028,552,0.39453125,-0.34375,-0.53125,1.0
3029,552,3.94140625,0.28125,-3.609375,0.0
3030,552,0.3984375,-0.09375,0.84375,0.0
3031,552,0.92578125,0.1875,-1.421875,0.0
3032,552,-0.2255859375,0.890625,-0.546875,0.0
3033,552,2.0888671875,1.53125,-0.625,0.0
3034,552,0.31640625,-0.15625,-0.625,0.0
3035,552,1.6220703125,0.75,-1.328125,1.0
3036,553,3.404296875,1.375,-0.953125,1.0
3037,553,0.0205078125,-0.59375,-0.09375,0.0
3038,553,-0.8408203125,0.421875,-0.0625,0.0
3039,554,2.974609375,1.6875,-0.96875,1.0
3040,554,3.712890625,1.9375,-1.859375,1.0
3041,554,-1.2822265625,-0.421875,0.390625,0.0
3042,554,-0.8505859375,0.515625,-0.4375,0.0
3043,555,1.263671875,1.4375,-0.796875,0.0
3044,555,1.140625,1.1875,-1.65625,0.0
3045,555,0.69921875,-0.265625,-0.484375,0.0
3046,555,0.0498046875,0.375,0.578125,1.0
3047,555,1.361328125,1.3125,1.796875,0.0
3048,556,-0.853515625,0.265625,0.078125,1.0
3049,556,0.0771484375,-0.0625,1.421875,0.0
3050,556,0.37890625,0.25,-1.46875,1.0
3051,556,2.552734375,0.65625,0.0625,0.0
3052,556,1.078125,0.15625,-0.078125,0.0
3053,556,2.205078125,0.34375,-0.078125,0.0
3054,557,-0.3232421875,-1.296875,0.90625,0.0
3055,557,-1.060546875,-0.53125,-1.265625,0.0
3056,557,1.86328125,1.3125,-0.09375,0.0
3057,557,-1.240234375,-0.875,1.65625,0.0
3058,557,1.6015625,-0.15625,-0.28125,1.0
3059,557,-0.6708984375,-0.765625,2.0,1.0
3060,557,0.8623046875,-0.078125,1.6875,0.0
3061,558,-0.70703125,-0.640625,0.078125,0.0
3062,558,-1.4677734375,-0.84375,0.90625,0.0
3063,558,0.3291015625,-0.21875,-1.109375,1.0
3064,558,2.3720703125,2.25,-0.78125,0.0
3065,558,-3.8115234375,-0.546875,2.140625,1.0
3066,558,-0.3330078125,0.359375,1.84375,1.0
3067,558,-1.6474609375,0.03125,-0.015625,1.0
3068,558,2.1376953125,0.8125,0.765625,0.0
3069,559,-0.408203125,-1.359375,-0.265625,1.0
3070,559,0.2421875,-0.640625,1.3125,0.0
3071,559,3.1796875,0.625,-0.234375,0.0
3072,560,1.1025390625,-0.828125,-0.03125,0.0
3073,560,2.404296875,0.59375,1.546875,1.0
3074,560,0.6044921875,0.03125,0.859375,0.0
3075,560,1.337890625,0.609375,-1.46875,0.0
3076,561,0.8603515625,1.5625,1.140625,0.0
3077,561,0.21875,1.390625,-1.0625,1.0
3078,561,-0.359375,-0.09375,1.703125,0.0
3079,561,-0.93359375,-1.03125,-0.203125,1.0
3080,561,2.759765625,1.921875,-0.390625,1.0
3081,562,-2.30078125,-1.46875,-0.9375,1.0
3082,562,-0.97265625,-1.28125,0.21875,0.0
3083,562,-3.0634765625,-1.15625,2.015625,0.0
3084,562,-1.2919921875,-1.203125,-1.53125,0.0
3085,562,-1.5732421875,-0.359375,0.15625,1.0
3086,562,-0.0810546875,0.875,0.296875,0.0
3087,563,-0.3759765625,-1.15625,0.578125,1.0
3088,563,-0.908203125,0.328125,-0.609375,0.0
3089,563,-1.3994140625,-1.984375,-0.75,0.0
3090,563,0.7275390625,0.34375,-0.5625,1.0
3091,563,0.9365234375,-1.28125,-2.171875,1.0
3092,563,-0.6943359375,0.390625,0.703125,0.0
3093,563,-2.9794921875,0.40625,1.109375,0.0
3094,564,-2.4638671875,-1.703125,0.015625,0.0
3095,564,0.7373046875,0.484375,-1.84375,0.0
3096,564,-0.4208984375,1.546875,0.375,0.0
3097,564,1.6318359375,1.921875,-0.640625,0.0
3098,564,3.0849609375,1.875,-0.578125,1.0
3099,564,-1.689453125,-0.890625,1.921875,0.0
3100,564,-1.26953125,-0.84375,0.484375,1.0
3101,564,-2.5322265625,-1.828125,0.109375,1.0
3102,565,-0.3173828125,-0.125,0.796875,0.0
3103,565,-1.775390625,-1.53125,-0.609375,0.0
3104,565,1.00390625,0.015625,-0.390625,0.0
3105,566,1.5751953125,-0.15625,-0.65625,0.0
3106,566,-0.744140625,0.140625,0.171875,1.0
3107,566,-0.7802734375,0.15625,-0.703125,0.0
3108,566,1.3759765625,1.296875,-1.03125,0.0
3109,567,0.7822265625,0.671875,-0.1875,0.0
3110,567,2.0810546875,0.4375,2.046875,1.0
3111,567,1.1474609375,-0.34375,-0.453125,0.0
3112,567,0.6669921875,-0.34375,1.5625,1.0
3113,567,1.6640625,0.84375,-0.34375,1.0
3114,568,-0.1669921875,0.40625,1.28125,0.0
3115,568,0.75,-0.296875,-0.46875,1.0
3116,568,1.9248046875,-0.109375,-0.09375,1.0
3117,568,-1.5654296875,-0.453125,2.015625,1.0
3118,568,-1.95703125,-0.625,1.8125,1.0
3119,568,2.2841796875,0.9375,-1.09375,1.0
3120,569,0.404296875,0.03125,-0.5,0.0
3121,569,-0.9794921875,-0.1875,0.328125,1.0
3122,569,1.572265625,0.578125,-0.1875,0.0
3123,569,-0.3818359375,-0.546875,1.75,0.0
3124,569,-0.228515625,1.359375,-0.890625,1.0
3125,569,-0.01171875,0.109375,1.34375,1.0
3126,569,1.0498046875,1.21875,-0.5625,0.0
3127,570,-0.3759765625,-1.03125,-0.65625,0.0
3128,570,2.0517578125,1.40625,-1.890625,0.0
3129,570,-1.29296875,-0.6875,-0.59375,1.0
3130,570,1.5458984375,0.59375,-0.578125,0.0
3131,570,0.45703125,-0.46875,-0.71875,1.0
3132,570,0.76171875,0.421875,0.8125,1.0
3133,570,0.11328125,0.578125,-0.25,0.0
3134,570,0.1142578125,-0.421875,0.25,0.0
3135,571,-1.7734375,1.484375,1.8125,0.0
3136,571,-0.025390625,0.578125,0.09375,1.0
3137,571,-2.10546875,-0.890625,-1.875,0.0
3138,572,0.51171875,0.3125,0.90625,1.0
3139,572,-0.556640625,-1.359375,-0.484375,0.0
3140,572,3.1669921875,2.390625,-0.296875,1.0
3141,572,1.9228515625,0.765625,-1.21875,1.0
3142,573,-0.330078125,0.0,1.234375,0.0
3143,573,1.1953125,0.875,-1.109375,0.0
3144,573,0.5009765625,0.296875,2.8125,0.0
3145,573,-2.2841796875,-1.140625,1.734375,0.0
3146,573,-1.3427734375,-2.78125,1.40625,0.0
3147,574,1.814453125,0.828125,-0.078125,0.0
3148,574,-0.982421875,-0.875,1.625,1.0
3149,574,-0.689453125,-1.046875,1.453125,0.0
3150,574,1.26171875,1.25,0.484375,0.0
3151,574,-1.892578125,-3.125,0.109375,1.0
3152,574,-0.3115234375,-1.125,1.984375,1.0
3153,575,0.193359375,1.046875,0.09375,0.0
3154,575,1.3759765625,1.21875,-1.671875,0.0
3155,575,-0.806640625,-1.390625,-0.578125,0.0
3156,575,-1.478515625,-0.5,-0.625,0.0
3157,575,0.810546875,0.3125,-0.21875,0.0
3158,575,0.2509765625,0.5,1.328125,1.0
3159,575,-2.271484375,1.25,-0.25,0.0
3160,576,0.41796875,-0.390625,0.28125,1.0
3161,576,0.1025390625,-0.375,-0.90625,0.0
3162,576,-0.7392578125,-0.15625,-0.875,1.0
3163,576,1.0478515625,1.6875,-0.3125,1.0
3164,576,-0.15234375,0.671875,-0.15625,0.0
3165,576,3.1845703125,2.40625,-1.203125,1.0
3166,576,0.44921875,0.34375,0.703125,1.0
3167,576,-0.12109375,-0.96875,0.703125,0.0
3168,577,0.3115234375,-0.703125,-1.375,1.0
3169,577,0.60546875,-0.4375,-0.953125,0.0
3170,577,-1.0771484375,0.953125,2.703125,1.0
3171,578,-1.365234375,1.109375,1.03125,1.0
3172,578,2.4013671875,0.328125,-1.15625,1.0
3173,578,0.818359375,0.671875,2.4375,0.0
3174,578,-0.0888671875,-1.5625,-0.25,0.0
3175,579,-0.943359375,-0.421875,-0.1875,0.0
3176,579,2.640625,1.0625,0.40625,0.0
3177,579,-0.970703125,-0.703125,-0.59375,0.0
3178,579,-0.0751953125,-0.984375,-0.171875,0.0
3179,579,-0.400390625,-1.234375,2.03125,1.0
3180,580,-0.341796875,1.625,0.796875,0.0
3181,580,1.517578125,1.453125,-1.734375,0.0
3182,580,-1.478515625,-1.140625,1.171875,0.0
3183,580,-4.1259765625,-2.015625,1.703125,0.0
3184,580,-0.8857421875,-0.765625,1.28125,0.0
3185,580,-0.734375,-0.609375,0.609375,1.0
3186,581,0.4150390625,0.328125,0.828125,1.0
3187,581,-2.5087890625,-1.25,-0.3125,0.0
3188,581,-0.2158203125,0.21875,-1.25,1.0
3189,581,-1.9423828125,0.3125,-0.71875,1.0
3190,581,-0.021484375,-0.15625,-0.546875,0.0
3191,581,0.4482421875,-0.75,-1.8125,1.0
3192,581,-1.1279296875,0.625,0.234375,1.0
3193,582,-0.4755859375,0.625,0.171875,0.0
3194,582,-1.6044921875,-2.296875,-1.546875,1.0
3195,582,-1.978515625,-1.234375,0.578125,0.0
3196,582,-1.5771484375,0.71875,-0.359375,0.0
3197,582,1.0048828125,1.28125,0.015625,0.0
3198,582,-1.576171875,0.3125,-1.375,0.0
3199,582,-1.9990234375,-0.640625,-0.359375,0.0
3200,582,-2.65234375,-3.015625,-0.609375,0.0
3201,583,-1.6884765625,-1.71875,2.375,0.0
3202,583,-0.65625,-0.453125,0.515625,1.0
3203,583,2.46875,1.203125,-1.703125,0.0
3204,584,0.2900390625,1.703125,0.859375,1.0
3205,584,-3.490234375,-0.609375,-0.953125,0.0
3206,584,0.33203125,-0.109375,-1.5,0.0
3207,584,-2.1787109375,-1.0625,-1.078125,0.0
3208,585,-0.830078125,-1.71875,1.546875,0.0
3209,585,-0.6630859375,0.375,-0.703125,0.0
3210,585,-0.166015625,-0.46875,-0.046875,1.0
3211,585,-1.31640625,0.28125,0.1875,0.0
3212,585,0.0078125,1.109375,-0.015625,0.0
3213,586,0.9208984375,0.828125,0.65625,0.0
3214,586,2.166015625,1.40625,2.59375,1.0
3215,586,-0.5244140625,-0.296875,0.9375,0.0
3216,586,1.203125,0.125,0.3125,1.0
3217,586,1.6083984375,0.90625,0.125,1.0
3218,586,2.2646484375,0.484375,-0.265625,0.0
3219,587,1.8212890625,0.890625,1.015625,1.0
3220,587,-0.4931640625,0.0625,-0.71875,0.0
3221,587,-0.0068359375,0.4375,0.5,1.0
3222,587,-2.771484375,-1.28125,-0.703125,0.0
3223,587,1.4912109375,-0.3125,-0.796875,0.0
3224,587,1.02734375,0.46875,0.078125,1.0
3225,587,-0.1796875,0.53125,-0.28125,1.0
3226,588,-1.482421875,-1.171875,-0.34375,0.0
3227,588,1.8466796875,1.234375,-1.546875,1.0
3228,588,-0.365234375,-0.640625,-0.359375,0.0
3229,588,-0.7060546875,-0.828125,-0.9375,0.0
3230,588,-0.3271484375,0.34375,-1.59375,1.0
3231,588,-0.0810546875,0.5625,-1.53125,0.0
3232,588,-1.12109375,-0.59375,-0.296875,1.0
3233,588,1.1103515625,-0.875,-0.703125,0.0
3234,589,2.2587890625,1.625,-1.0,0.0
3235,589,0.71875,-0.953125,-0.75,0.0
3236,589,0.212890625,-1.03125,0.625,1.0
3237,590,-1.18359375,-0.9375,0.78125,0.0
3238,590,0.0927734375,-0.125,2.453125,0.0
3239,590,-0.1494140625,0.421875,1.71875,1.0
3240,590,-0.353515625,-0.28125,-0.046875,0.0
3241,591,1.328125,1.671875,0.421875,1.0
3242,591,0.7451171875,-0.140625,-1.0625,1.0
3243,591,-0.30078125,1.75,0.4375,1.0
3244,591,-1.6533203125,-0.09375,1.46875,0.0
3245,591,2.2265625,0.34375,-1.9375,0.0
3246,592,1.2578125,1.78125,0.71875,0.0
3247,592,-0.3701171875,-0.25,0.1875,0.0
3248,592,0.3076171875,0.609375,0.640625,0.0
3249,592,-1.7490234375,-0.78125,2.640625,1.0
3250,592,-0.8427734375,0.5625,0.5625,1.0
3251,592,2.5791015625,1.6875,-0.078125,0.0
3252,593,1.02734375,1.265625,-0.796875,0.0
3253,593,0.7451171875,0.890625,2.046875,0.0
3254,593,0.1484375,-0.90625,0.40625,0.0
3255,593,2.4111328125,0.703125,-1.6875,1.0
3256,593,1.4990234375,-0.609375,-1.96875,0.0
3257,593,1.12890625,0.515625,0.296875,0.0
3258,593,2.6484375,1.0,-0.34375,0.0
3259,594,-0.4853515625,-1.09375,1.125,0.0
3260,594,2.5302734375,0.8125,-1.546875,0.0
3261,594,-3.75390625,-2.59375,-0.78125,0.0
3262,594,0.7783203125,-0.46875,-1.53125,0.0
3263,594,1.205078125,-1.09375,0.140625,1.0
3264,594,3.171875,1.796875,-1.140625,1.0
3265,594,-0.68359375,0.09375,0.140625,0.0
3266,594,2.4345703125,-0.0625,-1.328125,0.0
3267,595,-0.0146484375,0.796875,0.640625,0.0
3268,595,1.4892578125,0.3125,0.671875,0.0
3269,595,0.1943359375,-0.09375,1.1875,0.0
3270,596,-0.6376953125,0.375,-2.625,0.0
3271,596,-1.0341796875,-0.203125,-0.046875,1.0
3272,596,-0.6875,0.625,0.109375,1.0
3273,596,-1.7080078125,-1.34375,1.125,1.0
3274,597,1.2626953125,0.046875,-0.703125,1.0
3275,597,-1.6123046875,-1.703125,0.140625,0.0
3276,597,-1.255859375,-1.5625,0.65625,0.0
3277,597,2.03125,1.234375,0.796875,1.0
3278,597,0.6533203125,0.359375,0.25,0.0
3279,598,-0.30078125,-1.53125,-0.453125,0.0
3280,598,1.3818359375,1.25,0.234375,0.0
3281,598,0.2080078125,-1.0625,0.5625,0.0
3282,598,2.4501953125,-0.03125,-2.140625,0.0
3283,598,-0.09765625,-0.59375,0.09375,0.0
3284,598,0.0556640625,-1.296875,0.34375,1.0
3285,599,-0.3046875,-0.171875,-0.515625,0.0
3286,599,1.9833984375,-0.546875,-1.65625,1.0
3287,599,0.0263671875,-0.546875,-0.0625,1.0
3288,599,1.322265625,0.390625,-0.15625,1.0
3289,599,0.279296875,0.25,-1.125,1.0
3290,599,0.4404296875,0.34375,-0.34375,0.0
3291,599,-2.11328125,-2.1875,0.875,0.0
3292,600,-0.228515625,-1.890625,0.734375,1.0
3293,600,-1.55078125,-0.640625,1.453125,0.0
3294,600,1.5927734375,1.875,-0.5,1.0
3295,600,-1.841796875,-1.140625,0.78125,0.0
3296,600,-0.56640625,0.40625,0.828125,1.0
3297,600,0.1181640625,-0.703125,0.734375,0.0
3298,600,0.0126953125,-0.3125,-0.078125,0.0
3299,600,-0.8779296875,-0.8125,-1.296875,1.0
3300,601,-0.884765625,0.046875,1.640625,1.0
3301,601,1.2001953125,-0.140625,1.03125,1.0
3302,601,2.5830078125,2.078125,1.234375,1.0
3303,602,0.0791015625,-1.140625,0.671875,0.0
3304,602,-0.85546875,-1.34375,1.1875,0.0
3305,602,-0.986328125,-0.5625,0.0625,1.0
3306,602,2.0693359375,0.265625,0.578125,1.0
3307,603,0.2841796875,0.703125,-0.1875,1.0
3308,603,1.279296875,0.578125,-1.5625,0.0
3309,603,0.5615234375,0.296875,-0.890625,0.0
3310,603,0.171875,0.203125,-1.21875,0.0
3311,603,-0.8857421875,-0.234375,-1.109375,1.0
3312,604,-0.8896484375,0.125,0.546875,0.0
3313,604,-0.5517578125,0.890625,2.375,1.0
3314,604,0.533203125,1.296875,0.515625,0.0
3315,604,1.3056640625,0.28125,-1.234375,0.0
3316,604,-1.1767578125,-1.6875,0.234375,1.0
3317,604,0.244140625,0.6875,-0.375,0.0
3318,605,-0.7607421875,0.15625,0.375,0.0
3319,605,-0.19140625,-1.421875,-1.46875,0.0
3320,605,0.4404296875,0.78125,0.921875,0.0
3321,605,1.9404296875,0.890625,1.875,0.0
3322,605,-1.662109375,-1.546875,0.671875,0.0
3323,605,0.6884765625,0.546875,-0.265625,0.0
3324,605,-0.5498046875,-0.796875,0.4375,0.0
3325,606,1.248046875,0.03125,-1.109375,1.0
3326,606,0.572265625,-0.296875,0.265625,1.0
3327,606,-0.580078125,0.15625,0.21875,0.0
3328,606,1.703125,0.421875,-1.515625,1.0
3329,606,-2.650390625,-0.828125,1.03125,0.0
3330,606,1.5849609375,-0.0625,-0.4375,1.0
3331,606,0.89453125,0.921875,-1.78125,0.0
3332,606,1.3212890625,0.625,-0.53125,1.0
3333,607,2.8515625,3.015625,-0.53125,1.0
3334,607,0.849609375,0.984375,1.96875,0.0
3335,607,2.208984375,1.03125,1.03125,0.0
3336,608,0.5458984375,0.65625,0.84375,1.0
3337,608,-1.22265625,-1.171875,-0.328125,0.0
3338,608,-0.3564453125,-1.3125,0.4375,0.0
3339,608,3.0751953125,0.8125,-0.03125,1.0
3340,609,0.9599609375,0.125,-0.96875,0.0
3341,609,-1.6962890625,-0.5,0.84375,1.0
3342,609,-0.73046875,0.421875,-0.0625,0.0
3343,609,-1.3408203125,-1.46875,-0.078125,0.0
3344,609,1.205078125,-0.21875,-0.453125,0.0
3345,610,-0.2626953125,0.328125,1.3125,1.0
3346,610,2.67578125,1.09375,-0.453125,0.0
3347,610,3.07421875,2.84375,1.6875,1.0
3348,610,0.302734375,-1.71875,-0.6875,1.0
3349,610,-2.5205078125,-1.078125,-0.234375,0.0
3350,610,2.03515625,-0.53125,-0.078125,0.0
3351,611,0.0048828125,-0.65625,0.0,1.0
3352,611,-0.1025390625,0.5625,-0.28125,0.0
3353,611,-1.630859375,-1.40625,2.21875,1.0
3354,611,-1.7978515625,-0.671875,0.515625,1.0
3355,611,0.056640625,0.15625,0.40625,0.0
3356,611,0.861328125,1.484375,0.4375,0.0
3357,611,3.576171875,2.0,-1.40625,1.0
3358,612,0.2021484375,-0.078125,-0.765625,1.0
3359,612,-1.08203125,0.59375,1.96875,0.0
3360,612,3.939453125,0.046875,-1.734375,1.0
3361,612,0.0654296875,-0.84375,0.25,0.0
3362,612,0.4853515625,1.875,1.28125,0.0
3363,612,-1.623046875,-0.90625,-0.203125,0.0
3364,612,2.8310546875,1.9375,0.5625,0.0
3365,612,0.9365234375,-0.15625,1.40625,0.0
3366,613,1.517578125,0.890625,-0.296875,0.0
3367,613,-1.41796875,-2.0625,-1.84375,0.0
3368,613,2.4169921875,0.578125,-0.125,0.0
3369,614,-0.05859375,-1.78125,0.359375,1.0
3370,614,4.630859375,2.875,-0.90625,0.0
3371,614,0.810546875,0.015625,1.03125,1.0
3372,614,2.4482421875,1.140625,-0.90625,1.0
3373,615,-0.8349609375,-0.375,0.3125,0.0
3374,615,0.9873046875,0.109375,-0.15625,0.0
3375,615,-1.67578125,-1.3125,0.0,0.0
3376,615,-0.416015625,-0.265625,0.625,0.0
3377,615,1.55859375,-0.3125,-0.5,0.0
3378,616,2.3525390625,1.265625,-1.59375,1.0
3379,616,1.66015625,0.078125,-0.078125,1.0
3380,616,-0.5390625,-0.765625,-0.859375,1.0
3381,616,-0.021484375,1.109375,-0.359375,1.0
3382,616,-0.5068359375,-0.046875,-0.046875,1.0
3383,616,-0.8505859375,-0.546875,1.015625,0.0
3384,617,2.7900390625,0.640625,0.328125,0.0
3385,617,-0.8779296875,-0.109375,1.375,0.0
3386,617,3.0732421875,1.453125,0.390625,0.0
3387,617,1.9267578125,-0.484375,1.0,0.0
3388,617,0.109375,1.046875,0.109375,0.0
3389,617,1.966796875,-0.390625,-0.953125,1.0
3390,617,-0.8623046875,-1.46875,0.5,0.0
3391,618,-0.9521484375,-0.484375,1.34375,0.0
3392,618,-0.5693359375,-0.71875,1.5625,0.0
3393,618,1.3330078125,-1.046875,-0.5625,0.0
3394,618,0.8759765625,0.125,-0.578125,1.0
3395,618,1.8583984375,0.984375,-0.8125,0.0
3396,618,0.9990234375,-1.109375,-1.28125,0.0
3397,618,-0.099609375,-0.265625,-0.078125,1.0
3398,618,-0.482421875,1.5625,0.09375,0.0
3399,619,-1.478515625,-1.65625,0.671875,0.0
3400,619,1.1259765625,0.09375,-1.390625,0.0
3401,619,-1.326171875,0.40625,0.796875,0.0
3402,620,-1.1103515625,-0.515625,0.390625,0.0
3403,620,-0.771484375,-0.21875,1.515625,0.0
3404,620,-0.2763671875,-0.765625,-0.0625,1.0
3405,620,-1.3232421875,-1.1875,1.03125,0.0
3406,621,0.1611328125,-1.53125,0.90625,0.0
3407,621,1.060546875,-1.609375,0.0,1.0
3408,621,-0.5625,-1.390625,0.375,0.0
3409,621,1.1474609375,0.4375,1.359375,0.0
3410,621,2.3740234375,0.25,0.828125,0.0
3411,622,0.2275390625,-0.203125,-1.109375,1.0
3412,622,0.53125,-0.296875,-0.734375,0.0
3413,622,0.4853515625,0.703125,-0.28125,0.0
3414,622,-0.1142578125,0.265625,-0.140625,0.0
3415,622,1.2119140625,0.25,0.734375,0.0
3416,622,-0.4453125,-1.265625,1.015625,0.0
3417,623,2.0048828125,0.921875,-1.15625,1.0
3418,623,-1.861328125,-1.125,-0.46875,0.0
3419,623,0.7822265625,0.625,0.1875,0.0
3420,623,1.3408203125,0.09375,1.109375,1.0
3421,623,-0.7080078125,-2.09375,1.625,1.0
3422,623,0.841796875,-0.734375,0.78125,1.0
3423,623,1.93359375,0.84375,1.0,1.0
3424,624,2.2392578125,0.34375,-0.8125,0.0
3425,624,-0.423828125,0.34375,0.453125,0.0
3426,624,3.2294921875,1.21875,2.234375,1.0
3427,624,-0.2353515625,-0.828125,0.359375,0.0
3428,624,-0.951171875,-0.828125,2.921875,0.0
3429,624,1.146484375,-0.59375,-0.71875,0.0
3430,624,1.4287109375,0.59375,0.265625,1.0
3431,624,-0.4169921875,-1.265625,-0.3125,1.0
3432,625,-0.162109375,0.703125,1.078125,0.0
3433,625,2.3046875,1.203125,-0.90625,0.0
3434,625,0.1572265625,0.03125,-0.96875,1.0
3435,626,-0.1611328125,0.671875,-0.671875,1.0
3436,626,-1.265625,-0.203125,0.9375,1.0
3437,626,0.4765625,0.015625,-0.796875,0.0
3438,626,0.94921875,0.359375,-0.96875,1.0
3439,627,1.1767578125,-0.140625,-1.578125,1.0
3440,627,-0.1357421875,-0.484375,1.265625,1.0
3441,627,-0.498046875,1.8125,2.5,0.0
3442,627,-1.71875,-0.734375,1.25,0.0
3443,627,0.5869140625,-0.140625,2.234375,1.0
3444,628,1.0751953125,0.703125,-1.34375,1.0
3445,628,0.31640625,0.25,-1.171875,0.0
3446,628,-0.9208984375,1.296875,1.953125,0.0
3447,628,0.8828125,-0.1875,-0.78125,0.0
3448,628,-1.2275390625,-1.421875,0.875,1.0
3449,628,-3.3984375,-0.953125,1.21875,0.0
3450,629,-0.9716796875,0.234375,0.703125,0.0
3451,629,1.130859375,1.859375,-0.203125,0.0
3452,629,-0.482421875,0.484375,0.15625,1.0
3453,629,0.8271484375,0.890625,0.34375,1.0
3454,629,-2.08203125,0.078125,-0.453125,1.0
3455,629,0.03515625,0.1875,0.28125,0.0
3456,629,-0.310546875,0.40625,0.9375,0.0
3457,630,-1.1982421875,-1.171875,0.625,0.0
3458,630,-0.2890625,-0.46875,0.34375,0.0
3459,630,-1.15625,-0.890625,-0.265625,0.0
3460,630,1.5244140625,0.5,-0.84375,0.0
3461,630,-2.4697265625,-0.78125,0.703125,0.0
3462,630,-1.083984375,0.0,1.609375,0.0
3463,630,1.09765625,1.34375,0.453125,1.0
3464,630,0.5966796875,0.140625,-0.421875,1.0
3465,631,-1.0205078125,-0.34375,0.609375,0.0
3466,631,-2.2490234375,-1.0625,0.75,0.0
3467,631,-0.142578125,0.78125,0.546875,0.0
3468,632,2.4853515625,0.5625,-0.640625,1.0
3469,632,0.9736328125,1.890625,-0.15625,0.0
3470,632,0.775390625,-0.359375,-0.734375,1.0
3471,632,-0.513671875,-1.28125,0.484375,0.0
3472,633,4.98046875,2.90625,-0.796875,0.0
3473,633,0.427734375,1.1875,0.3125,0.0
3474,633,-2.1015625,-0.46875,1.40625,1.0
3475,633,0.1298828125,-0.71875,-0.875,1.0
3476,633,-0.1640625,-0.53125,1.515625,1.0
3477,634,0.6181640625,-0.296875,-0.21875,1.0
3478,634,0.4736328125,-0.9375,-0.40625,0.0
3479,634,-1.3857421875,-0.59375,0.234375,0.0
3480,634,-0.10546875,0.484375,-3.0,1.0
3481,634,1.3505859375,1.453125,0.96875,0.0
3482,634,0.783203125,1.34375,0.0625,1.0
3483,635,-0.4765625,1.953125,0.90625,0.0
3484,635,-0.5029296875,-1.09375,1.765625,0.0
3485,635,-0.2734375,0.515625,-0.71875,0.0
3486,635,1.2529296875,0.921875,-0.421875,0.0
3487,635,-2.8173828125,-0.828125,-0.078125,0.0
3488,635,1.75,0.75,-0.875,0.0
3489,635,0.880859375,0.46875,0.96875,0.0
3490,636,1.115234375,-1.28125,0.609375,0.0
3491,636,-0.2177734375,-0.796875,1.96875,0.0
3492,636,0.3564453125,0.109375,-0.625,0.0
3493,636,0.7041015625,0.484375,-0.703125,1.0
3494,636,1.908203125,-0.03125,1.921875,0.0
3495,636,-2.8994140625,-1.1875,2.0625,1.0
3496,636,0.166015625,0.015625,0.234375,0.0
3497,636,0.3720703125,-1.375,0.53125,0.0
3498,637,-0.2978515625,-0.375,0.5625,0.0
3499,637,-1.7734375,-0.3125,1.84375,0.0
3500,637,-1.7802734375,-0.6875,-1.328125,0.0
3501,638,-1.0849609375,-0.453125,0.359375,0.0
3502,638,-1.126953125,0.109375,-0.4375,0.0
3503,638,-0.9140625,-0.9375,3.296875,1.0
3504,638,-1.17578125,0.03125,-1.90625,0.0
3505,639,1.2568359375,0.125,-1.015625,0.0
3506,639,1.4755859375,1.15625,-1.0,0.0
3507,639,2.28125,0.453125,-2.328125,1.0
3508,639,-0.6162109375,-0.328125,-0.25,1.0
3509,639,-2.7255859375,-1.46875,0.671875,1.0
3510,640,1.234375,1.03125,0.6875,1.0
3511,640,1.1875,-0.640625,0.65625,1.0
3512,640,0.154296875,0.9375,0.859375,0.0
3513,640,0.8603515625,-0.0625,-0.890625,0.0
3514,640,-0.37109375,-1.0,0.8125,1.0
3515,640,0.9892578125,-0.015625,0.296875,0.0
3516,641,0.8828125,0.75,0.1875,0.0
3517,641,1.490234375,2.609375,0.390625,0.0
3518,641,2.6640625,1.71875,0.015625,1.0
3519,641,-0.0595703125,0.640625,1.28125,1.0
3520,641,2.228515625,0.484375,0.265625,0.0
3521,641,-0.494140625,0.109375,0.734375,0.0
3522,641,-2.2802734375,0.640625,0.984375,0.0
3523,642,0.1025390625,1.5,-0.28125,0.0
3524,642,0.2568359375,-0.046875,0.921875,0.0
3525,642,-1.544921875,-1.265625,0.546875,0.0
3526,642,-1.388671875,-0.53125,-1.375,0.0
3527,642,-1.3642578125,-0.046875,1.171875,0.0
3528,642,0.419921875,0.1875,0.546875,1.0
3529,642,1.4169921875,0.359375,-0.6875,0.0
3530,642,-0.6552734375,-0.328125,0.4375,1.0
3531,643,1.08203125,0.21875,-1.375,1.0
3532,643,1.16015625,-0.296875,1.359375,0.0
3533,643,0.083984375,0.484375,-0.6875,0.0
3534,644,-0.880859375,-0.5625,0.125,0.0
3535,644,0.4140625,-0.78125,-1.140625,0.0
3536,644,0.4755859375,-0.578125,-0.875,1.0
3537,644,0.09375,1.109375,0.78125,0.0
3538,645,-3.1064453125,-0.984375,2.40625,1.0
3539,645,-0.212890625,-0.625,0.15625,0.0
3540,645,3.46875,1.421875,-0.640625,1.0
3541,645,0.462890625,1.078125,0.984375,0.0
3542,645,1.52734375,-0.4375,-0.328125,1.0
3543,646,0.4287109375,0.625,1.875,1.0
3544,646,-1.4873046875,1.046875,1.453125,0.0
3545,646,1.380859375,-1.046875,0.53125,0.0
3546,646,0.1494140625,-1.484375,-0.375,0.0
3547,646,1.4169921875,0.59375,0.25,0.0
3548,646,1.41796875,1.375,-1.15625,1.0
3549,647,-1.3876953125,0.1875,1.078125,0.0
3550,647,0.490234375,-0.8125,-0.015625,1.0
3551,647,-1.9482421875,-0.75,0.65625,0.0
3552,647,-2.2802734375,-1.53125,1.15625,1.0
3553,647,-0.1708984375,0.40625,0.375,0.0
3554,647,1.564453125,0.078125,-0.546875,0.0
3555,647,-0.5283203125,0.640625,1.296875,0.0
3556,648,-1.2724609375,1.1875,2.453125,1.0
3557,648,0.9638671875,-0.796875,0.1875,0.0
3558,648,-3.2724609375,-1.0625,1.578125,0.0
3559,648,-0.9423828125,-1.015625,0.671875,1.0
3560,648,-0.7080078125,-0.203125,1.78125,0.0
3561,648,3.0166015625,1.65625,-0.21875,0.0
3562,648,1.4775390625,1.21875,-0.703125,0.0
3563,648,0.607421875,-0.265625,0.78125,1.0
3564,649,1.2333984375,-0.671875,-0.375,0.0
3565,649,0.384765625,0.40625,0.6875,0.0
3566,649,1.2529296875,-0.03125,0.0625,1.0
3567,650,-3.3876953125,-0.90625,0.640625,0.0
3568,650,-0.009765625,-0.171875,-0.9375,0.0
3569,650,0.51171875,0.765625,-0.5,1.0
3570,650,0.2529296875,-0.140625,-1.25,1.0
3571,651,-2.380859375,-1.109375,1.203125,0.0
3572,651,2.017578125,-0.671875,-0.265625,0.0
3573,651,-0.7138671875,0.046875,-0.96875,0.0
3574,651,1.544921875,0.4375,-0.15625,1.0
3575,651,0.134765625,1.140625,-1.421875,0.0
3576,652,2.8076171875,0.28125,-0.8125,0.0
3577,652,-0.9521484375,0.078125,0.390625,1.0
3578,652,2.126953125,0.609375,0.203125,0.0
3579,652,-0.591796875,0.703125,1.0625,0.0
3580,652,0.6279296875,-0.984375,0.34375,0.0
3581,652,2.4150390625,1.921875,1.578125,0.0
3582,653,1.630859375,1.609375,0.296875,1.0
3583,653,-0.4482421875,-0.078125,-0.03125,0.0
3584,653,-0.177734375,-1.03125,0.390625,0.0
3585,653,1.5244140625,1.25,0.578125,0.0
3586,653,2.18359375,1.421875,1.296875,1.0
3587,653,-1.4453125,-0.671875,-0.640625,0.0
3588,653,-0.8212890625,-2.21875,0.9375,0.0
3589,654,-0.69921875,0.09375,0.921875,0.0
3590,654,0.1650390625,-0.75,0.890625,0.0
3591,654,0.576171875,1.078125,0.671875,1.0
3592,654,-0.7998046875,0.859375,0.3125,0.0
3593,654,-2.537109375,-1.625,0.28125,1.0
3594,654,2.5341796875,-0.171875,-1.625,1.0
3595,654,0.2939453125,1.53125,1.046875,0.0
3596,654,1.5556640625,0.578125,-0.5,0.0
3597,655,4.216796875,1.28125,-0.25,1.0
3598,655,0.2783203125,-0.578125,0.46875,0.0
3599,655,0.3798828125,0.59375,0.328125,1.0
3600,656,0.095703125,0.15625,0.125,0.0
3601,656,2.39453125,1.1875,-0.84375,0.0
3602,656,0.6025390625,-0.34375,-0.578125,1.0
3603,656,-0.55078125,-0.828125,0.921875,1.0
3604,657,-1.9384765625,0.765625,1.265625,0.0
3605,657,-1.79296875,-0.953125,-0.75,1.0
3606,657,1.658203125,2.109375,-2.296875,0.0
3607,657,0.373046875,-0.34375,-2.96875,0.0
3608,657,-0.1767578125,0.65625,-2.6875,0.0
3609,658,-0.6923828125,0.296875,-0.75,0.0
3610,658,1.384765625,1.046875,-1.765625,0.0
3611,658,-0.599609375,1.40625,1.390625,1.0
3612,658,-0.6416015625,0.625,0.71875,1.0
3613,658,-1.8623046875,-0.359375,0.53125,0.0
3614,658,-0.68359375,-0.40625,-0.46875,1.0
3615,659,-0.63671875,0.28125,0.03125,0.0
3616,659,-0.4765625,-0.671875,0.359375,1.0
3617,659,4.0791015625,1.71875,-1.90625,0.0
3618,659,-0.7470703125,-0.1875,0.578125,0.0
3619,659,-0.8291015625,-0.34375,0.640625,1.0
3620,659,3.8115234375,0.390625,-1.640625,1.0
3621,659,0.2265625,0.28125,0.921875,1.0
3622,660,-0.32421875,0.125,-0.5625,1.0
3623,660,0.3623046875,0.359375,0.609375,0.0
3624,660,-0.2333984375,-0.375,0.65625,1.0
3625,660,3.3134765625,0.8125,-0.15625,1.0
3626,660,0.01953125,-0.421875,0.375,1.0
3627,660,-0.3203125,-1.015625,1.109375,1.0
3628,660,1.2734375,0.125,-0.3125,1.0
3629,660,-2.626953125,-1.0,2.90625,0.0
3630,661,1.2001953125,0.953125,-1.71875,1.0
3631,661,-0.625,0.890625,1.453125,1.0
3632,661,-1.068359375,0.34375,0.203125,0.0
3633,662,-1.1279296875,-0.734375,-0.90625,1.0
3634,662,3.2626953125,1.21875,0.578125,1.0
3635,662,-0.3212890625,-0.171875,-0.03125,0.0
3636,662,-0.7705078125,-0.125,-0.40625,1.0
3637,663,0.3994140625,-1.03125,0.34375,0.0
3638,663,2.1025390625,-0.171875,-1.1875,0.0
3639,663,-1.26953125,-0.140625,0.640625,0.0
3640,663,2.845703125,0.78125,-0.828125,1.0
3641,663,-0.1689453125,-0.984375,-1.96875,0.0
3642,664,0.9873046875,0.578125,-0.90625,0.0
3643,664,-2.44921875,-0.53125,-0.515625,0.0
3644,664,1.744140625,-0.765625,0.390625,0.0
3645,664,0.857421875,0.59375,-0.34375,0.0
3646,664,0.62890625,0.15625,0.0,1.0
3647,664,-1.271484375,-2.328125,-0.078125,0.0
3648,665,0.5126953125,0.09375,0.734375,0.0
3649,665,-1.146484375,-1.203125,0.796875,1.0
3650,665,2.9306640625,0.390625,-1.640625,0.0
3651,665,0.01953125,-0.46875,-0.21875,1.0
3652,665,-1.0703125,-1.109375,0.65625,0.0
3653,665,-0.7509765625,0.09375,0.625,0.0
3654,665,-1.3857421875,-0.96875,2.640625,1.0
3655,666,-0.3828125,-1.21875,-0.4375,0.0
3656,666,-0.951171875,0.671875,-0.65625,0.0
3657,666,-1.6328125,-1.234375,-0.203125,0.0
3658,666,0.8681640625,1.375,0.921875,0.0
3659,666,0.3310546875,0.84375,0.703125,0.0
3660,666,0.451171875,0.015625,-1.46875,1.0
3661,666,1.1591796875,0.078125,-0.265625,0.0
3662,666,2.1904296875,0.96875,-0.609375,1.0
3663,667,1.2353515625,-1.25,0.703125,1.0
3664,667,0.5849609375,0.078125,-0.359375,0.0
3665,667,-0.1064453125,-0.421875,-0.21875,1.0
3666,668,1.03125,0.03125,-0.53125,0.0
3667,668,-1.0595703125,-0.015625,-0.390625,0.0
3668,668,-0.498046875,-1.34375,-0.65625,0.0
3669,668,-0.3896484375,0.328125,1.53125,0.0
3670,669,-0.740234375,-0.203125,-0.828125,0.0
3671,669,-1.197265625,-0.421875,-0.671875,0.0
3672,669,-1.52734375,-0.78125,-0.734375,1.0
3673,669,-0.1474609375,-0.34375,-0.28125,0.0
3674,669,1.5224609375,1.265625,-0.28125,0.0
3675,670,0.2744140625,-0.96875,-1.015625,0.0
3676,670,2.123046875,1.96875,-0.28125,1.0
3677,670,0.263671875,0.15625,-0.671875,0.0
3678,670,0.2861328125,0.265625,0.640625,1.0
3679,670,2.373046875,1.5625,-0.078125,0.0
3680,670,-0.470703125,-1.078125,-0.015625,1.0
3681,671,0.98046875,0.390625,0.890625,0.0
3682,671,-0.931640625,-0.375,0.65625,0.0
3683,671,-1.0478515625,-0.625,0.359375,0.0
3684,671,0.5615234375,0.09375,-1.421875,0.0
3685,671,0.248046875,-0.78125,-0.109375,1.0
3686,671,0.0087890625,0.78125,0.109375,0.0
3687,671,-1.24609375,-0.875,-0.828125,1.0
3688,672,-3.9091796875,-2.125,-0.65625,0.0
3689,672,0.677734375,-0.28125,-0.78125,0.0
3690,672,-2.5224609375,-2.625,0.40625,0.0
3691,672,-0.666015625,0.90625,0.65625,1.0
3692,672,-0.9892578125,0.328125,-1.203125,0.0
3693,672,-0.791015625,-0.609375,1.5625,0.0
3694,672,0.693359375,1.5,-0.421875,0.0
3695,672,-0.9736328125,-0.734375,0.421875,0.0
3696,673,0.3701171875,0.796875,0.453125,0.0
3697,673,0.451171875,-0.140625,-1.796875,1.0
3698,673,-1.3466796875,-0.3125,-0.140625,0.0
3699,674,0.09375,-0.59375,-0.546875,0.0
3700,674,-0.2978515625,-2.078125,-0.671875,0.0
3701,674,-0.5849609375,-0.375,0.234375,0.0
3702,674,0.876953125,0.671875,0.90625,1.0
3703,675,-0.6328125,-0.578125,0.046875,1.0
3704,675,1.1181640625,0.640625,1.015625,1.0
3705,675,0.759765625,1.109375,0.5625,0.0
3706,675,-1.2802734375,-1.25,1.921875,0.0
3707,675,1.9091796875,-0.3125,1.078125,0.0
3708,676,-1.873046875,0.046875,-0.28125,0.0
3709,676,-0.1484375,1.8125,-0.296875,0.0
3710,676,0.625,0.53125,-1.203125,1.0
3711,676,-1.9248046875,0.25,0.890625,1.0
3712,676,-2.0009765625,-0.21875,-1.4375,1.0
3713,676,-0.1083984375,2.234375,-1.203125,0.0
3714,677,-1.4521484375,-0.84375,1.5,0.0
3715,677,0.4482421875,0.03125,0.875,1.0
3716,677,2.865234375,1.46875,0.828125,0.0
3717,677,1.8173828125,1.359375,0.375,0.0
3718,677,1.224609375,0.265625,0.84375,1.0
3719,677,0.162109375,0.3125,1.03125,1.0
3720,677,1.234375,0.1875,-0.5,1.0
3721,678,0.9130859375,-0.421875,-0.234375,0.0
3722,678,1.1826171875,0.9375,0.859375,1.0
3723,678,0.3203125,0.765625,1.53125,0.0
3724,678,-0.80078125,-0.859375,0.109375,0.0
3725,678,-0.99609375,-0.1875,-0.734375,1.0
3726,678,-0.5390625,0.78125,1.484375,0.0
3727,678,-0.7744140625,-1.25,-0.71875,0.0
3728,678,0.267578125,-0.671875,0.125,1.0
3729,679,0.5634765625,-0.34375,-1.328125,0.0
3730,679,1.744140625,0.953125,-0.203125,1.0
3731,679,-0.1943359375,-0.5,-0.34375,1.0
3732,680,-0.74609375,-0.046875,-1.125,0.0
3733,680,-0.892578125,-1.3125,-0.390625,1.0
3734,680,-0.2470703125,-0.453125,0.09375,0.0
3735,680,2.1103515625,0.375,-1.15625,0.0
3736,681,-1.2861328125,-0.1875,0.859375,0.0
3737,681,-0.4111328125,-0.21875,-1.25,0.0
3738,681,1.0634765625,1.203125,-0.296875,0.0
3739,681,1.025390625,-0.046875,-0.25,1.0
3740,681,0.5859375,1.265625,0.671875,1.0
3741,682,1.0029296875,-0.6875,0.265625,1.0
3742,682,0.4970703125,-0.296875,0.125,0.0
3743,682,0.9228515625,-0.4375,-0.140625,1.0
3744,682,-1.146484375,-0.328125,-0.140625,0.0
3745,682,0.4638671875,0.171875,0.21875,0.0
3746,682,0.1533203125,-0.1875,-0.0625,0.0
3747,683,0.44140625,2.359375,-2.125,0.0
3748,683,0.9765625,1.515625,0.078125,0.0
3749,683,-1.57421875,0.125,-1.609375,0.0
3750,683,0.556640625,0.359375,-1.5625,0.0
3751,683,0.0537109375,1.78125,0.578125,0.0
3752,683,-1.3349609375,1.0,1.421875,0.0
3753,683,-1.25,-0.078125,-0.15625,1.0
3754,684,0.1767578125,-0.328125,0.75,1.0
3755,684,-0.1875,0.265625,-0.78125,0.0
3756,684,-0.759765625,-1.28125,-1.484375,0.0
3757,684,-0.6044921875,0.21875,0.515625,1.0
3758,684,-3.908203125,-2.359375,0.71875,1.0
3759,684,-1.7109375,-0.046875,0.703125,1.0
3760,684,0.1953125,1.6875,1.03125,0.0
3761,684,0.9443359375,0.046875,-0.453125,0.0
3762,685,-1.517578125,-0.03125,-1.609375,0.0
3763,685,-2.82421875,-0.15625,0.375,1.0
3764,685,-0.060546875,0.546875,-0.46875,1.0
3765,686,0.2255859375,-0.3125,0.59375,0.0
3766,686,-0.8779296875,-0.25,0.46875,0.0
3767,686,3.9326171875,1.765625,-0.421875,1.0
3768,686,-0.9189453125,-0.484375,2.21875,0.0
3769,687,-0.474609375,-0.234375,0.015625,0.0
3770,687,1.310546875,0.140625,1.21875,0.0
3771,687,1.4755859375,0.328125,0.140625,0.0
3772,687,0.494140625,-0.046875,0.3125,1.0
3773,687,0.5439453125,1.390625,-0.03125,0.0
3774,688,0.458984375,-0.0625,-0.75,1.0
3775,688,-0.8037109375,0.328125,0.421875,1.0
3776,688,1.55078125,0.046875,-0.46875,1.0
3777,688,-0.8701171875,1.0,-0.203125,0.0
3778,688,-1.7421875,-0.875,1.484375,1.0
3779,688,-0.9609375,-0.28125,-0.03125,1.0
3780,689,1.025390625,0.671875,-0.5625,1.0
3781,689,0.1044921875,0.15625,2.28125,1.0
3782,689,0.3037109375,-1.4375,0.8125,1.0
3783,689,2.2080078125,2.15625,0.15625,0.0
3784,689,1.5419921875,-0.8125,-0.34375,1.0
3785,689,0.5927734375,0.125,1.15625,1.0
3786,689,-0.00390625,0.875,1.109375,1.0
3787,690,0.189453125,0.40625,-0.234375,1.0
3788,690,1.33203125,0.90625,0.125,0.0
3789,690,-0.1572265625,-0.25,-0.0625,1.0
3790,690,3.4990234375,3.234375,0.265625,1.0
3791,690,0.2705078125,0.203125,-0.578125,0.0
3792,690,2.4296875,1.171875,0.765625,0.0
3793,690,0.3564453125,-1.8125,-0.71875,0.0
3794,690,-0.0380859375,0.03125,0.796875,1.0
3795,691,2.91796875,2.46875,0.234375,1.0
3796,691,2.34375,2.015625,0.3125,0.0
3797,691,-0.1240234375,-1.171875,0.453125,0.0
3798,692,-0.111328125,0.671875,2.25,0.0
3799,692,-0.3369140625,-1.859375,0.015625,0.0
3800,692,1.4765625,-0.796875,0.109375,0.0
3801,692,1.978515625,-0.359375,-1.484375,0.0
3802,693,2.197265625,0.296875,-0.234375,1.0
3803,693,-1.853515625,-1.140625,1.078125,0.0
3804,693,-2.1962890625,-1.40625,2.25,1.0
3805,693,1.2705078125,0.4375,0.25,1.0
3806,693,0.0322265625,0.8125,-0.203125,0.0
3807,694,2.123046875,-0.640625,-0.015625,0.0
3808,694,0.4169921875,-0.296875,1.5625,0.0
3809,694,0.1396484375,-1.78125,-0.328125,0.0
3810,694,0.2998046875,1.265625,-0.8125,0.0
3811,694,-1.3193359375,0.046875,0.140625,0.0
3812,694,0.2373046875,-0.828125,-1.140625,0.0
3813,695,-1.685546875,-1.15625,-0.234375,0.0
3814,695,1.3798828125,1.15625,0.921875,1.0
3815,695,0.396484375,-0.375,0.984375,0.0
3816,695,2.408203125,2.578125,0.703125,0.0
3817,695,-0.779296875,0.765625,0.4375,1.0
3818,695,1.51171875,-0.4375,0.359375,1.0
3819,695,-1.96875,-0.8125,1.765625,0.0
3820,696,0.6884765625,-0.546875,-0.125,1.0
3821,696,1.859375,0.90625,0.546875,0.0
3822,696,1.171875,-0.3125,0.78125,1.0
3823,696,-0.8779296875,-0.921875,-0.5625,0.0
3824,696,-0.40625,-0.125,-1.734375,0.0
3825,696,0.2998046875,0.65625,-0.03125,1.0
3826,696,-0.294921875,0.390625,1.140625,0.0
3827,696,3.0673828125,1.203125,-1.453125,1.0
3828,697,2.7958984375,1.40625,2.1875,1.0
3829,697,1.21875,1.890625,0.625,0.0
3830,697,2.314453125,0.28125,0.59375,0.0
3831,698,-0.4345703125,-0.265625,0.296875,0.0
3832,698,-3.58203125,-1.796875,1.65625,0.0
3833,698,-2.8134765625,-0.609375,0.671875,0.0
3834,698,-0.5205078125,0.0625,-0.09375,1.0
3835,699,-2.890625,0.046875,-0.21875,1.0
3836,699,-0.4833984375,-0.5625,-0.3125,0.0
3837,699,0.5439453125,0.59375,0.15625,1.0
3838,699,3.1708984375,0.234375,-2.59375,1.0
3839,699,3.0126953125,0.5,-1.921875,1.0
3840,700,2.1552734375,-0.03125,0.421875,0.0
3841,700,1.0380859375,0.9375,1.015625,1.0
3842,700,-1.775390625,0.1875,2.140625,0.0
3843,700,1.32421875,1.03125,-0.515625,0.0
3844,700,-0.3203125,-0.96875,0.5,0.0
3845,700,-1.2978515625,-0.734375,0.921875,0.0
3846,701,0.5498046875,-0.046875,0.203125,0.0
3847,701,0.744140625,-0.890625,0.03125,0.0
3848,701,-0.259765625,-0.953125,1.078125,0.0
3849,701,3.083984375,0.625,-1.90625,1.0
3850,701,-2.12890625,-1.21875,0.34375,0.0
3851,701,0.923828125,-0.15625,0.578125,0.0
3852,701,1.6591796875,1.0625,-0.0625,0.0
3853,702,-0.51171875,-1.046875,-0.703125,1.0
3854,702,-0.5625,0.234375,-1.421875,1.0
3855,702,-0.3037109375,-0.640625,-0.4375,0.0
3856,702,0.6708984375,0.140625,-1.3125,0.0
3857,702,-2.3095703125,-0.609375,1.046875,1.0
3858,702,-3.6953125,-0.296875,1.6875,1.0
3859,702,-1.033203125,0.09375,-0.125,0.0
3860,702,-0.4033203125,-0.125,0.75,0.0
3861,703,-0.5703125,0.484375,1.171875,1.0
3862,703,0.21875,1.421875,0.640625,0.0
3863,703,1.1455078125,0.796875,-1.734375,0.0
3864,704,-1.673828125,-0.078125,0.703125,1.0
3865,704,-0.53515625,-0.046875,0.234375,1.0
3866,704,2.177734375,-0.078125,-0.6875,1.0
3867,704,-0.5849609375,-0.78125,-0.453125,0.0
3868,705,-0.951171875,-1.46875,0.1875,0.0
3869,705,-0.1318359375,0.140625,0.46875,0.0
3870,705,-0.544921875,0.296875,0.859375,1.0
3871,705,0.728515625,0.96875,-0.84375,0.0
3872,705,-0.7392578125,-0.78125,0.0,0.0
3873,706,-0.5771484375,-1.6875,-1.640625,0.0
3874,706,-2.0390625,-1.296875,0.953125,0.0
3875,706,0.31640625,0.125,0.234375,0.0
3876,706,-1.8232421875,-0.078125,0.3125,1.0
3877,706,-1.65234375,-0.59375,-1.375,0.0
3878,706,-1.3525390625,-1.46875,1.015625,1.0
3879,707,1.595703125,0.046875,0.078125,1.0
3880,707,0.26953125,0.046875,0.921875,0.0
3881,707,0.6162109375,0.421875,0.453125,1.0
3882,707,-0.7470703125,1.671875,0.0,0.0
3883,707,-2.6376953125,-0.140625,0.3125,1.0
3884,707,-2.1396484375,-0.734375,-0.015625,0.0
3885,707,-1.9609375,-2.421875,1.765625,0.0
3886,708,1.9541015625,0.71875,-0.6875,1.0
3887,708,1.3857421875,0.015625,0.375,1.0
3888,708,1.39453125,-0.109375,0.875,0.0
3889,708,0.9921875,0.21875,1.5625,1.0
3890,708,2.294921875,-0.265625,-1.703125,0.0
3891,708,0.634765625,1.265625,0.640625,0.0
3892,708,0.0673828125,-0.625,0.25,1.0
3893,708,-0.642578125,0.0625,-0.171875,1.0
3894,709,-4.5263671875,-2.09375,0.234375,0.0
3895,709,-0.0830078125,0.671875,1.0625,1.0
3896,709,-0.099609375,0.6875,-0.484375,0.0
3897,710,-0.7138671875,-1.8125,-1.03125,0.0
3898,710,-1.3623046875,-1.09375,-1.359375,0.0
3899,710,2.35546875,1.265625,-0.09375,1.0
3900,710,-1.8828125,-1.109375,0.140625,0.0
3901,711,-3.3896484375,-1.109375,0.671875,0.0
3902,711,0.4892578125,0.171875,-0.171875,0.0
3903,711,-1.8212890625,0.203125,-0.640625,0.0
3904,711,0.615234375,0.4375,1.25,1.0
3905,711,-1.2177734375,0.65625,0.953125,0.0
3906,712,-0.6240234375,0.8125,1.640625,0.0
3907,712,1.916015625,0.90625,-2.375,1.0
3908,712,-0.4453125,-0.890625,-1.890625,1.0
3909,712,-2.345703125,-0.34375,1.140625,0.0
3910,712,0.3310546875,-1.640625,0.3125,0.0
3911,712,2.412109375,1.546875,0.59375,1.0
3912,713,0.830078125,1.40625,0.421875,1.0
3913,713,-1.73046875,-1.859375,0.453125,0.0
3914,713,4.02734375,1.625,-1.375,1.0
3915,713,1.8798828125,0.96875,1.09375,0.0
3916,713,-0.421875,-0.234375,-1.03125,1.0
3917,713,0.45703125,0.5,0.40625,0.0
3918,713,1.1552734375,-0.109375,-0.34375,1.0
3919,714,3.8115234375,1.78125,-1.421875,1.0
3920,714,0.00390625,1.71875,1.265625,0.0
3921,714,-0.875,-0.546875,2.890625,0.0
3922,714,2.1669921875,0.921875,-1.453125,1.0
3923,714,0.1875,-1.390625,0.4375,0.0
3924,714,1.474609375,-1.03125,-1.109375,0.0
3925,714,0.9560546875,0.265625,-0.828125,0.0
3926,714,0.625,-0.1875,-0.015625,0.0
3927,715,1.7314453125,0.25,-1.453125,1.0
3928,715,1.466796875,0.15625,0.875,0.0
3929,715,-0.404296875,-0.40625,-1.21875,0.0
3930,716,1.701171875,1.21875,-0.21875,0.0
3931,716,-1.2919921875,-0.5,-1.3125,0.0
3932,716,1.3115234375,0.328125,0.09375,1.0
3933,716,1.3271484375,-0.328125,0.859375,1.0
3934,717,1.14453125,-0.546875,-0.890625,1.0
3935,717,0.2646484375,0.28125,0.53125,0.0
3936,717,1.921875,-0.890625,0.640625,0.0
3937,717,0.703125,0.078125,1.046875,0.0
3938,717,-0.6318359375,-0.84375,0.8125,1.0
3939,718,-0.3994140625,-0.109375,0.265625,0.0
3940,718,-0.3681640625,-0.59375,-0.5,0.0
3941,718,1.0595703125,1.21875,-0.921875,0.0
3942,718,2.03515625,-0.171875,-1.34375,0.0
3943,718,2.9921875,1.015625,-2.140625,0.0
3944,718,-3.470703125,-0.828125,0.28125,0.0
3945,719,2.279296875,-0.734375,-2.234375,0.0
3946,719,0.326171875,1.8125,1.0625,1.0
3947,719,0.1953125,-0.25,0.515625,1.0
3948,719,0.1884765625,0.21875,-0.625,0.0
3949,719,-2.7578125,-1.59375,0.734375,0.0
3950,719,-1.0283203125,-0.046875,0.25,0.0
3951,719,0.005859375,0.21875,-2.171875,0.0
3952,720,1.271484375,0.03125,-0.21875,1.0
3953,720,-1.822265625,-1.0625,1.359375,0.0
3954,720,1.7392578125,0.34375,-0.25,0.0
3955,720,2.6943359375,-0.15625,0.3125,0.0
3956,720,-1.7138671875,0.09375,2.015625,0.0
3957,720,0.98828125,0.15625,0.328125,1.0
3958,720,-1.232421875,-0.875,-0.296875,1.0
3959,720,0.2138671875,-0.484375,-0.390625,1.0
3960,721,-1.1640625,0.078125,-0.421875,0.0
3961,721,1.1123046875,-0.359375,-1.515625,0.0
3962,721,0.2080078125,0.421875,0.484375,0.0
3963,722,0.6455078125,0.921875,1.109375,0.0
3964,722,2.2275390625,1.171875,-0.296875,0.0
3965,722,-0.5380859375,1.453125,0.046875,0.0
3966,722,0.77734375,0.234375,-1.65625,0.0
3967,723,-0.2333984375,-0.140625,1.09375,0.0
3968,723,-2.8056640625,-1.34375,0.40625,1.0
3969,723,0.4658203125,0.53125,-1.046875,0.0
3970,723,-0.001953125,-1.578125,-0.796875,1.0
3971,723,-0.287109375,-0.953125,0.1875,0.0
3972,724,0.2119140625,0.65625,-0.859375,0.0
3973,724,1.6162109375,0.046875,-1.171875,0.0
3974,724,-1.017578125,-1.234375,0.265625,0.0
3975,724,-0.6728515625,0.328125,-0.03125,0.0
3976,724,1.349609375,0.078125,-1.140625,1.0
3977,724,0.130859375,0.171875,-1.015625,1.0
3978,725,0.5263671875,0.8125,0.828125,1.0
3979,725,-1.3525390625,-1.4375,-0.140625,1.0
3980,725,1.3310546875,-0.484375,-1.015625,0.0
3981,725,1.3994140625,2.15625,1.546875,0.0
3982,725,-1.6142578125,-0.234375,1.765625,0.0
3983,725,1.291015625,1.453125,0.609375,1.0
3984,725,3.1513671875,0.984375,-2.203125,0.0
3985,726,-3.859375,-2.296875,1.171875,0.0
3986,726,-0.0234375,-0.90625,-1.125,1.0
3987,726,0.240234375,0.1875,-1.28125,0.0
3988,726,-0.2021484375,-0.375,0.1875,0.0
3989,726,0.5205078125,0.484375,0.984375,0.0
3990,726,2.9736328125,1.359375,-2.328125,1.0
3991,726,-3.5986328125,-1.859375,0.46875,0.0
3992,726,1.2255859375,0.59375,1.390625,1.0
3993,727,1.3642578125,1.53125,-1.25,0.0
3994,727,1.2607421875,1.15625,0.046875,0.0
3995,727,0.4814453125,-0.140625,-0.890625,1.0
3996,728,0.4609375,0.859375,-1.65625,1.0
3997,728,-1.0478515625,-1.34375,-0.609375,1.0
3998,728,0.181640625,-1.1875,-0.859375,0.0
3999,728,1.6513671875,-0.421875,-1.96875,0.0
4000,729,2.03125,1.703125,0.203125,0.0
4001,729,0.6357421875,1.015625,-1.703125,0.0
4002,729,-0.0126953125,0.28125,-0.46875,0.0
4003,729,-0.3330078125,0.359375,0.59375,1.0
4004,729,1.0419921875,1.0625,-0.25,0.0
4005,730,-1.6298828125,-0.484375,1.5,0.0
4006,730,0.7080078125,-0.828125,-0.546875,1.0
4007,730,-0.43359375,1.21875,0.78125,0.0
4008,730,1.4375,0.140625,0.46875,1.0
4009,730,0.458984375,2.015625,0.84375,0.0
4010,730,0.28515625,0.71875,-1.09375,1.0
4011,731,1.3056640625,0.046875,-0.828125,0.0
4012,731,1.091796875,-0.515625,0.6875,0.0
4013,731,0.103515625,0.203125,1.328125,0.0
4014,731,1.4150390625,0.125,0.640625,1.0
4015,731,0.0986328125,-1.328125,0.609375,1.0
4016,731,-0.1357421875,-1.03125,0.578125,1.0
4017,731,-0.1376953125,0.0625,0.0625,0.0
4018,732,0.48046875,1.578125,-0.28125,1.0
4019,732,0.0673828125,-1.171875,0.375,0.0
4020,732,0.0810546875,0.78125,1.09375,0.0
4021,732,0.75390625,0.484375,-0.15625,0.0
4022,732,2.912109375,-0.96875,-0.765625,0.0
4023,732,1.3037109375,1.96875,-0.4375,0.0
4024,732,2.0888671875,-0.234375,-2.40625,0.0
4025,732,-0.6572265625,-0.40625,1.171875,1.0
4026,733,-0.3740234375,-0.828125,-1.140625,0.0
4027,733,-0.21484375,-0.625,-0.609375,0.0
4028,733,-1.8349609375,0.25,0.296875,0.0
4029,734,-0.0634765625,1.0,1.859375,1.0
4030,734,-0.2890625,-1.125,-1.1875,1.0
4031,734,0.6318359375,0.203125,-0.640625,1.0
4032,734,0.81640625,-0.28125,-1.390625,1.0
4033,735,0.572265625,0.09375,-0.796875,0.0
4034,735,-0.0029296875,-0.3125,0.40625,1.0
4035,735,0.580078125,-1.0,-1.90625,1.0
4036,735,-0.291015625,0.140625,0.5625,0.0
4037,735,-2.1923828125,-3.046875,0.421875,0.0
4038,736,0.9111328125,0.625,-1.625,0.0
4039,736,2.271484375,0.59375,-0.640625,1.0
4040,736,0.197265625,-1.3125,-0.109375,1.0
4041,736,0.140625,0.734375,-0.40625,0.0
4042,736,-0.2880859375,0.71875,0.609375,0.0
4043,736,0.0087890625,-0.15625,-0.9375,1.0
4044,737,-0.84375,-1.0625,2.640625,1.0
4045,737,2.8037109375,0.75,-0.21875,0.0
4046,737,0.4130859375,0.15625,0.65625,0.0
4047,737,-1.037109375,0.46875,1.09375,0.0
4048,737,3.2060546875,1.234375,0.0625,1.0
4049,737,2.2138671875,0.296875,0.125,1.0
4050,737,1.0517578125,0.546875,0.71875,0.0
4051,738,1.71875,0.109375,-2.09375,0.0
4052,738,-0.1982421875,-0.15625,1.171875,0.0
4053,738,-0.814453125,0.125,0.375,1.0
4054,738,-1.7080078125,-1.265625,0.421875,1.0
4055,738,-2.0927734375,-0.671875,-0.0625,0.0
4056,738,-2.0107421875,-0.65625,-0.59375,0.0
4057,738,-1.7353515625,1.34375,0.34375,0.0
4058,738,1.9248046875,-0.125,-1.09375,1.0
4059,739,1.2265625,0.890625,1.03125,0.0
4060,739,-1.7490234375,0.375,-0.53125,0.0
4061,739,-4.021484375,-1.96875,0.953125,1.0
4062,740,-0.009765625,-0.109375,0.171875,0.0
4063,740,0.7763671875,0.6875,0.171875,0.0
4064,740,-1.88671875,-1.359375,-0.75,1.0
4065,740,2.56640625,0.96875,-0.78125,0.0
4066,741,0.306640625,-0.59375,-1.328125,1.0
4067,741,-0.9248046875,-0.359375,1.140625,1.0
4068,741,1.7412109375,1.671875,-1.5,0.0
4069,741,2.4462890625,1.421875,-2.015625,1.0
4070,741,2.6005859375,0.140625,-0.984375,0.0
4071,742,1.931640625,1.046875,-0.15625,0.0
4072,742,-0.5078125,-0.40625,1.671875,0.0
4073,742,0.087890625,1.03125,0.703125,1.0
4074,742,-1.49609375,-1.28125,1.625,1.0
4075,742,-0.162109375,0.46875,0.765625,0.0
4076,742,-0.05078125,0.3125,-1.1875,0.0
4077,743,1.2763671875,1.234375,2.09375,0.0
4078,743,-1.779296875,-0.609375,2.109375,0.0
4079,743,-0.6435546875,-1.59375,-1.203125,0.0
4080,743,0.8310546875,1.21875,1.15625,1.0
4081,743,2.521484375,1.8125,-0.453125,0.0
4082,743,1.3125,-0.140625,-0.828125,0.0
4083,743,0.359375,-0.40625,0.875,0.0
4084,744,-1.7421875,0.0625,-0.46875,0.0
4085,744,-2.1416015625,-0.953125,-2.75,0.0
4086,744,-2.40234375,-1.71875,0.484375,0.0
4087,744,-0.8212890625,-0.28125,-0.34375,0.0
4088,744,-0.140625,-0.875,-1.1875,1.0
4089,744,1.181640625,0.359375,-0.34375,1.0
4090,744,-0.6142578125,0.421875,0.125,0.0
4091,744,-0.7216796875,-1.546875,-0.96875,0.0
4092,745,-0.078125,0.53125,0.34375,0.0
4093,745,0.796875,0.03125,1.5625,1.0
4094,745,-0.95703125,0.046875,0.203125,0.0
4095,746,1.9150390625,-0.0625,-1.296875,0.0
4096,746,2.6083984375,0.828125,0.375,0.0
4097,746,1.2890625,0.328125,0.046875,1.0
4098,746,0.7294921875,0.15625,0.421875,1.0
4099,747,1.939453125,1.546875,-0.765625,0.0
4100,747,0.103515625,0.984375,1.984375,0.0
4101,747,1.224609375,-0.109375,0.1875,0.0
4102,747,2.4423828125,0.046875,-1.078125,1.0
4103,747,0.0751953125,-1.609375,1.28125,0.0
4104,748,-0.9296875,-0.203125,0.0625,1.0
4105,748,-0.24609375,-0.53125,0.3125,1.0
4106,748,2.0927734375,1.125,-0.421875,1.0
4107,748,-2.9501953125,-0.5625,-0.359375,1.0
4108,748,-1.9775390625,-2.21875,0.21875,1.0
4109,748,-0.2099609375,0.046875,0.0625,1.0
4110,749,-0.060546875,0.0625,-1.65625,1.0
4111,749,0.91015625,1.1875,1.21875,0.0
4112,749,-1.3642578125,-1.0,-1.03125,1.0
4113,749,-0.1357421875,-0.265625,1.0,0.0
4114,749,-1.0302734375,0.75,-0.859375,0.0
4115,749,-1.73046875,0.765625,0.65625,0.0
4116,749,-0.6806640625,0.203125,-0.515625,0.0
4117,750,0.927734375,-0.046875,-0.65625,0.0
4118,750,0.3857421875,-0.34375,-0.640625,0.0
4119,750,-0.1337890625,-0.296875,0.171875,1.0
4120,750,0.5908203125,0.09375,1.0,0.0
4121,750,0.4560546875,0.515625,0.40625,1.0
4122,750,0.708984375,-0.40625,-0.75,1.0
4123,750,0.0869140625,-0.203125,0.421875,0.0
4124,750,1.3486328125,1.8125,-0.9375,0.0
4125,751,1.0830078125,-0.46875,-0.46875,0.0
4126,751,0.2705078125,-0.9375,-0.203125,0.0
4127,751,0.658203125,-2.03125,-0.4375,0.0
4128,752,-0.517578125,-0.59375,-1.015625,1.0
4129,752,0.654296875,-0.609375,-0.234375,0.0
4130,752,0.9765625,-0.46875,0.375,0.0
4131,752,-0.3564453125,-0.984375,-1.671875,1.0
4132,753,0.3251953125,0.328125,-1.6875,0.0
4133,753,0.787109375,-0.671875,0.40625,0.0
4134,753,-0.705078125,0.6875,-1.421875,0.0
4135,753,1.5888671875,1.546875,-0.234375,1.0
4136,753,-1.306640625,0.28125,-0.265625,0.0
4137,754,-0.5556640625,-0.625,0.375,1.0
4138,754,0.9306640625,0.328125,1.21875,0.0
4139,754,-0.173828125,0.0,1.296875,0.0
4140,754,-0.7109375,-1.578125,-1.96875,1.0
4141,754,0.8798828125,0.109375,-0.1875,1.0
4142,754,-2.009765625,-0.859375,0.0,0.0
4143,755,-1.88671875,-0.890625,0.15625,1.0
4144,755,0.865234375,-0.5,-0.96875,0.0
4145,755,1.638671875,0.375,-1.0625,1.0
4146,755,-1.1416015625,-1.78125,0.5625,0.0
4147,755,-0.7607421875,-0.25,0.40625,1.0
4148,755,0.84765625,1.40625,3.09375,0.0
4149,755,0.1953125,0.34375,-0.234375,1.0
4150,756,-1.9833984375,-0.890625,1.3125,1.0
4151,756,0.7626953125,1.890625,-0.78125,1.0
4152,756,-0.693359375,0.65625,-0.3125,0.0
4153,756,-1.6689453125,0.03125,1.125,1.0
4154,756,0.34765625,0.984375,-0.234375,0.0
4155,756,-1.5390625,-0.84375,-0.4375,1.0
4156,756,1.052734375,0.203125,-0.109375,1.0
4157,756,-1.9384765625,0.953125,-0.640625,0.0
4158,757,1.82421875,0.203125,-0.53125,1.0
4159,757,-0.5703125,-0.640625,0.265625,0.0
4160,757,-0.439453125,-1.328125,-0.78125,1.0
4161,758,-0.3720703125,0.1875,0.09375,0.0
4162,758,-3.544921875,-2.046875,1.828125,1.0
4163,758,-0.1923828125,-0.03125,-0.4375,0.0
4164,758,-0.7412109375,0.796875,0.828125,0.0
4165,759,1.62890625,0.046875,0.640625,1.0
4166,759,0.23828125,-1.671875,0.203125,1.0
4167,759,-0.888671875,-0.875,1.171875,0.0
4168,759,0.380859375,0.09375,2.0,0.0
4169,759,-0.79296875,-1.453125,1.640625,0.0
4170,760,1.521484375,1.78125,-0.359375,1.0
4171,760,-0.7294921875,-0.578125,0.078125,1.0
4172,760,-0.4892578125,-0.46875,-1.375,0.0
4173,760,-1.87890625,-0.609375,0.84375,0.0
4174,760,-3.07421875,-1.296875,0.484375,0.0
4175,760,-0.6513671875,-0.78125,-0.734375,1.0
4176,761,0.4755859375,1.484375,-1.140625,0.0
4177,761,0.4453125,0.9375,-1.078125,1.0
4178,761,0.056640625,1.3125,-0.34375,0.0
4179,761,-0.4560546875,-0.734375,0.8125,0.0
4180,761,-1.0673828125,-0.375,-0.109375,1.0
4181,761,0.009765625,0.8125,0.5625,0.0
4182,761,0.111328125,0.390625,0.125,1.0
4183,762,1.611328125,0.03125,0.3125,1.0
4184,762,1.6826171875,-0.578125,0.609375,1.0
4185,762,-0.08203125,0.703125,0.125,0.0
4186,762,0.841796875,-0.578125,-0.515625,1.0
4187,762,-0.4814453125,-1.015625,2.484375,0.0
4188,762,-0.724609375,-1.3125,0.46875,1.0
4189,762,-0.4091796875,0.046875,0.25,0.0
4190,762,-0.1708984375,-1.125,0.296875,1.0
4191,763,0.806640625,0.921875,0.421875,0.0
4192,763,0.474609375,-1.203125,0.84375,0.0
4193,763,0.1162109375,0.171875,0.0,0.0
4194,764,-1.1806640625,0.421875,0.890625,0.0
4195,764,0.3193359375,0.828125,0.9375,0.0
4196,764,1.3427734375,0.953125,-1.53125,0.0
4197,764,-2.2841796875,0.125,2.328125,1.0
4198,765,-2.775390625,-1.96875,1.34375,0.0
4199,765,-0.6943359375,-1.53125,-0.546875,1.0
4200,765,-0.3662109375,0.171875,-0.5,0.0
4201,765,-1.552734375,-0.5,1.046875,0.0
4202,765,0.123046875,0.09375,0.53125,0.0
4203,766,-2.1806640625,-0.96875,0.65625,0.0
4204,766,-1.2626953125,-0.125,0.140625,1.0
4205,766,-0.91015625,0.671875,-0.0625,1.0
4206,766,-3.3232421875,-1.671875,1.578125,0.0
4207,766,-1.9521484375,-1.546875,0.046875,0.0
4208,766,0.833984375,-0.40625,-0.609375,1.0
4209,767,-0.720703125,-1.234375,-0.9375,0.0
4210,767,-1.1015625,0.015625,0.703125,0.0
4211,767,-0.3056640625,0.875,0.234375,0.0
4212,767,0.1162109375,1.71875,1.28125,1.0
4213,767,-0.01171875,-0.15625,-1.078125,1.0
4214,767,-4.24609375,-2.28125,0.25,0.0
4215,767,-0.2763671875,-0.796875,0.046875,1.0
4216,768,-3.626953125,-1.328125,2.796875,0.0
4217,768,2.3466796875,0.5,-1.296875,1.0
4218,768,1.7021484375,-0.71875,-1.6875,1.0
4219,768,0.9365234375,1.453125,0.0625,0.0
4220,768,0.865234375,0.40625,0.46875,0.0
4221,768,-1.451171875,-1.578125,-0.96875,1.0
4222,768,0.7109375,-0.4375,1.40625,1.0
4223,768,-0.3662109375,-1.453125,1.53125,0.0
4224,769,-0.671875,-0.65625,1.84375,0.0
4225,769,-0.939453125,-1.484375,-0.390625,0.0
4226,769,-0.7529296875,-0.15625,1.71875,0.0
4227,770,-1.83984375,-0.6875,1.703125,1.0
4228,770,-0.2646484375,-1.28125,0.703125,0.0
4229,770,0.55859375,-1.796875,-1.09375,1.0
4230,770,1.72265625,0.703125,-0.015625,0.0
4231,771,-0.009765625,-0.546875,-0.96875,1.0
4232,771,0.1953125,-0.71875,1.15625,1.0
4233,771,-1.9580078125,-1.3125,0.671875,0.0
4234,771,-1.671875,0.140625,0.515625,1.0
4235,771,0.0087890625,-0.109375,-0.640625,0.0
4236,772,1.8095703125,0.15625,-1.40625,1.0
4237,772,3.61328125,-0.078125,-1.921875,1.0
4238,772,0.580078125,-1.46875,0.546875,0.0
4239,772,1.0576171875,-0.296875,-0.578125,1.0
4240,772,-0.1689453125,0.359375,1.53125,0.0
4241,772,2.2109375,0.03125,-0.296875,1.0
4242,773,0.9267578125,0.0,-1.0625,1.0
4243,773,-1.6767578125,0.09375,0.984375,1.0
4244,773,-1.1904296875,-0.171875,0.5625,1.0
4245,773,-1.8251953125,-1.21875,2.203125,0.0
4246,773,-0.060546875,1.140625,0.84375,0.0
4247,773,-1.578125,-0.671875,1.703125,1.0
4248,773,0.361328125,-1.15625,-1.3125,0.0
4249,774,-0.943359375,0.546875,1.125,0.0
4250,774,-1.283203125,-0.578125,0.828125,1.0
4251,774,-1.6484375,-0.5,-0.546875,0.0
4252,774,1.16796875,-0.484375,-2.578125,1.0
4253,774,-1.869140625,-0.609375,0.359375,0.0
4254,774,-0.33984375,-0.390625,1.0625,1.0
4255,774,-2.400390625,-0.828125,0.234375,0.0
4256,774,1.0009765625,0.609375,-0.796875,0.0
4257,775,-2.2109375,-0.09375,-0.5625,1.0
4258,775,-1.0595703125,0.96875,0.96875,0.0
4259,775,-1.4990234375,0.578125,1.5625,0.0
4260,776,2.8759765625,1.109375,-0.265625,1.0
4261,776,2.2978515625,0.671875,1.09375,1.0
4262,776,1.9365234375,-0.078125,1.96875,0.0
4263,776,-1.4736328125,-1.71875,1.1875,0.0
4264,777,-0.541015625,0.046875,1.21875,0.0
4265,777,-0.005859375,-0.609375,0.921875,1.0
4266,777,0.3115234375,-2.3125,-0.3125,1.0
4267,777,0.7431640625,-0.796875,-0.8125,0.0
4268,777,0.0,-0.328125,1.015625,1.0
4269,778,-1.640625,-1.53125,0.71875,1.0
4270,778,-0.12890625,0.296875,1.953125,0.0
4271,778,-1.2373046875,-0.484375,0.546875,0.0
4272,778,1.84765625,0.203125,0.453125,0.0
4273,778,3.4287109375,1.640625,0.15625,0.0
4274,778,-1.44140625,-0.328125,0.828125,0.0
4275,779,0.0029296875,0.125,-0.046875,0.0
4276,779,0.8359375,1.453125,1.25,0.0
4277,779,0.3857421875,-0.046875,0.34375,0.0
4278,779,1.2431640625,0.671875,0.625,0.0
4279,779,-0.603515625,-0.765625,0.390625,1.0
4280,779,-0.9501953125,-0.40625,0.515625,1.0
4281,779,1.580078125,-0.140625,1.796875,1.0
4282,780,0.42578125,0.390625,-0.765625,0.0
4283,780,1.6865234375,-0.625,0.0625,0.0
4284,780,1.5966796875,-1.25,-0.109375,1.0
4285,780,-0.7509765625,-1.15625,1.1875,0.0
4286,780,-2.78125,-2.546875,0.109375,0.0
4287,780,1.5888671875,0.640625,-0.140625,0.0
4288,780,1.5576171875,-0.484375,-0.0625,0.0
4289,780,-0.880859375,-0.09375,-1.53125,1.0
4290,781,-2.65234375,-0.203125,0.34375,1.0
4291,781,-1.36328125,-0.90625,0.484375,0.0
4292,781,0.455078125,1.703125,-0.734375,0.0
4293,782,1.171875,0.59375,0.09375,0.0
4294,782,-0.3271484375,-0.5,0.75,1.0
4295,782,0.9716796875,-0.125,-0.125,1.0
4296,782,2.0517578125,1.71875,-0.171875,0.0
4297,783,1.361328125,-0.15625,-0.765625,1.0
4298,783,1.2197265625,1.21875,0.578125,0.0
4299,783,-0.6103515625,-0.453125,1.59375,1.0
4300,783,0.25390625,-0.53125,1.53125,0.0
4301,783,0.1787109375,-0.59375,-0.5,0.0
4302,784,-0.330078125,0.203125,-0.453125,1.0
4303,784,-0.8095703125,0.03125,1.625,1.0
4304,784,-1.576171875,-0.859375,0.40625,0.0
4305,784,2.7138671875,0.734375,-1.515625,1.0
4306,784,-1.193359375,-0.125,-0.234375,0.0
4307,784,-1.5625,-1.46875,0.109375,1.0
4308,785,-1.791015625,0.3125,1.484375,0.0
4309,785,-1.5322265625,-1.59375,1.0625,0.0
4310,785,0.5751953125,1.078125,0.03125,1.0
4311,785,2.052734375,1.4375,1.140625,0.0
4312,785,-0.2734375,0.359375,-0.765625,0.0
4313,785,1.380859375,0.296875,-0.625,1.0
4314,785,-0.962890625,-0.3125,2.15625,1.0
4315,786,-0.7373046875,-0.5625,-0.140625,0.0
4316,786,0.2978515625,-0.078125,-0.25,1.0
4317,786,0.291015625,0.890625,1.109375,0.0
4318,786,1.283203125,1.125,1.734375,1.0
4319,786,1.0,-0.390625,0.3125,0.0
4320,786,1.384765625,1.265625,-0.0625,1.0
4321,786,-1.4326171875,-2.5625,0.640625,1.0
4322,786,0.0419921875,1.15625,1.28125,0.0
4323,787,-0.484375,-0.453125,2.21875,1.0
4324,787,-1.3056640625,-0.71875,-0.609375,0.0
4325,787,1.6630859375,0.75,0.890625,0.0
4326,788,2.322265625,2.328125,1.265625,0.0
4327,788,0.8515625,-0.84375,-0.15625,0.0
4328,788,0.8515625,0.09375,1.46875,1.0
4329,788,0.4306640625,0.765625,0.984375,0.0
4330,789,-0.017578125,-0.9375,-0.640625,0.0
4331,789,0.9189453125,1.015625,-0.6875,0.0
4332,789,-1.8505859375,0.359375,-0.65625,0.0
4333,789,0.58984375,0.125,-0.5,0.0
4334,789,0.955078125,-0.171875,-1.203125,1.0
4335,790,0.0400390625,0.03125,0.765625,1.0
4336,790,-0.0185546875,1.203125,1.28125,0.0
4337,790,-0.4853515625,-1.53125,-0.125,1.0
4338,790,0.4833984375,1.125,1.125,1.0
4339,790,0.8486328125,1.15625,1.109375,0.0
4340,790,3.4970703125,0.515625,-1.421875,0.0
4341,791,-0.109375,-0.453125,-1.125,0.0
4342,791,-1.9482421875,-0.078125,-0.828125,1.0
4343,791,1.7333984375,2.21875,-1.265625,0.0
4344,791,0.06640625,1.15625,-1.203125,0.0
4345,791,-0.07421875,-0.3125,-0.328125,1.0
4346,791,-0.607421875,-1.0625,-0.703125,0.0
4347,791,-2.580078125,-1.71875,2.109375,0.0
4348,792,-0.080078125,-0.90625,-2.34375,1.0
4349,792,2.404296875,0.40625,-1.0,1.0
4350,792,1.0224609375,0.984375,-0.65625,1.0
4351,792,-0.5146484375,-0.9375,-1.0,0.0
4352,792,-0.09765625,-0.5625,-0.96875,1.0
4353,792,0.0771484375,-0.4375,-0.171875,0.0
4354,792,0.3818359375,0.0625,-0.15625,0.0
4355,792,0.3125,0.625,-0.84375,0.0
4356,793,2.78125,1.5625,-0.484375,0.0
4357,793,-0.50390625,-0.265625,1.09375,0.0
4358,793,2.716796875,1.359375,2.4375,0.0
4359,794,0.7646484375,1.0625,1.09375,1.0
4360,794,-0.0556640625,-0.078125,0.484375,0.0
4361,794,-0.1171875,0.203125,0.3125,1.0
4362,794,1.0703125,-0.609375,-1.296875,1.0
4363,795,0.7255859375,1.3125,-0.90625,1.0
4364,795,-0.2412109375,0.65625,-0.78125,0.0
4365,795,0.498046875,-0.078125,-0.78125,1.0
4366,795,0.9013671875,1.203125,-1.0,0.0
4367,795,0.4853515625,0.984375,-1.546875,0.0
4368,796,-1.3876953125,-0.921875,-0.078125,0.0
4369,796,-0.0380859375,0.078125,-0.828125,0.0
4370,796,0.197265625,-0.6875,-0.046875,1.0
4371,796,-1.259765625,-1.59375,-1.03125,0.0
4372,796,1.646484375,-0.484375,-1.875,1.0
4373,796,-1.8701171875,-1.90625,-0.5,0.0
4374,797,-0.71484375,0.09375,0.0,1.0
4375,797,-1.794921875,-1.234375,0.15625,0.0
4376,797,0.353515625,0.046875,-0.765625,0.0
4377,797,0.4052734375,0.484375,0.234375,0.0
4378,797,1.6337890625,1.046875,-0.59375,1.0
4379,797,-1.263671875,-0.546875,-0.9375,0.0
4380,797,1.1328125,0.71875,-0.46875,0.0
4381,798,-0.7294921875,0.0,2.078125,1.0
4382,798,1.2626953125,1.546875,0.453125,1.0
4383,798,-0.4560546875,-1.171875,-0.203125,0.0
4384,798,0.421875,0.296875,-1.75,1.0
4385,798,-0.087890625,0.171875,1.3125,0.0
4386,798,-0.0927734375,0.265625,-0.296875,0.0
4387,798,0.373046875,0.546875,0.265625,1.0
4388,798,0.93359375,-0.609375,0.09375,0.0
4389,799,1.107421875,0.0,0.390625,0.0
4390,799,0.7666015625,1.296875,0.8125,0.0
4391,799,0.322265625,-0.953125,0.984375,0.0
4392,800,-2.5029296875,-1.8125,0.6875,1.0
4393,800,-2.365234375,-0.453125,1.421875,0.0
4394,800,-0.275390625,-0.984375,-0.90625,1.0
4395,800,1.1083984375,1.4375,-0.96875,1.0
4396,801,2.802734375,1.265625,1.78125,1.0
4397,801,-1.044921875,0.140625,-0.34375,0.0
4398,801,0.5537109375,0.234375,0.1875,1.0
4399,801,-2.2392578125,0.625,1.5,0.0
4400,801,1.7275390625,-0.390625,-0.65625,1.0
4401,802,2.0859375,0.421875,-0.515625,1.0
4402,802,1.111328125,0.0,0.5,0.0
4403,802,0.28515625,0.34375,1.65625,0.0
4404,802,-0.4150390625,0.390625,1.5,1.0
4405,802,2.50390625,1.578125,-0.984375,1.0
4406,802,2.8662109375,1.046875,-0.75,1.0
4407,803,2.298828125,0.375,-0.703125,0.0
4408,803,0.6591796875,0.578125,-0.59375,0.0
4409,803,0.228515625,-0.03125,0.546875,1.0
4410,803,1.6005859375,1.71875,-0.828125,1.0
4411,803,-1.337890625,-0.84375,-1.359375,0.0
4412,803,-0.6201171875,-1.453125,-0.296875,1.0
4413,803,-0.818359375,-0.015625,-0.984375,1.0
4414,804,0.66796875,1.296875,0.765625,1.0
4415,804,-0.890625,0.375,-0.03125,0.0
4416,804,2.517578125,1.96875,0.59375,0.0
4417,804,-1.1640625,-0.421875,-0.515625,1.0
4418,804,1.2353515625,1.5625,-0.234375,1.0
4419,804,-0.1103515625,0.515625,1.4375,0.0
4420,804,-2.0078125,-0.25,0.21875,0.0
4421,804,0.2763671875,-0.890625,-0.296875,1.0
4422,805,-0.3134765625,-0.203125,-1.171875,0.0
4423,805,-0.830078125,-0.921875,-0.078125,0.0
4424,805,-0.1220703125,0.625,-0.0625,1.0
4425,806,-0.1845703125,-0.640625,1.5625,1.0
4426,806,0.0517578125,-0.125,1.96875,0.0
4427,806,-0.6572265625,0.03125,1.109375,1.0
4428,806,-0.28125,0.0625,0.671875,0.0
4429,807,0.0556640625,-0.5625,0.296875,1.0
4430,807,2.296875,1.671875,0.3125,1.0
4431,807,0.474609375,0.71875,-0.21875,0.0
4432,807,-0.2333984375,0.421875,-1.9375,0.0
4433,807,0.91015625,0.0,-0.0625,0.0
4434,808,0.8935546875,-0.015625,1.078125,1.0
4435,808,0.265625,-0.40625,0.71875,0.0
4436,808,0.0224609375,0.234375,1.8125,0.0
4437,808,0.5546875,-0.546875,0.234375,1.0
4438,808,-1.302734375,-0.671875,-0.015625,0.0
4439,808,-2.0263671875,-3.25,-0.140625,0.0
4440,809,0.443359375,-0.3125,-0.3125,0.0
4441,809,0.052734375,-1.234375,-1.75,0.0
4442,809,-0.5078125,0.28125,0.703125,0.0
4443,809,-1.05078125,-0.28125,0.0625,0.0
4444,809,0.28515625,-0.09375,0.296875,0.0
4445,809,0.734375,-1.046875,-0.484375,0.0
4446,809,-1.310546875,0.546875,1.28125,1.0
4447,810,1.138671875,-0.203125,-1.46875,0.0
4448,810,-1.04296875,0.015625,-0.890625,1.0
4449,810,0.88671875,0.5625,0.453125,0.0
4450,810,0.2734375,-0.21875,0.0,1.0
4451,810,1.181640625,0.015625,-0.28125,0.0
4452,810,0.880859375,0.34375,2.390625,1.0
4453,810,-0.3515625,-0.234375,0.734375,1.0
4454,810,-1.9052734375,-0.25,0.0,0.0
4455,811,0.9150390625,-0.265625,-0.734375,1.0
4456,811,-0.5107421875,0.140625,-0.25,0.0
4457,811,-0.5615234375,-1.96875,-0.53125,1.0
4458,812,1.4013671875,1.203125,-0.21875,0.0
4459,812,-1.1650390625,1.15625,-0.65625,0.0
4460,812,1.9560546875,1.046875,-0.671875,0.0
4461,812,-1.2587890625,-0.734375,0.5625,1.0
4462,813,0.701171875,-0.015625,-1.328125,1.0
4463,813,-2.2421875,-2.109375,1.4375,0.0
4464,813,-0.66796875,-0.265625,0.6875,0.0
4465,813,-0.5322265625,0.8125,-1.046875,1.0
4466,813,-0.587890625,-1.75,-1.671875,0.0
4467,814,1.5458984375,1.03125,0.75,0.0
4468,814,-0.0224609375,-0.515625,-0.96875,1.0
4469,814,-2.041015625,-0.828125,0.8125,0.0
4470,814,-0.48828125,-0.46875,-0.0625,1.0
4471,814,-1.66796875,-2.171875,-1.53125,0.0
4472,814,-2.62890625,-1.109375,2.03125,1.0
4473,815,-0.73046875,-0.4375,0.5,0.0
4474,815,0.8115234375,0.609375,-0.1875,0.0
4475,815,-1.7158203125,-0.890625,1.0625,0.0
4476,815,0.27734375,0.53125,2.4375,1.0
4477,815,-0.7861328125,0.0625,0.890625,0.0
4478,815,0.4375,-1.046875,-0.875,0.0
4479,815,-0.4267578125,1.140625,1.46875,0.0
4480,816,0.9404296875,-0.234375,-0.96875,1.0
4481,816,1.2822265625,0.78125,-0.671875,0.0
4482,816,-1.8994140625,-1.03125,0.109375,0.0
4483,816,-0.8740234375,-0.984375,-0.671875,1.0
4484,816,-0.283203125,-0.5625,1.421875,0.0
4485,816,1.3193359375,-0.125,-0.5,1.0
4486,816,0.251953125,-0.078125,-0.015625,1.0
4487,816,0.9443359375,0.34375,0.859375,1.0
4488,817,0.5810546875,0.453125,0.546875,0.0
4489,817,1.751953125,0.640625,-2.203125,1.0
4490,817,-0.4599609375,-0.125,-1.03125,0.0
4491,818,1.376953125,1.203125,0.9375,1.0
4492,818,-0.1474609375,-0.125,0.875,1.0
4493,818,-1.251953125,-0.46875,-0.3125,1.0
4494,818,2.833984375,3.75,-0.53125,1.0
4495,819,-1.2177734375,-2.078125,0.5625,0.0
4496,819,1.4873046875,0.890625,0.9375,1.0
4497,819,-0.9150390625,0.53125,1.875,1.0
4498,819,0.1953125,0.546875,-0.546875,0.0
4499,819,0.6279296875,0.1875,-1.328125,1.0
4500,820,1.482421875,-0.484375,0.3125,0.0
4501,820,-0.6015625,-1.625,0.3125,1.0
4502,820,-0.50390625,-0.390625,0.390625,0.0
4503,820,2.8818359375,0.25,-0.796875,0.0
4504,820,-0.734375,-1.09375,-0.265625,1.0
4505,820,-2.435546875,-1.859375,3.65625,1.0
4506,821,-1.83203125,-2.25,1.171875,0.0
4507,821,3.0458984375,3.171875,0.96875,1.0
4508,821,-2.8466796875,-0.640625,0.296875,0.0
4509,821,1.9384765625,1.890625,1.21875,0.0
4510,821,0.22265625,-0.046875,-0.0625,1.0
4511,821,-0.033203125,-1.703125,0.546875,1.0
4512,821,-2.3056640625,-2.53125,0.546875,0.0
4513,822,-0.8525390625,-1.359375,0.65625,0.0
4514,822,-0.1298828125,0.15625,-0.390625,1.0
4515,822,-0.8876953125,0.96875,2.1875,0.0
4516,822,-2.6904296875,0.203125,0.1875,1.0
4517,822,0.4912109375,-0.375,-1.296875,0.0
4518,822,-0.41796875,-0.9375,-0.140625,0.0
4519,822,-0.7958984375,-1.015625,1.25,1.0
4520,822,-0.74609375,-1.34375,0.4375,0.0
4521,823,2.392578125,1.515625,-1.015625,1.0
4522,823,-0.4013671875,-0.5625,-0.4375,0.0
4523,823,0.0380859375,-1.78125,0.375,1.0
4524,824,-3.609375,-1.53125,2.78125,1.0
4525,824,-0.33203125,0.0625,1.84375,0.0
4526,824,-0.814453125,-0.75,-0.75,1.0
4527,824,0.4619140625,-0.28125,0.46875,0.0
4528,825,1.2421875,0.375,-0.9375,1.0
4529,825,-1.1015625,-0.03125,0.859375,1.0
4530,825,-0.55078125,-1.5625,1.390625,0.0
4531,825,-2.376953125,-0.53125,0.15625,0.0
4532,825,-0.07421875,0.046875,0.609375,1.0
4533,826,-0.19921875,-0.546875,1.390625,0.0
4534,826,1.0703125,0.265625,0.40625,1.0
4535,826,-1.3427734375,-0.59375,-0.0625,1.0
4536,826,1.1962890625,0.15625,-0.296875,0.0
4537,826,0.92578125,0.5,-0.8125,1.0
4538,826,1.462890625,0.03125,-1.1875,0.0
4539,827,-2.5244140625,-1.296875,0.484375,0.0
4540,827,-0.1328125,0.140625,1.34375,0.0
4541,827,-0.5830078125,-0.015625,1.046875,0.0
4542,827,0.7197265625,0.203125,0.484375,0.0
4543,827,-2.0419921875,0.125,-0.0625,1.0
4544,827,2.8310546875,0.203125,-0.328125,0.0
4545,827,0.09375,-0.53125,-1.328125,0.0
4546,828,-0.169921875,-0.8125,-1.34375,0.0
4547,828,-1.65234375,-0.546875,1.515625,1.0
4548,828,0.779296875,0.1875,-1.828125,1.0
4549,828,-0.9990234375,-1.96875,-0.828125,0.0
4550,828,1.0732421875,0.453125,-1.84375,0.0
4551,828,0.1240234375,0.140625,-0.09375,1.0
4552,828,-1.0615234375,-0.375,-1.125,1.0
4553,828,1.3095703125,-0.421875,0.390625,1.0
4554,829,0.951171875,-0.0625,-1.609375,0.0
4555,829,0.9521484375,0.578125,-0.9375,1.0
4556,829,0.38671875,0.09375,-0.125,1.0
4557,830,-0.7919921875,0.015625,0.25,0.0
4558,830,1.884765625,2.21875,-0.4375,0.0
4559,830,0.8623046875,0.15625,0.90625,1.0
4560,830,1.2490234375,0.921875,-0.78125,0.0
4561,831,0.748046875,0.140625,0.796875,0.0
4562,831,-0.943359375,-0.859375,-0.40625,0.0
4563,831,-1.4482421875,-0.671875,0.015625,0.0
4564,831,-1.486328125,-0.640625,0.421875,0.0
4565,831,0.1337890625,2.0,-0.0625,1.0
4566,832,-0.73046875,0.140625,-1.953125,0.0
4567,832,-0.109375,0.265625,0.359375,1.0
4568,832,-0.697265625,0.0625,-0.3125,1.0
4569,832,-2.044921875,-0.75,-0.78125,0.0
4570,832,3.2900390625,2.65625,-1.265625,1.0
4571,832,-0.4833984375,0.1875,0.890625,1.0
4572,833,1.177734375,1.125,-0.265625,0.0
4573,833,0.19921875,0.03125,1.71875,0.0
4574,833,0.95703125,0.0625,1.140625,1.0
4575,833,-0.5625,-0.34375,0.65625,0.0
4576,833,1.181640625,1.296875,1.1875,0.0
4577,833,-2.5029296875,-1.609375,1.34375,0.0
4578,833,0.3486328125,0.28125,-1.40625,0.0
4579,834,-1.44921875,0.046875,-0.078125,0.0
4580,834,1.591796875,0.890625,0.421875,0.0
4581,834,-0.35546875,1.234375,-0.453125,1.0
4582,834,-1.087890625,-0.78125,-1.140625,0.0
4583,834,1.064453125,0.65625,-0.734375,0.0
4584,834,0.4765625,1.921875,-0.609375,1.0
4585,834,-1.087890625,-0.28125,0.859375,0.0
4586,834,-1.798828125,-0.484375,1.71875,0.0
4587,835,1.7021484375,-0.546875,-1.109375,1.0
4588,835,-0.2333984375,0.5625,0.625,1.0
4589,835,0.005859375,-0.34375,-0.546875,1.0
4590,836,-0.57421875,-0.109375,1.703125,0.0
4591,836,-1.697265625,-1.21875,1.640625,0.0
4592,836,0.2646484375,-0.453125,-0.078125,0.0
4593,836,-2.119140625,0.234375,0.71875,0.0
4594,837,0.0859375,1.109375,1.375,0.0
4595,837,0.3671875,1.46875,1.421875,0.0
4596,837,1.1533203125,-0.453125,-0.578125,1.0
4597,837,1.3662109375,0.4375,-0.015625,0.0
4598,837,-0.103515625,0.140625,-0.90625,0.0
4599,838,-1.341796875,-0.15625,1.25,1.0
4600,838,-2.0009765625,-0.859375,0.109375,0.0
4601,838,0.498046875,1.25,-0.203125,0.0
4602,838,-0.564453125,-0.21875,0.546875,0.0
4603,838,1.0078125,-0.125,-0.46875,1.0
4604,838,-3.0126953125,-1.375,-1.140625,0.0
4605,839,1.95703125,1.265625,1.09375,0.0
4606,839,1.00390625,-0.515625,1.890625,0.0
4607,839,1.7060546875,1.734375,-1.0,1.0
4608,839,2.5771484375,0.078125,-2.015625,0.0
4609,839,-1.2822265625,-0.109375,1.734375,0.0
4610,839,-0.3408203125,-0.59375,2.890625,0.0
4611,839,0.38671875,-0.65625,-1.328125,0.0
4612,840,1.310546875,1.109375,0.25,0.0
4613,840,2.2568359375,0.453125,-1.921875,1.0
4614,840,0.0703125,-0.90625,-2.0,1.0
4615,840,-0.16015625,0.734375,1.09375,0.0
4616,840,-1.5537109375,0.359375,-0.21875,1.0
4617,840,-1.1826171875,0.140625,-1.109375,0.0
4618,840,-0.6201171875,0.03125,0.09375,1.0
4619,840,1.4853515625,1.359375,-1.03125,1.0
4620,841,-1.0224609375,-1.921875,1.78125,1.0
4621,841,2.21875,0.78125,0.015625,0.0
4622,841,4.005859375,2.078125,-0.265625,0.0
4623,842,-0.017578125,-1.421875,-0.4375,1.0
4624,842,0.3984375,1.125,0.734375,0.0
4625,842,0.72265625,-0.03125,-0.96875,0.0
4626,842,0.8955078125,-0.15625,0.5625,0.0
4627,843,-0.0810546875,-0.96875,0.734375,1.0
4628,843,0.189453125,-0.375,1.765625,1.0
4629,843,-1.345703125,-0.1875,1.09375,1.0
4630,843,-0.79296875,-1.859375,1.40625,0.0
4631,843,1.353515625,-0.65625,-0.28125,0.0
4632,844,-0.1845703125,-0.78125,-0.859375,0.0
4633,844,-0.017578125,0.578125,0.21875,1.0
4634,844,1.3466796875,1.140625,-0.203125,1.0
4635,844,-0.95703125,0.578125,-0.71875,0.0
4636,844,-0.7763671875,-0.265625,-0.03125,0.0
4637,844,3.423828125,1.0,-0.5625,0.0
4638,845,-0.4736328125,0.078125,2.40625,0.0
4639,845,-1.369140625,-0.28125,-0.328125,1.0
4640,845,1.7998046875,-0.25,-1.859375,1.0
4641,845,3.78515625,2.3125,-2.671875,0.0
4642,845,1.8388671875,0.0625,-1.609375,1.0
4643,845,1.2021484375,-0.5,-0.375,0.0
4644,845,2.12109375,-0.171875,-1.3125,1.0
4645,846,1.455078125,0.40625,-0.109375,0.0
4646,846,2.1748046875,1.984375,-1.5,1.0
4647,846,1.005859375,-0.71875,0.4375,0.0
4648,846,1.90625,-0.3125,0.703125,0.0
4649,846,-0.0830078125,0.390625,0.296875,1.0
4650,846,-0.4365234375,0.234375,1.6875,0.0
4651,846,0.0458984375,-0.8125,0.78125,0.0
4652,846,1.4423828125,0.6875,-0.953125,0.0
4653,847,0.1982421875,0.40625,-0.15625,0.0
4654,847,0.3623046875,-0.265625,1.421875,1.0
4655,847,0.0673828125,-1.265625,-0.3125,0.0
4656,848,-0.341796875,-0.875,-0.34375,0.0
4657,848,1.0595703125,0.375,-1.53125,0.0
4658,848,-1.2578125,-0.28125,0.125,0.0
4659,848,0.337890625,1.0625,0.3125,1.0
4660,849,1.947265625,-0.53125,-0.078125,1.0
4661,849,-0.4404296875,-1.03125,-0.09375,1.0
4662,849,0.8173828125,0.0,-0.796875,1.0
4663,849,-0.162109375,-0.734375,0.140625,0.0
4664,849,-1.16796875,-1.140625,0.0625,0.0
4665,850,0.91796875,1.21875,0.859375,0.0
4666,850,-1.2939453125,-0.703125,1.59375,0.0
4667,850,0.443359375,-0.515625,-0.1875,1.0
4668,850,1.0029296875,1.71875,1.21875,0.0
4669,850,-0.6162109375,-0.0625,-0.203125,0.0
4670,850,1.5205078125,-1.65625,0.21875,1.0
4671,851,1.3212890625,0.5625,-1.375,0.0
4672,851,-0.6376953125,-0.578125,0.0625,1.0
4673,851,0.87890625,0.046875,-0.296875,1.0
4674,851,0.9921875,0.28125,-3.015625,0.0
4675,851,1.376953125,0.515625,-2.234375,1.0
4676,851,1.5966796875,0.921875,0.15625,0.0
4677,851,0.4931640625,-0.296875,0.265625,1.0
4678,852,1.0185546875,-0.71875,1.25,0.0
4679,852,2.1123046875,0.34375,-0.515625,0.0
4680,852,0.65625,-0.15625,0.625,1.0
4681,852,-0.54296875,1.296875,-1.109375,0.0
4682,852,-0.4921875,-1.40625,-0.921875,0.0
4683,852,0.0,-0.5,1.09375,0.0
4684,852,0.048828125,-0.359375,-0.15625,0.0
4685,852,-1.5400390625,0.859375,0.875,0.0
4686,853,-0.224609375,-0.6875,1.84375,0.0
4687,853,-1.2900390625,-0.921875,1.140625,0.0
4688,853,-1.6455078125,1.21875,0.125,0.0
4689,854,0.396484375,0.59375,0.953125,0.0
4690,854,0.6064453125,1.296875,1.296875,0.0
4691,854,-0.154296875,-0.34375,-0.046875,1.0
4692,854,1.2451171875,0.140625,-0.421875,0.0
4693,855,1.15234375,0.140625,-1.015625,1.0
4694,855,-0.2470703125,-0.875,2.15625,1.0
4695,855,-1.4228515625,-1.171875,-0.53125,0.0
4696,855,2.1103515625,1.546875,0.546875,1.0
4697,855,1.4638671875,-0.65625,0.359375,0.0
4698,856,0.052734375,-1.015625,-0.375,0.0
4699,856,1.6162109375,0.875,-0.28125,0.0
4700,856,-0.8125,-0.328125,2.203125,1.0
4701,856,0.2177734375,0.515625,0.125,0.0
4702,856,1.78515625,0.765625,1.296875,1.0
4703,856,-0.9462890625,0.546875,0.046875,1.0
4704,857,-1.3525390625,-0.96875,0.671875,0.0
4705,857,-0.7744140625,-0.59375,0.0625,0.0
4706,857,1.150390625,-0.203125,-1.25,0.0
4707,857,-2.3369140625,-1.1875,1.609375,1.0
4708,857,0.2021484375,-0.8125,0.078125,1.0
4709,857,-1.5986328125,0.25,1.5,0.0
4710,857,0.607421875,-0.203125,-0.359375,0.0
4711,858,-0.9345703125,0.578125,2.5625,0.0
4712,858,0.4736328125,-0.03125,1.109375,0.0
4713,858,1.7705078125,-1.046875,0.90625,0.0
4714,858,-1.5576171875,-1.875,1.984375,0.0
4715,858,-0.2939453125,-1.90625,0.484375,1.0
4716,858,0.0126953125,0.359375,1.359375,1.0
4717,858,0.67578125,-0.828125,0.640625,0.0
4718,858,3.5908203125,1.65625,0.40625,1.0
4719,859,0.0029296875,0.0,-1.1875,0.0
4720,859,-0.41015625,-0.015625,-0.390625,0.0
4721,859,-1.1796875,0.078125,0.84375,0.0
4722,860,-0.6982421875,-1.359375,0.703125,1.0
4723,860,1.9921875,0.734375,-0.796875,0.0
4724,860,0.5654296875,0.21875,-0.21875,1.0
4725,860,-0.234375,0.109375,0.265625,0.0
4726,861,-1.0400390625,-1.28125,1.40625,0.0
4727,861,2.9599609375,1.109375,0.359375,0.0
4728,861,-0.447265625,-0.609375,0.859375,1.0
4729,861,1.1044921875,-1.234375,-0.796875,1.0
4730,861,2.4443359375,2.03125,1.28125,0.0
4731,862,-0.755859375,0.4375,1.265625,0.0
4732,862,1.39453125,1.484375,0.046875,1.0
4733,862,0.1865234375,-0.03125,-0.1875,1.0
4734,862,0.4169921875,1.21875,0.84375,0.0
4735,862,-0.0595703125,0.171875,2.625,1.0
4736,862,-0.482421875,-0.609375,1.8125,1.0
4737,863,0.5888671875,1.640625,1.546875,0.0
4738,863,-1.34375,-2.046875,-0.59375,0.0
4739,863,-0.6845703125,-2.40625,-0.046875,0.0
4740,863,0.47265625,-0.3125,0.75,0.0
4741,863,0.6259765625,0.328125,-0.3125,1.0
4742,863,-0.8115234375,-1.0625,0.15625,1.0
4743,863,-0.896484375,0.234375,0.5,1.0
4744,864,0.5,0.828125,0.25,0.0
4745,864,-0.181640625,1.8125,0.359375,0.0
4746,864,2.8505859375,2.78125,-2.59375,1.0
4747,864,-0.4775390625,-1.5,1.65625,0.0
4748,864,0.0625,0.3125,1.046875,0.0
4749,864,0.0458984375,1.09375,0.40625,0.0
4750,864,-1.5234375,-1.046875,0.0,1.0
4751,864,-0.220703125,1.203125,0.59375,0.0
4752,865,-2.3486328125,-1.21875,-0.109375,0.0
4753,865,-0.1875,0.265625,0.375,1.0
4754,865,-0.51953125,-1.484375,-1.796875,0.0
4755,866,-0.625,0.765625,-0.453125,1.0
4756,866,-1.1123046875,-1.0625,-0.421875,0.0
4757,866,-1.9033203125,-0.453125,1.9375,0.0
4758,866,-3.044921875,-0.890625,0.515625,0.0
4759,867,3.0537109375,-0.03125,-1.3125,0.0
4760,867,1.41796875,-1.015625,-0.484375,0.0
4761,867,-0.2919921875,-1.765625,-0.703125,1.0
4762,867,0.0458984375,0.421875,1.875,0.0
4763,867,-0.6220703125,0.25,0.5,0.0
4764,868,1.505859375,-1.328125,-0.40625,1.0
4765,868,-2.1845703125,0.125,0.0625,1.0
4766,868,-0.0458984375,0.609375,0.5625,1.0
4767,868,2.033203125,-0.109375,-0.890625,1.0
4768,868,1.927734375,1.34375,-1.53125,0.0
4769,868,-0.2509765625,0.796875,0.859375,1.0
4770,869,0.59765625,-0.3125,1.546875,0.0
4771,869,1.6904296875,1.046875,-1.609375,1.0
4772,869,0.119140625,-1.109375,1.296875,0.0
4773,869,-0.4609375,1.234375,-0.390625,0.0
4774,869,2.22265625,0.5625,1.609375,1.0
4775,869,1.3212890625,-0.3125,0.15625,0.0
4776,869,-0.1318359375,-0.953125,-1.765625,1.0
4777,870,0.0625,-0.765625,0.15625,1.0
4778,870,-0.0771484375,-0.375,-0.546875,0.0
4779,870,0.5244140625,0.78125,-0.09375,1.0
4780,870,-0.2421875,-0.484375,0.03125,0.0
4781,870,-1.77734375,-0.21875,-0.0625,0.0
4782,870,0.9658203125,0.5625,0.609375,0.0
4783,870,-0.5126953125,-1.171875,-0.140625,0.0
4784,870,-2.69140625,-1.171875,1.375,1.0
4785,871,-2.00390625,0.875,1.609375,1.0
4786,871,0.6220703125,0.796875,-0.3125,0.0
4787,871,-1.1357421875,-0.609375,-1.859375,0.0
4788,872,0.1083984375,0.75,-1.203125,0.0
4789,872,2.4443359375,-1.21875,-2.515625,1.0
4790,872,2.705078125,0.546875,-1.875,1.0
4791,872,-0.072265625,0.890625,0.8125,1.0
4792,873,2.0380859375,0.4375,-1.390625,1.0
4793,873,3.083984375,1.109375,-1.515625,0.0
4794,873,-0.2568359375,-0.46875,0.046875,1.0
4795,873,-0.0205078125,-0.46875,-0.78125,0.0
4796,873,0.9326171875,-1.734375,-0.09375,0.0
4797,874,0.6484375,-0.25,2.03125,0.0
4798,874,-0.1513671875,-0.875,-1.328125,0.0
4799,874,3.1640625,1.25,-1.46875,0.0
4800,874,0.986328125,0.640625,1.03125,0.0
4801,874,2.01171875,1.34375,0.9375,1.0
4802,874,-1.421875,0.15625,0.109375,0.0
4803,875,-0.623046875,0.6875,0.765625,0.0
4804,875,2.1201171875,1.421875,0.375,0.0
4805,875,0.1884765625,-0.96875,-1.3125,1.0
4806,875,-0.771484375,-0.453125,0.4375,0.0
4807,875,1.224609375,0.421875,-0.453125,0.0
4808,875,2.7578125,-1.140625,0.625,0.0
4809,875,1.619140625,-0.203125,-0.234375,0.0
4810,876,0.9326171875,1.390625,-0.65625,1.0
4811,876,-2.46875,-1.703125,1.21875,1.0
4812,876,0.7548828125,0.9375,1.171875,0.0
4813,876,1.978515625,1.484375,-0.75,0.0
4814,876,-3.53125,-1.625,2.015625,1.0
4815,876,-1.470703125,-0.28125,-0.140625,0.0
4816,876,0.8564453125,0.40625,0.703125,1.0
4817,876,0.2626953125,-0.765625,-1.03125,0.0
4818,877,3.24609375,1.46875,-0.5625,0.0
4819,877,-0.0390625,-0.953125,0.03125,0.0
4820,877,0.912109375,1.921875,-0.25,0.0
4821,878,0.904296875,0.578125,-1.6875,1.0
4822,878,0.796875,-0.328125,0.0,1.0
4823,878,-1.220703125,-0.015625,1.96875,0.0
4824,878,-0.03515625,0.234375,-0.65625,0.0
4825,879,-0.005859375,-0.25,0.296875,1.0
4826,879,1.4287109375,-0.53125,-2.734375,1.0
4827,879,-0.0849609375,0.09375,-0.0625,0.0
4828,879,1.923828125,1.015625,1.453125,1.0
4829,879,1.30078125,0.546875,-1.140625,1.0
4830,880,0.6083984375,-0.03125,-1.0625,0.0
4831,880,-0.34375,-0.171875,0.75,0.0
4832,880,-0.9970703125,-0.09375,0.921875,1.0
4833,880,-2.072265625,-0.8125,0.140625,0.0
4834,880,2.2021484375,1.59375,-1.140625,1.0
4835,880,0.796875,0.953125,-0.078125,1.0
4836,881,3.2607421875,0.78125,-2.5,1.0
4837,881,-1.337890625,-0.953125,1.640625,1.0
4838,881,0.79296875,-0.078125,-0.390625,1.0
4839,881,-0.6123046875,-1.40625,0.734375,0.0
4840,881,0.642578125,1.28125,-0.53125,1.0
4841,881,0.4228515625,1.265625,0.4375,1.0
4842,881,0.787109375,1.453125,1.46875,1.0
4843,882,1.02734375,0.5625,-0.734375,1.0
4844,882,-0.2265625,0.953125,-0.078125,1.0
4845,882,-1.7255859375,-0.21875,0.1875,0.0
4846,882,0.53125,0.3125,0.109375,1.0
4847,882,1.81640625,1.15625,-0.40625,0.0
4848,882,0.89453125,1.125,0.46875,0.0
4849,882,-0.4365234375,-1.03125,-1.125,0.0
4850,882,-0.837890625,-1.828125,-0.296875,1.0
4851,883,-0.0478515625,-0.3125,-0.53125,1.0
4852,883,1.6357421875,1.9375,-1.359375,0.0
4853,883,0.02734375,0.125,0.578125,1.0
4854,884,0.64453125,0.34375,-0.5625,1.0
4855,884,1.734375,1.234375,0.53125,0.0
4856,884,-0.041015625,-0.46875,-0.625,0.0
4857,884,0.70703125,-0.109375,-0.453125,0.0
4858,885,1.8310546875,1.859375,-1.53125,0.0
4859,885,-0.548828125,-0.640625,1.5,0.0
4860,885,0.236328125,-0.5625,-1.40625,0.0
4861,885,-0.662109375,0.703125,2.453125,0.0
4862,885,1.7939453125,-1.203125,-0.984375,0.0
4863,886,-1.1396484375,-2.40625,-0.203125,1.0
4864,886,-1.34765625,0.375,0.5,0.0
4865,886,-0.4443359375,-0.09375,2.53125,1.0
4866,886,-1.2685546875,-0.65625,-0.59375,0.0
4867,886,-0.8330078125,-0.828125,2.34375,0.0
4868,886,1.2177734375,1.46875,-1.21875,0.0
4869,887,0.28125,0.9375,1.65625,0.0
4870,887,1.9765625,0.671875,-0.140625,0.0
4871,887,1.4951171875,0.09375,0.53125,1.0
4872,887,1.060546875,-0.015625,-1.078125,1.0
4873,887,-0.255859375,-0.734375,2.03125,1.0
4874,887,0.0712890625,-0.140625,0.875,0.0
4875,887,-0.029296875,-0.1875,0.125,0.0
4876,888,-0.748046875,-1.0625,-0.390625,1.0
4877,888,-0.5595703125,-1.078125,1.96875,0.0
4878,888,0.55078125,-0.25,0.21875,0.0
4879,888,1.4931640625,-0.09375,0.328125,1.0
4880,888,1.9208984375,0.4375,-0.734375,1.0
4881,888,0.7578125,-0.53125,0.9375,1.0
4882,888,0.8447265625,0.5,0.640625,1.0
4883,888,2.9619140625,0.171875,1.53125,1.0
4884,889,-1.6728515625,-1.46875,-1.234375,0.0
4885,889,-1.00390625,-0.359375,-0.84375,1.0
4886,889,-1.1201171875,-0.234375,-0.265625,0.0
4887,890,-0.2470703125,0.953125,2.734375,0.0
4888,890,3.3857421875,0.8125,-3.078125,1.0
4889,890,0.6884765625,-0.375,1.84375,0.0
4890,890,0.013671875,0.78125,1.6875,0.0
4891,891,-0.302734375,-0.1875,0.890625,1.0
4892,891,0.2275390625,-0.984375,0.5,1.0
4893,891,-0.9501953125,-1.234375,-0.171875,0.0
4894,891,0.4794921875,0.6875,-0.65625,0.0
4895,891,2.1083984375,1.546875,0.6875,1.0
4896,892,1.2509765625,0.84375,1.0625,0.0
4897,892,-0.59375,-0.640625,0.234375,0.0
4898,892,1.728515625,1.734375,-0.015625,0.0
4899,892,1.900390625,1.546875,-0.265625,0.0
4900,892,-0.8251953125,-0.078125,0.75,0.0
4901,892,-0.4208984375,-0.96875,-0.84375,0.0
4902,893,-1.0927734375,1.234375,1.21875,1.0
4903,893,2.1123046875,0.421875,-0.546875,0.0
4904,893,0.5537109375,0.328125,0.859375,0.0
4905,893,-0.306640625,-1.640625,1.421875,0.0
4906,893,0.5263671875,-0.015625,1.421875,0.0
4907,893,-0.5927734375,-0.5625,0.53125,0.0
4908,893,-1.6787109375,-0.296875,0.109375,1.0
4909,894,-1.416015625,-0.84375,-0.828125,1.0
4910,894,-1.2158203125,-0.765625,-1.453125,0.0
4911,894,-1.341796875,0.265625,-1.015625,0.0
4912,894,0.7119140625,0.46875,-0.34375,0.0
4913,894,2.119140625,1.34375,0.34375,1.0
4914,894,-0.0263671875,1.46875,-0.453125,0.0
4915,894,0.4921875,0.515625,-0.0625,1.0
4916,894,-2.404296875,-0.15625,1.328125,0.0
4917,895,-0.958984375,0.65625,1.53125,0.0
4918,895,0.51953125,1.40625,0.59375,0.0
4919,895,-0.513671875,0.59375,-0.203125,0.0
4920,896,0.41015625,0.484375,-0.0625,1.0
4921,896,-0.9453125,-1.359375,0.609375,1.0
4922,896,-0.287109375,-0.5,0.8125,0.0
4923,896,-0.275390625,0.25,0.59375,1.0
4924,897,1.6728515625,-1.296875,-0.609375,1.0
4925,897,-0.046875,-0.625,-0.25,0.0
4926,897,0.91796875,0.25,-1.25,0.0
4927,897,1.6015625,0.515625,-0.078125,1.0
4928,897,0.5703125,0.15625,-1.1875,0.0
4929,898,-1.6318359375,-1.8125,0.34375,0.0
4930,898,-1.1943359375,-2.234375,-0.09375,0.0
4931,898,-0.51953125,-0.3125,1.796875,1.0
4932,898,-1.33203125,-1.421875,1.53125,0.0
4933,898,-0.7587890625,-0.25,0.078125,0.0
4934,898,0.1640625,0.8125,0.484375,0.0
4935,899,-0.2099609375,0.125,0.53125,0.0
4936,899,0.107421875,-0.1875,-0.6875,0.0
4937,899,-0.26953125,0.125,-0.71875,0.0
4938,899,0.0390625,-0.46875,-1.9375,0.0
4939,899,-2.6416015625,-1.390625,-0.078125,0.0
4940,899,1.7998046875,1.453125,0.09375,1.0
4941,899,0.07421875,-0.484375,0.28125,0.0
4942,900,1.30078125,-0.203125,-1.5625,1.0
4943,900,0.1162109375,-0.28125,1.4375,0.0
4944,900,0.361328125,0.375,-0.1875,0.0
4945,900,0.0634765625,1.359375,0.203125,1.0
4946,900,-0.5244140625,-0.640625,0.078125,0.0
4947,900,-1.4951171875,-0.59375,-0.078125,1.0
4948,900,1.3095703125,0.046875,-0.59375,0.0
4949,900,-0.8349609375,0.140625,1.40625,1.0
4950,901,-1.125,-1.59375,1.03125,1.0
4951,901,-0.0693359375,0.53125,2.953125,1.0
4952,901,2.279296875,0.453125,0.3125,1.0
4953,902,1.6806640625,1.609375,0.109375,0.0
4954,902,0.7607421875,-0.375,-0.71875,0.0
4955,902,1.154296875,0.109375,0.421875,0.0
4956,902,1.513671875,2.15625,0.890625,1.0
4957,903,0.904296875,1.40625,-0.046875,0.0
4958,903,-0.5634765625,-0.25,0.265625,1.0
4959,903,-1.4326171875,0.140625,0.75,0.0
4960,903,0.359375,-0.03125,0.546875,0.0
4961,903,2.345703125,0.609375,-1.5625,0.0
4962,904,0.7890625,0.265625,-1.421875,0.0
4963,904,-1.509765625,0.328125,-2.28125,0.0
4964,904,-1.9404296875,-1.171875,-0.71875,1.0
4965,904,-1.0888671875,-0.15625,-1.578125,0.0
4966,904,1.4365234375,0.609375,-0.75,1.0
4967,904,1.41796875,-0.171875,-0.4375,0.0
4968,905,0.501953125,0.1875,-1.296875,0.0
4969,905,-0.2470703125,-0.265625,-0.203125,1.0
4970,905,3.32421875,1.640625,-0.421875,1.0
4971,905,0.3828125,-0.59375,0.78125,0.0
4972,905,-1.638671875,0.28125,0.84375,1.0
4973,905,-0.283203125,0.078125,-0.125,1.0
4974,905,-3.6435546875,-1.03125,0.6875,1.0
4975,906,2.265625,0.734375,-0.671875,0.0
4976,906,-0.7607421875,0.71875,0.921875,0.0
4977,906,-0.318359375,0.03125,1.4375,0.0
4978,906,1.033203125,-2.359375,0.515625,1.0
4979,906,2.7646484375,1.40625,-0.875,0.0
4980,906,-0.5595703125,-0.9375,0.65625,0.0
4981,906,1.11328125,-0.59375,-0.984375,1.0
4982,906,0.814453125,1.203125,-0.5,0.0
4983,907,1.5791015625,0.890625,0.5625,0.0
4984,907,-0.0302734375,-0.828125,-0.140625,0.0
4985,907,-0.810546875,-0.21875,1.53125,0.0
4986,908,-3.2998046875,-1.5,1.328125,1.0
4987,908,1.6943359375,2.078125,-0.703125,0.0
4988,908,-0.7470703125,-0.671875,-0.546875,0.0
4989,908,2.90234375,0.6875,-0.640625,0.0
4990,909,-2.150390625,0.46875,0.828125,0.0
4991,909,-0.701171875,0.234375,0.515625,0.0
4992,909,-0.7490234375,-0.109375,0.203125,0.0
4993,909,-1.98828125,-0.34375,0.03125,0.0
4994,909,-1.0791015625,-0.609375,-0.328125,0.0
4995,910,0.63671875,-1.390625,0.421875,0.0
4996,910,0.8515625,0.40625,-0.640625,1.0
4997,910,0.9619140625,1.625,0.078125,1.0
4998,910,3.0048828125,1.59375,0.125,1.0
4999,910,-2.1572265625,-0.875,1.203125,0.0
5000,910,-1.46875,-0.078125,1.5,0.0
5001,911,-2.529296875,-1.71875,0.65625,0.0
5002,911,-0.013671875,-0.03125,0.03125,0.0
5003,911,0.751953125,0.5625,0.40625,1.0
5004,911,-3.3134765625,-1.3125,1.84375,1.0
5005,911,-1.578125,-1.453125,-1.0,1.0
5006,911,0.7021484375,-0.0625,0.34375,0.0
5007,911,-0.205078125,0.890625,0.25,1.0
5008,912,1.677734375,-1.515625,-0.328125,1.0
5009,912,1.587890625,1.03125,-0.46875,1.0
5010,912,0.4091796875,0.671875,1.09375,0.0
5011,912,2.7333984375,1.265625,-1.109375,1.0
5012,912,-0.623046875,-0.296875,-1.375,0.0
5013,912,0.0263671875,-1.5,-0.828125,0.0
5014,912,-0.38671875,-1.84375,-2.34375,0.0
5015,912,1.0546875,0.484375,1.09375,0.0
5016,913,-1.541015625,-1.65625,-1.84375,1.0
5017,913,0.0341796875,1.25,-0.09375,0.0
5018,913,0.50390625,0.78125,-0.765625,1.0
5019,914,-3.1875,-2.109375,1.734375,0.0
5020,914,-1.1005859375,-1.5,-0.609375,0.0
5021,914,3.1513671875,0.671875,0.921875,1.0
5022,914,-1.2978515625,-1.8125,-0.359375,1.0
5023,915,-0.125,-0.984375,-0.140625,0.0
5024,915,-0.564453125,-1.359375,-2.53125,1.0
5025,915,1.58203125,0.53125,0.0,0.0
5026,915,2.3154296875,-0.265625,0.296875,1.0
5027,915,0.689453125,0.734375,-2.8125,1.0
5028,916,0.703125,-0.109375,-2.21875,0.0
5029,916,-2.35546875,-1.375,-0.546875,0.0
5030,916,-0.4970703125,-0.6875,0.0,0.0
5031,916,0.8681640625,0.328125,0.34375,1.0
5032,916,-0.3720703125,0.296875,0.328125,1.0
5033,916,0.5634765625,0.875,-0.15625,1.0
5034,917,-0.322265625,-1.359375,-0.140625,0.0
5035,917,0.6923828125,-0.578125,0.203125,1.0
5036,917,2.123046875,0.984375,0.4375,0.0
5037,917,0.255859375,-0.578125,1.03125,1.0
5038,917,-0.3720703125,-1.453125,-1.484375,1.0
5039,917,0.0029296875,0.328125,1.390625,0.0
5040,917,1.7490234375,2.328125,0.75,0.0
5041,918,0.1953125,-0.6875,0.390625,1.0
5042,918,1.37109375,0.96875,-0.21875,0.0
5043,918,1.3046875,-0.421875,0.21875,1.0
5044,918,0.2724609375,0.734375,1.46875,0.0
5045,918,2.8505859375,2.421875,-0.890625,0.0
5046,918,0.271484375,-1.15625,-0.109375,0.0
5047,918,0.5556640625,-0.671875,0.734375,1.0
5048,918,0.8720703125,1.03125,0.53125,0.0
5049,919,-0.5859375,-1.109375,-0.578125,1.0
5050,919,-1.02734375,-0.21875,2.234375,1.0
5051,919,1.673828125,0.6875,1.078125,0.0
5052,920,-1.568359375,-0.703125,-0.15625,0.0
5053,920,-0.4013671875,1.203125,1.015625,0.0
5054,920,-0.4052734375,-0.0625,0.265625,0.0
5055,920,1.3232421875,-0.640625,-1.03125,0.0
5056,921,1.50390625,1.171875,1.984375,0.0
5057,921,-0.3564453125,-0.859375,0.640625,0.0
5058,921,0.4423828125,-0.84375,-1.234375,1.0
5059,921,0.5576171875,0.109375,0.09375,1.0
5060,921,0.484375,-0.484375,0.5,0.0
5061,922,-0.0029296875,0.6875,0.421875,1.0
5062,922,2.66796875,0.828125,-3.328125,1.0
5063,922,0.1435546875,0.390625,0.4375,1.0
5064,922,2.1826171875,0.109375,-0.703125,0.0
5065,922,-0.9013671875,-2.125,-0.609375,0.0
5066,922,-0.6376953125,-1.328125,-0.515625,1.0
5067,923,-1.216796875,-0.0625,-0.203125,1.0
5068,923,-0.703125,-1.421875,-1.0625,0.0
5069,923,0.72265625,0.921875,-0.53125,1.0
5070,923,-1.169921875,0.546875,0.3125,0.0
5071,923,-0.232421875,-2.0625,-1.265625,1.0
5072,923,1.1259765625,1.015625,-1.84375,0.0
5073,923,-0.171875,-0.15625,0.453125,1.0
5074,924,0.3583984375,-0.140625,-1.375,1.0
5075,924,-1.083984375,-0.703125,0.265625,1.0
5076,924,-0.44921875,0.484375,-0.28125,0.0
5077,924,-0.576171875,-0.984375,0.625,1.0
5078,924,-1.8544921875,-0.453125,0.515625,1.0
5079,924,1.404296875,1.34375,-0.328125,1.0
5080,924,-1.3525390625,-0.359375,0.609375,1.0
5081,924,-0.7294921875,-0.609375,-0.65625,1.0
5082,925,-0.052734375,-0.03125,0.375,0.0
5083,925,-0.4912109375,-0.890625,0.15625,0.0
5084,925,0.0302734375,0.421875,1.734375,0.0
5085,926,-0.865234375,-0.78125,-0.21875,0.0
5086,926,0.494140625,0.34375,-1.046875,0.0
5087,926,0.3642578125,-0.515625,-1.8125,0.0
5088,926,-0.2783203125,1.125,-1.421875,0.0
5089,927,-0.013671875,-0.0625,-1.8125,1.0
5090,927,0.013671875,-0.734375,-0.21875,0.0
5091,927,1.015625,0.46875,0.140625,0.0
5092,927,2.0791015625,0.25,-0.171875,0.0
5093,927,1.27734375,0.9375,0.765625,0.0
5094,928,1.5283203125,1.609375,0.59375,1.0
5095,928,2.779296875,1.84375,-3.15625,0.0
5096,928,-0.875,-0.03125,-1.46875,0.0
5097,928,-2.513671875,-0.671875,0.15625,1.0
5098,928,-1.267578125,0.1875,1.078125,0.0
5099,928,-2.767578125,0.828125,2.140625,0.0
5100,929,1.470703125,-0.015625,-1.0,1.0
5101,929,0.5849609375,0.078125,-0.640625,1.0
5102,929,-0.6513671875,-1.484375,0.78125,0.0
5103,929,2.0947265625,-0.03125,-0.046875,1.0
5104,929,0.68359375,0.53125,-0.875,0.0
5105,929,-0.62109375,-0.53125,0.4375,0.0
5106,929,3.3232421875,1.234375,-0.234375,1.0
5107,930,2.212890625,-1.09375,-1.046875,1.0
5108,930,1.109375,-0.46875,-0.875,1.0
5109,930,1.560546875,0.078125,0.1875,1.0
5110,930,-3.29296875,-2.4375,1.15625,0.0
5111,930,1.998046875,0.03125,-0.40625,0.0
5112,930,-0.376953125,0.203125,1.59375,0.0
5113,930,1.34765625,1.171875,-0.109375,1.0
5114,930,0.8056640625,-0.109375,0.0625,0.0
5115,931,-2.6748046875,-1.4375,1.203125,1.0
5116,931,0.2822265625,0.453125,0.84375,0.0
5117,931,-0.5478515625,-1.390625,0.015625,0.0
5118,932,-0.1513671875,-0.203125,-0.34375,0.0
5119,932,1.4501953125,0.3125,0.25,0.0
5120,932,1.1787109375,2.765625,-0.0625,0.0
5121,932,0.2041015625,-0.140625,-0.75,0.0
5122,933,0.5859375,-0.21875,-0.546875,0.0
5123,933,0.83203125,-0.953125,-1.015625,0.0
5124,933,-0.6357421875,-0.03125,0.59375,0.0
5125,933,0.4326171875,0.828125,0.984375,0.0
5126,933,-0.4248046875,-0.453125,1.25,0.0
5127,934,3.4013671875,1.640625,-2.28125,1.0
5128,934,0.9755859375,0.296875,0.0,0.0
5129,934,-0.6015625,0.640625,-0.53125,0.0
5130,934,0.8984375,-0.671875,0.140625,1.0
5131,934,-1.654296875,1.6875,-1.203125,0.0
5132,934,0.240234375,-0.796875,0.375,0.0
5133,935,0.021484375,0.296875,-1.5,0.0
5134,935,1.123046875,0.671875,-0.0625,1.0
5135,935,-1.9619140625,-1.703125,2.84375,0.0
5136,935,0.0751953125,-0.875,0.390625,1.0
5137,935,-2.943359375,-1.1875,2.09375,0.0
5138,935,1.8203125,1.359375,-0.21875,0.0
5139,935,0.7060546875,0.640625,0.390625,0.0
5140,936,2.87890625,1.375,-1.203125,0.0
5141,936,0.7333984375,0.5625,0.640625,0.0
5142,936,-3.51171875,-1.0,2.0625,0.0
5143,936,3.09765625,1.734375,1.703125,1.0
5144,936,0.9765625,0.890625,1.09375,0.0
5145,936,-0.1962890625,-0.359375,0.75,1.0
5146,936,-0.6533203125,0.65625,0.90625,0.0
5147,936,-1.7568359375,0.796875,2.625,1.0
5148,937,-0.775390625,0.46875,-0.078125,1.0
5149,937,-0.1083984375,-0.671875,0.15625,1.0
5150,937,2.8095703125,2.046875,-0.375,1.0
5151,938,-0.673828125,-0.171875,0.46875,0.0
5152,938,-0.6884765625,-1.078125,0.484375,1.0
5153,938,4.1474609375,1.890625,-1.21875,0.0
5154,938,-0.9755859375,-0.59375,-0.015625,0.0
5155,939,-2.166015625,-0.515625,-0.296875,1.0
5156,939,0.8720703125,0.390625,-0.171875,1.0
5157,939,-0.6669921875,1.203125,0.28125,1.0
5158,939,1.6611328125,-0.984375,-0.515625,0.0
5159,939,-1.15625,-1.0,-0.109375,0.0
5160,940,-0.6220703125,1.25,-0.546875,0.0
5161,940,1.1572265625,-0.484375,-1.03125,0.0
5162,940,3.0654296875,0.078125,-1.453125,1.0
5163,940,-1.6884765625,-1.515625,-0.71875,0.0
5164,940,1.751953125,-0.109375,2.15625,0.0
5165,940,1.400390625,0.921875,0.203125,1.0
5166,941,1.24609375,0.890625,-1.296875,0.0
5167,941,-0.9541015625,0.46875,-0.09375,0.0
5168,941,-1.3369140625,-0.296875,0.046875,0.0
5169,941,-0.369140625,-0.65625,-1.1875,0.0
5170,941,-0.0546875,-0.3125,-0.265625,0.0
5171,941,-1.41796875,-0.390625,-1.125,1.0
5172,941,1.2587890625,0.3125,-3.0625,0.0
5173,942,0.7314453125,0.1875,-0.109375,1.0
5174,942,-1.90234375,-1.546875,0.4375,0.0
5175,942,0.9365234375,0.046875,-1.015625,1.0
5176,942,1.7333984375,0.953125,0.234375,1.0
5177,942,0.8154296875,1.4375,1.03125,0.0
5178,942,0.36328125,-0.171875,-0.703125,1.0
5179,942,-1.263671875,-0.890625,1.0625,0.0
5180,942,1.830078125,-0.1875,-0.453125,1.0
5181,943,-0.48046875,-0.21875,0.15625,0.0
5182,943,0.6708984375,0.203125,-0.71875,0.0
5183,943,1.0390625,-1.140625,-0.09375,1.0
5184,944,-1.1982421875,-2.125,0.0625,1.0
5185,944,-2.0927734375,-2.765625,-1.671875,0.0
5186,944,0.521484375,-0.671875,2.359375,1.0
5187,944,0.8212890625,-0.53125,0.21875,0.0
5188,945,-0.4921875,1.03125,1.359375,1.0
5189,945,1.2333984375,-0.140625,0.9375,0.0
5190,945,-1.1220703125,-1.109375,0.234375,1.0
5191,945,1.6318359375,0.125,-1.296875,0.0
5192,945,2.0439453125,0.421875,-2.6875,1.0
5193,946,3.1572265625,1.046875,-0.796875,0.0
5194,946,1.6298828125,0.453125,-1.890625,0.0
5195,946,0.0341796875,-0.265625,-0.125,1.0
5196,946,-0.3505859375,-0.21875,-0.203125,0.0
5197,946,1.3896484375,0.890625,0.171875,1.0
5198,946,-1.87109375,-1.796875,-0.390625,0.0
5199,947,0.9228515625,0.28125,-0.4375,0.0
5200,947,1.8798828125,0.890625,0.453125,1.0
5201,947,-0.21484375,0.078125,0.75,0.0
5202,947,-0.00390625,1.703125,0.6875,0.0
5203,947,1.4423828125,0.96875,-0.453125,1.0
5204,947,-0.2548828125,0.6875,1.9375,0.0
5205,947,-0.7734375,-0.75,0.28125,0.0
5206,948,-1.2177734375,-1.859375,1.53125,0.0
5207,948,-0.279296875,0.359375,-0.109375,0.0
5208,948,1.2373046875,-0.21875,-1.703125,1.0
5209,948,-0.5888671875,0.15625,1.34375,1.0
5210,948,-0.453125,-0.640625,1.59375,1.0
5211,948,-0.17578125,0.171875,0.78125,0.0
5212,948,1.09375,-0.546875,-0.421875,0.0
5213,948,-1.705078125,-1.703125,0.09375,0.0
5214,949,0.0009765625,0.71875,-1.390625,1.0
5215,949,-0.0703125,-0.265625,1.328125,1.0
5216,949,-1.39453125,-0.265625,0.140625,0.0
5217,950,1.7490234375,1.734375,0.09375,0.0
5218,950,-2.5703125,-1.140625,0.46875,0.0
5219,950,-1.0146484375,-0.125,0.875,1.0
5220,950,-3.1083984375,-0.921875,0.265625,0.0
5221,951,2.01171875,0.109375,-0.21875,0.0
5222,951,0.68359375,0.4375,-0.171875,1.0
5223,951,1.306640625,0.921875,0.5625,1.0
5224,951,2.65625,0.734375,-0.59375,1.0
5225,951,1.8671875,-0.234375,-1.328125,0.0
5226,952,-2.6767578125,0.15625,1.65625,0.0
5227,952,0.1708984375,-0.4375,-2.421875,0.0
5228,952,0.7119140625,1.046875,-1.1875,0.0
5229,952,0.2080078125,-0.25,-0.578125,0.0
5230,952,-3.275390625,0.578125,2.59375,0.0
5231,952,0.419921875,-0.140625,0.484375,1.0
5232,953,-0.01171875,0.390625,-0.578125,1.0
5233,953,1.705078125,0.953125,-0.46875,0.0
5234,953,1.04296875,0.828125,0.203125,0.0
5235,953,-2.8681640625,-1.609375,1.046875,0.0
5236,953,-1.0771484375,1.46875,0.734375,1.0
5237,953,0.173828125,0.4375,-0.34375,1.0
5238,953,-0.130859375,-0.125,-1.046875,0.0
5239,954,-1.5390625,-0.484375,-0.328125,0.0
5240,954,1.041015625,-0.125,-0.4375,1.0
5241,954,-0.1142578125,-1.234375,-1.09375,1.0
5242,954,1.345703125,-0.71875,-1.296875,0.0
5243,954,0.1884765625,0.796875,0.234375,1.0
5244,954,-2.2998046875,0.28125,1.671875,0.0
5245,954,-0.51953125,-0.296875,-0.890625,1.0
5246,954,2.2783203125,0.765625,-0.09375,0.0
5247,955,-0.767578125,0.953125,-0.328125,1.0
5248,955,-0.3740234375,-0.6875,0.375,0.0
5249,955,-0.6025390625,0.6875,-0.375,0.0
5250,956,-0.578125,-0.109375,0.4375,0.0
5251,956,-0.48046875,1.46875,1.4375,0.0
5252,956,0.23828125,-1.0,-0.234375,0.0
5253,956,2.22265625,1.71875,-0.21875,0.0
5254,957,-2.5361328125,-1.375,0.5,1.0
5255,957,-1.8349609375,-0.78125,1.15625,0.0
5256,957,1.7431640625,-0.234375,-0.75,1.0
5257,957,-1.798828125,-0.75,0.171875,0.0
5258,957,-0.6865234375,1.046875,1.40625,1.0
5259,958,-0.650390625,-0.46875,0.296875,0.0
5260,958,-3.0703125,-1.75,1.015625,0.0
5261,958,1.78515625,-0.28125,-2.046875,0.0
5262,958,0.5546875,-0.015625,-0.1875,0.0
5263,958,-1.599609375,-0.5,-0.75,1.0
5264,958,0.171875,0.84375,0.171875,0.0
5265,959,2.4794921875,2.71875,0.625,1.0
5266,959,-0.337890625,0.578125,1.65625,1.0
5267,959,-1.1806640625,-0.484375,0.765625,0.0
5268,959,0.7265625,0.109375,-0.34375,0.0
5269,959,-0.298828125,-0.4375,-0.15625,1.0
5270,959,-0.57421875,-2.390625,-0.75,0.0
5271,959,-2.466796875,-1.46875,0.796875,0.0
5272,960,-1.25390625,-0.53125,1.796875,0.0
5273,960,0.7705078125,0.15625,-1.59375,1.0
5274,960,-0.333984375,0.203125,3.125,0.0
5275,960,-0.876953125,-1.234375,-1.078125,0.0
5276,960,2.2509765625,1.4375,-0.234375,0.0
5277,960,1.5126953125,1.671875,-0.25,1.0
5278,960,-1.166015625,1.078125,1.078125,0.0
5279,960,0.7353515625,0.9375,1.078125,1.0
5280,961,0.0654296875,0.296875,-0.828125,0.0
5281,961,0.337890625,-0.546875,-2.0625,0.0
5282,961,-0.3388671875,-0.46875,-2.265625,0.0
5283,962,1.244140625,-0.046875,-1.46875,1.0
5284,962,1.9794921875,0.71875,1.53125,1.0
5285,962,3.2998046875,1.8125,-0.65625,0.0
5286,962,1.7158203125,1.0,-0.34375,0.0
5287,963,-0.7734375,0.375,0.109375,1.0
5288,963,-1.3203125,-0.640625,1.359375,1.0
5289,963,-2.056640625,-0.9375,0.171875,0.0
5290,963,-1.4365234375,-0.15625,2.15625,0.0
5291,963,-2.9365234375,-0.75,1.375,1.0
5292,964,0.0029296875,-0.515625,-2.171875,1.0
5293,964,2.1396484375,0.25,-1.078125,1.0
5294,964,0.09765625,0.46875,0.078125,0.0
5295,964,-0.501953125,0.65625,-1.015625,0.0
5296,964,-0.130859375,-0.390625,0.03125,1.0
5297,964,0.095703125,-0.0625,-0.5,0.0
5298,965,-0.248046875,0.4375,0.796875,1.0
5299,965,-1.8408203125,-1.0,1.40625,0.0
5300,965,0.6171875,1.46875,-0.25,1.0
5301,965,1.74609375,0.96875,-0.640625,1.0
5302,965,-0.775390625,0.53125,1.03125,0.0
5303,965,1.8095703125,-0.8125,-0.328125,0.0
5304,965,-0.583984375,-0.390625,-0.015625,0.0
5305,966,-0.4482421875,-0.671875,0.890625,1.0
5306,966,-2.359375,-1.640625,1.09375,0.0
5307,966,0.9775390625,-0.1875,0.78125,0.0
5308,966,1.017578125,0.546875,1.234375,1.0
5309,966,-0.9111328125,-0.75,-0.09375,0.0
5310,966,0.4697265625,0.015625,-0.921875,1.0
5311,966,-1.9384765625,-0.15625,1.265625,1.0
5312,966,0.359375,-0.03125,0.0625,0.0
5313,967,1.4599609375,2.046875,0.6875,0.0
5314,967,1.380859375,1.3125,-0.53125,0.0
5315,967,-1.2861328125,-0.21875,-0.640625,1.0
5316,968,1.2890625,0.71875,0.0625,1.0
5317,968,-2.94140625,0.265625,0.125,0.0
5318,968,1.8115234375,0.265625,0.078125,1.0
5319,968,-0.4599609375,0.421875,1.15625,0.0
5320,969,0.654296875,1.515625,0.703125,0.0
5321,969,0.0986328125,0.859375,-1.140625,0.0
5322,969,-0.6240234375,-1.375,-0.015625,0.0
5323,969,-1.0439453125,-0.625,0.03125,0.0
5324,969,-0.171875,0.359375,0.484375,0.0
5325,970,-0.29296875,1.140625,-0.03125,0.0
5326,970,0.1826171875,-0.953125,-2.28125,0.0
5327,970,-0.4052734375,1.0625,-0.28125,0.0
5328,970,1.65234375,-0.6875,-1.59375,0.0
5329,970,0.5859375,-0.34375,0.125,1.0
5330,970,1.4130859375,0.390625,-1.15625,0.0
5331,971,-1.67578125,-0.046875,-0.8125,1.0
5332,971,0.533203125,1.015625,-1.125,1.0
5333,971,0.7802734375,0.21875,-1.859375,0.0
5334,971,-0.3291015625,-0.140625,-2.140625,0.0
5335,971,-2.3505859375,-2.390625,0.703125,0.0
5336,971,0.091796875,-0.578125,-1.28125,0.0
5337,971,-2.1669921875,-1.25,1.109375,0.0
5338,972,1.5283203125,-0.8125,-0.703125,0.0
5339,972,-0.2783203125,0.234375,0.328125,0.0
5340,972,0.4853515625,-1.34375,0.328125,0.0
5341,972,-0.5859375,0.03125,-0.625,1.0
5342,972,-0.4892578125,-0.75,1.296875,0.0
5343,972,-0.478515625,0.328125,-1.03125,0.0
5344,972,2.7880859375,1.046875,0.640625,1.0
5345,972,-0.1767578125,0.546875,0.078125,1.0
5346,973,-0.1884765625,0.453125,1.390625,1.0
5347,973,1.1796875,-0.375,-0.6875,1.0
5348,973,-0.583984375,-1.296875,-0.25,0.0
5349,974,-0.0517578125,1.671875,0.71875,0.0
5350,974,-1.7607421875,0.171875,2.421875,0.0
5351,974,-0.8955078125,0.1875,2.1875,0.0
5352,974,0.3037109375,-0.6875,-0.46875,0.0
5353,975,-0.9892578125,0.1875,0.578125,1.0
5354,975,-0.9501953125,-0.1875,0.671875,1.0
5355,975,0.0927734375,-0.640625,0.5,0.0
5356,975,-1.4560546875,0.15625,-0.40625,0.0
5357,975,1.279296875,1.390625,-0.6875,0.0
5358,976,-0.388671875,-0.21875,-1.90625,1.0
5359,976,1.1669921875,0.328125,-0.46875,1.0
5360,976,0.4736328125,0.0,-0.78125,0.0
5361,976,1.5654296875,0.515625,1.1875,0.0
5362,976,2.953125,2.421875,-0.34375,1.0
5363,976,-1.3271484375,-0.640625,0.8125,0.0
5364,977,-0.2490234375,0.609375,0.0,0.0
5365,977,0.505859375,0.421875,-0.515625,0.0
5366,977,2.126953125,1.3125,-0.796875,0.0
5367,977,2.0380859375,0.4375,0.03125,0.0
5368,977,0.0546875,-0.203125,-0.921875,0.0
5369,977,0.537109375,0.046875,-0.53125,1.0
5370,977,-0.408203125,-0.734375,-0.09375,0.0
5371,978,0.3642578125,-0.171875,-0.4375,0.0
5372,978,-1.9013671875,-2.515625,-1.296875,1.0
5373,978,0.681640625,-0.734375,-0.09375,0.0
5374,978,1.39453125,0.75,0.140625,0.0
5375,978,-0.533203125,1.625,0.3125,0.0
5376,978,0.5966796875,1.0,-0.109375,0.0
5377,978,0.0654296875,0.28125,0.328125,0.0
5378,978,1.080078125,1.609375,-0.078125,0.0
5379,979,-2.3701171875,-2.5625,0.0625,0.0
5380,979,-0.96484375,0.734375,0.515625,1.0
5381,979,1.5947265625,1.375,0.921875,0.0
5382,980,1.6552734375,0.0,0.1875,1.0
5383,980,1.4130859375,0.90625,0.765625,1.0
5384,980,3.3544921875,1.90625,1.6875,0.0
5385,980,1.9140625,0.90625,-0.15625,0.0
5386,981,-0.580078125,-0.375,1.09375,0.0
5387,981,2.6025390625,-0.390625,-0.046875,0.0
5388,981,-0.94921875,-1.734375,0.109375,0.0
5389,981,0.51171875,1.125,-0.328125,1.0
5390,981,-0.27734375,-0.75,1.140625,1.0
5391,982,1.3720703125,-0.6875,-2.0,1.0
5392,982,-1.263671875,-0.171875,0.53125,0.0
5393,982,-0.341796875,-0.09375,0.859375,1.0
5394,982,-1.76171875,1.734375,0.140625,0.0
5395,982,-1.33984375,0.140625,-0.359375,1.0
5396,982,0.0673828125,0.390625,0.109375,0.0
5397,983,-0.9208984375,0.4375,1.296875,1.0
5398,983,-1.6533203125,-1.3125,-0.21875,0.0
5399,983,0.0732421875,-0.46875,0.53125,0.0
5400,983,1.28515625,-0.109375,-2.546875,0.0
5401,983,-1.75,-1.65625,-0.65625,0.0
5402,983,0.6416015625,0.765625,-0.125,0.0
5403,983,2.1884765625,2.078125,-2.09375,0.0
5404,984,0.2109375,0.953125,0.1875,0.0
5405,984,0.8359375,1.1875,0.90625,1.0
5406,984,-0.396484375,-0.046875,1.03125,0.0
5407,984,0.595703125,0.328125,0.515625,0.0
5408,984,-0.4267578125,-0.40625,0.140625,0.0
5409,984,0.31640625,-1.1875,-1.046875,0.0
5410,984,1.095703125,0.71875,1.109375,1.0
5411,984,1.1962890625,-1.5625,0.34375,0.0
5412,985,1.6298828125,1.09375,-2.375,0.0
5413,985,-0.9619140625,0.515625,1.078125,0.0
5414,985,-2.0380859375,-1.15625,-0.0625,1.0
5415,986,-1.28515625,-1.421875,-0.375,0.0
5416,986,-1.0224609375,0.734375,-0.46875,0.0
5417,986,-1.046875,-0.90625,-0.265625,0.0
5418,986,1.513671875,0.78125,-1.25,0.0
5419,987,-1.646484375,-0.484375,-0.3125,0.0
5420,987,-1.5712890625,-0.78125,-0.3125,1.0
5421,987,-2.9462890625,-1.3125,-0.09375,0.0
5422,987,-1.0478515625,-0.3125,-0.484375,0.0
5423,987,0.38671875,-0.234375,-0.90625,1.0
5424,988,2.5048828125,-0.296875,-0.03125,0.0
5425,988,1.544921875,1.1875,0.34375,1.0
5426,988,-1.005859375,-0.296875,0.0625,0.0
5427,988,-0.4091796875,-0.6875,-0.875,0.0
5428,988,-0.91015625,0.203125,-1.4375,1.0
5429,988,1.4580078125,0.90625,-0.828125,0.0
5430,989,-3.310546875,-2.078125,-0.65625,1.0
5431,989,-0.140625,0.6875,-0.5,0.0
5432,989,1.0869140625,0.640625,-0.4375,1.0
5433,989,-1.1240234375,0.15625,-0.609375,0.0
5434,989,-0.220703125,-0.484375,-1.5,0.0
5435,989,-0.890625,1.515625,-0.578125,0.0
5436,989,1.4130859375,1.578125,-0.328125,0.0
5437,990,-0.1748046875,-0.546875,-0.71875,1.0
5438,990,-1.103515625,-0.9375,0.375,0.0
5439,990,-0.0693359375,0.734375,-0.15625,1.0
5440,990,-0.2802734375,-0.234375,-0.3125,0.0
5441,990,0.537109375,0.765625,0.09375,1.0
5442,990,-0.423828125,-0.03125,0.5,0.0
5443,990,-1.0986328125,-0.65625,0.484375,1.0
5444,990,3.7109375,2.328125,-2.234375,1.0
5445,991,0.296875,-1.078125,0.390625,0.0
5446,991,-0.8896484375,1.265625,0.03125,0.0
5447,991,-1.3935546875,-0.40625,0.015625,0.0
5448,992,-1.62890625,-0.75,-0.390625,1.0
5449,992,-1.2890625,-0.203125,-0.359375,1.0
5450,992,-0.5390625,0.578125,0.71875,0.0
5451,992,-2.0,0.390625,0.390625,0.0
5452,993,1.451171875,-0.3125,-0.09375,1.0
5453,993,0.3603515625,0.25,-1.75,0.0
5454,993,1.2314453125,0.40625,-0.421875,0.0
5455,993,0.943359375,1.125,-0.09375,0.0
5456,993,0.7412109375,0.765625,-0.796875,0.0
5457,994,-1.0947265625,-1.65625,-1.15625,1.0
5458,994,0.326171875,1.078125,0.125,1.0
5459,994,-0.5712890625,0.3125,1.484375,0.0
5460,994,1.5029296875,0.421875,-0.5,0.0
5461,994,-0.337890625,-0.6875,0.109375,0.0
5462,994,0.3798828125,0.140625,-0.140625,1.0
5463,995,0.423828125,1.0625,-0.28125,1.0
5464,995,2.947265625,0.609375,0.734375,1.0
5465,995,0.0849609375,0.765625,-1.015625,0.0
5466,995,-0.884765625,-0.40625,1.875,0.0
5467,995,1.794921875,-0.65625,0.171875,1.0
5468,995,2.9267578125,2.5625,0.671875,1.0
5469,995,0.0595703125,-1.171875,0.984375,0.0
5470,996,-0.2998046875,-0.4375,0.484375,0.0
5471,996,-2.939453125,-0.796875,-0.453125,0.0
5472,996,0.6474609375,0.640625,-1.0,0.0
5473,996,0.5654296875,-1.296875,-0.84375,0.0
5474,996,-0.55859375,0.515625,0.5,0.0
5475,996,-0.1201171875,1.90625,2.015625,0.0
5476,996,1.037109375,0.65625,-0.359375,0.0
5477,996,0.67578125,0.796875,-1.40625,0.0
5478,997,1.013671875,-1.515625,-0.453125,1.0
5479,997,-1.2314453125,-0.859375,-0.578125,1.0
5480,997,-2.171875,-0.53125,0.015625,0.0
5481,998,0.08203125,0.203125,0.078125,0.0
5482,998,1.740234375,0.765625,-0.90625,0.0
5483,998,-1.4921875,-0.375,0.625,0.0
5484,998,0.4658203125,1.796875,-0.203125,0.0
5485,999,0.625,0.296875,-1.484375,1.0
5486,999,0.0302734375,-1.828125,-0.484375,0.0
5487,999,-0.79296875,0.40625,1.03125,0.0
5488,999,0.326171875,-1.28125,0.359375,0.0
5489,999,0.8115234375,0.09375,0.140625,0.0
5490,1000,0.7216796875,0.859375,0.703125,0.0
5491,1000,0.841796875,-0.625,0.953125,0.0
5492,1000,-0.57421875,0.015625,0.703125,0.0
5493,1000,0.1572265625,0.734375,-0.171875,0.0
5494,1000,1.8671875,-1.046875,0.875,0.0
5495,1000,-0.78125,0.578125,1.828125,0.0
5496,1001,0.0634765625,-0.515625,0.515625,0.0
5497,1001,0.9443359375,0.671875,1.390625,1.0
5498,1001,-0.7783203125,-2.28125,1.609375,0.0
5499,1001,-0.265625,0.28125,0.265625,1.0
5500,1001,1.5107421875,0.953125,-0.1875,1.0
5501,1001,-1.552734375,0.0625,1.015625,0.0
5502,1001,0.619140625,-0.453125,0.25,0.0
5503,1002,0.140625,0.703125,-0.53125,0.0
5504,1002,-0.3134765625,-1.453125,-1.296875,0.0
5505,1002,-1.388671875,-1.21875,-2.609375,0.0
5506,1002,1.06640625,1.09375,-0.015625,1.0
5507,1002,0.619140625,-0.4375,-0.734375,0.0
5508,1002,-0.28125,-1.515625,-0.15625,0.0
5509,1002,0.8330078125,-0.15625,-0.15625,0.0
5510,1002,-0.5419921875,-0.421875,0.125,1.0
5511,1003,0.1865234375,1.15625,1.53125,0.0
5512,1003,-0.3251953125,0.125,-0.75,0.0
5513,1003,2.259765625,1.15625,1.015625,1.0
5514,1004,-2.4228515625,-0.40625,2.84375,0.0
5515,1004,-1.412109375,0.078125,0.609375,1.0
5516,1004,-0.5849609375,-0.609375,1.328125,1.0
5517,1004,-0.6220703125,-0.25,0.6875,0.0
5518,1005,-1.94140625,-1.34375,2.140625,0.0
5519,1005,-1.283203125,0.09375,1.625,1.0
5520,1005,0.0087890625,-0.4375,-0.5,1.0
5521,1005,0.685546875,0.375,-0.421875,0.0
5522,1005,0.0400390625,-0.328125,-0.984375,1.0
5523,1006,-2.1279296875,-0.8125,1.46875,0.0
5524,1006,-0.166015625,-0.71875,0.640625,1.0
5525,1006,0.2412109375,-0.203125,1.59375,0.0
5526,1006,0.3828125,0.984375,0.625,0.0
5527,1006,0.173828125,0.21875,-0.21875,0.0
5528,1006,1.3701171875,0.28125,-1.640625,0.0
5529,1007,2.0908203125,1.234375,0.1875,1.0
5530,1007,1.943359375,1.046875,0.734375,1.0
5531,1007,0.9931640625,-1.03125,-1.03125,0.0
5532,1007,-0.8642578125,-0.28125,0.328125,0.0
5533,1007,-1.337890625,-0.15625,0.03125,0.0
5534,1007,2.29296875,0.40625,-3.71875,1.0
5535,1007,1.1259765625,1.21875,-1.234375,0.0
5536,1008,1.7626953125,-0.03125,-0.484375,1.0
5537,1008,1.8251953125,0.28125,-0.0625,0.0
5538,1008,2.2255859375,1.796875,-0.78125,1.0
5539,1008,-0.36328125,1.890625,0.75,0.0
5540,1008,-0.06640625,0.734375,0.515625,0.0
5541,1008,0.3076171875,-1.25,-0.140625,1.0
5542,1008,-0.15234375,-1.25,-0.40625,0.0
5543,1008,-0.80078125,-0.46875,0.0625,1.0
5544,1009,-0.775390625,-1.453125,-1.265625,1.0
5545,1009,-2.296875,-0.875,0.171875,1.0
5546,1009,-1.904296875,0.5625,-0.078125,0.0
5547,1010,0.8828125,0.375,1.5,1.0
5548,1010,-2.0771484375,0.375,1.53125,0.0
5549,1010,-2.529296875,-0.96875,0.03125,0.0
5550,1010,-1.1123046875,0.234375,0.125,0.0
5551,1011,2.24609375,1.015625,-1.15625,0.0
5552,1011,-0.7392578125,0.625,0.59375,0.0
5553,1011,0.787109375,1.1875,1.3125,1.0
5554,1011,0.46484375,0.328125,-0.015625,0.0
5555,1011,0.9765625,1.015625,-0.59375,0.0
5556,1012,1.28125,0.109375,0.765625,1.0
5557,1012,-0.8447265625,-0.96875,-0.828125,1.0
5558,1012,-2.0341796875,0.53125,1.578125,0.0
5559,1012,0.1083984375,0.21875,1.3125,0.0
5560,1012,0.9248046875,-0.109375,0.15625,0.0
5561,1012,1.9013671875,-0.40625,-0.65625,0.0
5562,1013,1.056640625,1.234375,-0.078125,0.0
5563,1013,-1.10546875,-0.5625,1.171875,1.0
5564,1013,-0.94921875,-0.640625,-0.796875,1.0
5565,1013,-0.0185546875,0.328125,-1.6875,0.0
5566,1013,-0.72265625,-0.6875,-3.390625,0.0
5567,1013,0.48046875,0.625,-0.09375,0.0
5568,1013,1.0029296875,0.78125,-1.140625,0.0
5569,1014,-0.3798828125,0.3125,1.234375,1.0
5570,1014,0.2373046875,-1.28125,-0.90625,1.0
5571,1014,-0.3251953125,-0.296875,-0.828125,0.0
5572,1014,-1.86328125,-1.328125,0.734375,0.0
5573,1014,0.767578125,0.296875,-1.234375,0.0
5574,1014,1.6484375,1.015625,0.453125,0.0
5575,1014,-0.90234375,-0.109375,-1.1875,0.0
5576,1014,0.341796875,1.15625,0.234375,0.0
5577,1015,-1.2490234375,-0.265625,-0.765625,0.0
5578,1015,-0.853515625,-2.328125,0.8125,1.0
5579,1015,-0.5107421875,-0.3125,0.71875,0.0
5580,1016,-1.0,-1.109375,-0.15625,0.0
5581,1016,-1.4970703125,-0.65625,0.953125,1.0
5582,1016,1.384765625,0.5,-0.765625,1.0
5583,1016,-1.0888671875,-0.125,1.84375,1.0
5584,1017,-1.0703125,-0.90625,-1.109375,0.0
5585,1017,0.201171875,0.234375,0.140625,0.0
5586,1017,0.2490234375,0.21875,-0.578125,1.0
5587,1017,-1.69140625,0.1875,-0.40625,0.0
5588,1017,-1.228515625,-0.953125,-0.421875,0.0
5589,1018,-1.451171875,-0.5,0.140625,1.0
5590,1018,0.21484375,-0.90625,0.0,1.0
5591,1018,0.8642578125,-0.03125,-1.390625,0.0
5592,1018,0.7529296875,0.53125,0.6875,0.0
5593,1018,0.22265625,0.09375,-0.390625,0.0
5594,1018,0.6416015625,-0.234375,0.578125,1.0
5595,1019,0.1015625,1.140625,-0.4375,0.0
5596,1019,1.533203125,2.53125,0.5,1.0
5597,1019,-2.234375,-1.65625,-0.125,0.0
5598,1019,-0.9140625,-1.328125,0.859375,0.0
5599,1019,-0.5009765625,0.0,1.0,0.0
5600,1019,1.16796875,0.875,-0.53125,0.0
5601,1019,1.216796875,-1.109375,-1.390625,1.0
5602,1020,-0.5615234375,-0.390625,-1.734375,0.0
5603,1020,-0.9580078125,1.78125,-0.78125,0.0
5604,1020,1.5029296875,0.03125,-1.921875,0.0
5605,1020,-0.7099609375,-0.1875,-0.109375,0.0
5606,1020,-2.3349609375,-1.5625,-0.8125,0.0
5607,1020,0.865234375,0.765625,-1.34375,1.0
5608,1020,-1.3681640625,-0.9375,0.75,0.0
5609,1020,-1.7275390625,0.046875,-0.03125,0.0
5610,1021,-0.3828125,-0.625,-0.90625,1.0
5611,1021,0.7119140625,-1.578125,-1.125,0.0
5612,1021,1.453125,1.1875,-0.515625,0.0
5613,1022,1.0859375,1.296875,0.671875,0.0
5614,1022,2.2177734375,0.234375,-0.78125,1.0
5615,1022,-0.4072265625,0.5,1.328125,1.0
5616,1022,2.0732421875,-0.703125,-0.578125,1.0
5617,1023,2.314453125,-0.140625,-0.5625,1.0
5618,1023,-0.0322265625,-1.0,2.125,0.0
5619,1023,1.125,0.53125,1.3125,0.0
5620,1023,2.73828125,2.484375,1.328125,0.0
5621,1023,0.7373046875,-0.5625,-0.265625,1.0
5622,1024,-1.1494140625,-0.203125,-1.609375,1.0
5623,1024,0.23046875,-0.65625,-2.15625,0.0
5624,1024,0.16015625,-0.09375,-0.40625,1.0
5625,1024,-2.3466796875,-0.484375,0.9375,0.0
5626,1024,-1.5185546875,-2.015625,-0.546875,0.0
5627,1024,0.595703125,1.09375,0.953125,0.0
5628,1025,0.5029296875,0.625,-0.34375,0.0
5629,1025,2.2041015625,0.265625,1.078125,1.0
5630,1025,0.314453125,1.140625,0.421875,0.0
5631,1025,-0.5009765625,-0.28125,0.6875,0.0
5632,1025,-0.9990234375,-0.8125,1.359375,0.0
5633,1025,0.9013671875,0.171875,0.59375,0.0
5634,1025,-0.1689453125,-0.375,-0.640625,0.0
5635,1026,-0.78125,0.1875,-1.25,1.0
5636,1026,0.244140625,0.1875,-0.53125,0.0
5637,1026,-0.18359375,-0.125,-1.09375,0.0
5638,1026,0.6953125,3.03125,0.921875,1.0
5639,1026,-0.009765625,-1.34375,-0.5,1.0
5640,1026,0.0087890625,1.75,-1.0625,0.0
5641,1026,-1.271484375,0.921875,1.40625,1.0
5642,1026,-2.3046875,-2.546875,-1.03125,0.0
5643,1027,1.0078125,1.375,0.859375,1.0
5644,1027,-1.0,-0.75,-0.078125,1.0
5645,1027,0.119140625,-0.90625,-2.390625,1.0
5646,1028,-1.00390625,-2.015625,-1.609375,0.0
5647,1028,0.150390625,0.0,0.0625,0.0
5648,1028,0.0498046875,-0.171875,0.46875,0.0
5649,1028,-1.7734375,-2.515625,0.703125,0.0
5650,1029,-0.859375,0.265625,0.6875,0.0
5651,1029,-0.8681640625,-1.28125,-0.484375,0.0
5652,1029,0.451171875,0.71875,-2.09375,0.0
5653,1029,0.03125,0.078125,-1.078125,1.0
5654,1029,-1.58203125,-0.765625,0.484375,1.0
5655,1030,1.298828125,-0.265625,-2.453125,0.0
5656,1030,-1.171875,-0.828125,-1.375,0.0
5657,1030,0.58203125,-0.46875,0.46875,0.0
5658,1030,-0.177734375,0.375,0.46875,0.0
5659,1030,-0.1142578125,-1.140625,0.3125,0.0
5660,1030,0.89453125,1.1875,-0.140625,0.0
5661,1031,-1.8759765625,-1.109375,-0.03125,0.0
5662,1031,2.5703125,-0.296875,-1.890625,0.0
5663,1031,-0.791015625,0.125,0.984375,1.0
5664,1031,-0.4794921875,0.734375,1.359375,1.0
5665,1031,-0.02734375,0.765625,0.875,0.0
5666,1031,0.89453125,1.015625,0.125,0.0
5667,1031,-0.013671875,1.890625,0.515625,0.0
5668,1032,2.6279296875,1.046875,-0.84375,1.0
5669,1032,-0.728515625,0.53125,-1.109375,0.0
5670,1032,0.400390625,-1.671875,-1.375,1.0
5671,1032,0.791015625,-0.671875,-1.203125,0.0
5672,1032,0.3583984375,1.703125,0.890625,0.0
5673,1032,-0.4716796875,0.0,-0.640625,1.0
5674,1032,-0.439453125,-0.984375,0.546875,0.0
5675,1032,0.4169921875,0.390625,-0.984375,0.0
5676,1033,2.4111328125,1.640625,-0.28125,0.0
5677,1033,-0.279296875,0.171875,-0.171875,1.0
5678,1033,-2.2158203125,-1.3125,-0.25,0.0
5679,1034,-1.6826171875,-1.8125,1.03125,0.0
5680,1034,-1.375,0.609375,1.046875,1.0
5681,1034,-1.0224609375,0.828125,0.0,0.0
5682,1034,1.1025390625,2.0625,-0.671875,0.0
5683,1035,1.7177734375,-0.09375,-0.484375,0.0
5684,1035,0.73046875,-0.640625,-0.046875,0.0
5685,1035,1.220703125,-0.359375,0.296875,0.0
5686,1035,1.4375,-0.609375,-1.21875,1.0
5687,1035,0.802734375,0.53125,0.46875,0.0
5688,1036,-0.169921875,-0.765625,-0.4375,0.0
5689,1036,1.443359375,1.25,1.984375,1.0
5690,1036,1.5390625,0.875,1.0,0.0
5691,1036,0.77734375,0.15625,2.125,0.0
5692,1036,1.2744140625,-0.21875,0.4375,1.0
5693,1036,0.9130859375,-1.0625,-0.234375,0.0
5694,1037,-1.5751953125,-1.796875,1.03125,0.0
5695,1037,-0.1416015625,-0.265625,-0.96875,0.0
5696,1037,-0.4794921875,-0.328125,-0.203125,1.0
5697,1037,2.0263671875,-0.625,1.0625,0.0
5698,1037,0.8486328125,0.6875,0.140625,1.0
5699,1037,2.447265625,0.875,-1.375,0.0
5700,1037,1.630859375,1.125,0.25,0.0
5701,1038,-0.6298828125,-0.84375,0.6875,0.0
5702,1038,0.0361328125,0.484375,0.296875,0.0
5703,1038,-0.57421875,-1.296875,-1.734375,0.0
5704,1038,-0.31640625,0.390625,-1.28125,0.0
5705,1038,0.6259765625,-1.171875,0.546875,1.0
5706,1038,-0.5849609375,-0.9375,1.875,1.0
5707,1038,0.21484375,-0.9375,0.65625,0.0
5708,1038,3.1943359375,0.453125,-0.359375,0.0
5709,1039,1.05859375,0.359375,0.5,1.0
5710,1039,-1.6962890625,-0.578125,-0.390625,0.0
5711,1039,-1.78125,-0.59375,0.390625,1.0
5712,1040,0.6748046875,-1.21875,-0.671875,1.0
5713,1040,0.533203125,-0.28125,0.3125,1.0
5714,1040,1.1240234375,0.859375,-0.171875,1.0
5715,1040,-0.26171875,0.21875,0.703125,0.0
5716,1041,-2.7373046875,-1.78125,0.9375,1.0
5717,1041,-0.9892578125,0.515625,2.046875,0.0
5718,1041,0.4501953125,-0.203125,1.0625,1.0
5719,1041,0.09375,-0.25,-1.125,1.0
5720,1041,1.0966796875,1.359375,0.296875,1.0
5721,1042,-1.7548828125,-0.015625,-1.328125,1.0
5722,1042,-1.14453125,-0.28125,1.140625,0.0
5723,1042,0.7392578125,0.578125,-1.359375,1.0
5724,1042,2.3076171875,0.359375,-0.46875,0.0
5725,1042,0.0869140625,0.1875,1.0625,1.0
5726,1042,2.814453125,2.8125,0.5625,0.0
5727,1043,-2.3916015625,-0.5,0.21875,0.0
5728,1043,-2.7783203125,-3.109375,0.40625,0.0
5729,1043,1.5830078125,0.0625,-0.515625,0.0
5730,1043,-0.2783203125,-1.171875,0.359375,0.0
5731,1043,0.576171875,0.828125,-0.5,1.0
5732,1043,-1.5703125,0.03125,-0.25,0.0
5733,1043,-0.9736328125,1.09375,-0.59375,0.0
5734,1044,0.486328125,-0.421875,-0.765625,0.0
5735,1044,0.6962890625,0.28125,-0.296875,1.0
5736,1044,-1.783203125,-0.546875,0.390625,0.0
5737,1044,0.0498046875,-0.5,-0.453125,0.0
5738,1044,1.7041015625,0.75,-1.8125,1.0
5739,1044,-1.8876953125,-1.3125,0.953125,0.0
5740,1044,0.3310546875,-0.109375,-2.140625,0.0
5741,1044,-0.833984375,-0.8125,-0.75,0.0
5742,1045,-0.130859375,0.21875,1.375,0.0
5743,1045,-1.5263671875,-1.6875,-0.0625,1.0
5744,1045,0.9814453125,-0.390625,-0.71875,1.0
5745,1046,-0.35546875,-0.421875,-0.5,0.0
5746,1046,-0.716796875,0.375,0.59375,0.0
5747,1046,2.3076171875,1.0,0.0625,1.0
5748,1046,0.3623046875,-1.140625,-0.078125,1.0
5749,1047,0.654296875,-0.296875,0.25,1.0
5750,1047,0.0810546875,1.25,-0.09375,0.0
5751,1047,-1.6953125,-2.1875,-0.390625,0.0
5752,1047,-0.658203125,-0.140625,-0.96875,1.0
5753,1047,-0.7724609375,-0.671875,1.390625,1.0
5754,1048,-0.927734375,-1.15625,0.28125,1.0
5755,1048,0.6474609375,1.140625,0.59375,1.0
5756,1048,-1.5458984375,-1.890625,-0.171875,0.0
5757,1048,1.421875,1.03125,-0.5,0.0
5758,1048,-0.9677734375,-1.609375,0.921875,0.0
5759,1048,0.955078125,0.03125,-0.984375,0.0
5760,1049,0.8935546875,-0.109375,0.828125,0.0
5761,1049,-0.55078125,-0.796875,0.09375,0.0
5762,1049,2.6162109375,1.0625,0.890625,1.0
5763,1049,0.9150390625,-0.375,0.234375,0.0
5764,1049,1.7978515625,1.375,1.03125,0.0
5765,1049,1.1865234375,-0.625,-0.28125,0.0
5766,1049,2.1552734375,1.15625,1.375,1.0
5767,1050,2.0673828125,1.28125,-0.125,0.0
5768,1050,-0.7490234375,-0.5625,1.65625,1.0
5769,1050,-0.80859375,1.5,1.28125,0.0
5770,1050,-1.853515625,0.21875,1.484375,0.0
5771,1050,1.271484375,0.09375,0.515625,1.0
5772,1050,1.1513671875,1.3125,1.078125,1.0
5773,1050,0.30078125,0.28125,-0.171875,1.0
5774,1050,0.1484375,0.296875,-0.828125,1.0
5775,1051,0.6044921875,0.6875,1.375,0.0
5776,1051,-0.7939453125,-0.71875,0.984375,0.0
5777,1051,0.0751953125,-0.09375,-0.375,0.0
5778,1052,1.1484375,1.6875,0.203125,1.0
5779,1052,0.16015625,-0.609375,-0.796875,0.0
5780,1052,0.955078125,0.375,0.609375,0.0
5781,1052,0.189453125,-0.828125,-0.34375,1.0
5782,1053,-0.0185546875,-0.171875,-0.171875,0.0
5783,1053,1.12109375,1.15625,1.921875,0.0
5784,1053,0.416015625,0.6875,0.9375,0.0
5785,1053,0.736328125,0.28125,-0.96875,0.0
5786,1053,0.7490234375,-0.5,-0.890625,0.0
5787,1054,-0.2314453125,0.265625,-0.0625,0.0
5788,1054,-0.8369140625,0.375,-0.328125,0.0
5789,1054,-1.3515625,-1.265625,-1.109375,0.0
5790,1054,-2.546875,0.1875,-0.171875,0.0
5791,1054,0.64453125,0.3125,0.25,0.0
5792,1054,0.478515625,-0.359375,-1.921875,1.0
5793,1055,0.8662109375,-0.0625,-0.34375,0.0
5794,1055,-0.951171875,-0.984375,-0.328125,1.0
5795,1055,2.2421875,1.90625,-0.03125,1.0
5796,1055,0.9853515625,1.46875,0.828125,1.0
5797,1055,0.216796875,0.046875,0.125,0.0
5798,1055,-0.1259765625,-0.125,0.265625,0.0
5799,1055,-1.185546875,-0.75,0.875,0.0
5800,1056,0.1796875,0.21875,-1.0,0.0
5801,1056,0.083984375,-0.140625,0.625,1.0
5802,1056,-0.4853515625,-1.359375,-0.96875,0.0
5803,1056,0.94921875,1.359375,0.578125,1.0
5804,1056,0.44140625,0.09375,-0.234375,0.0
5805,1056,-0.0703125,0.0625,1.71875,1.0
5806,1056,-0.80078125,0.609375,1.359375,1.0
5807,1056,-2.5498046875,-1.359375,-0.171875,1.0
5808,1057,-0.892578125,-0.265625,0.984375,1.0
5809,1057,2.7783203125,2.578125,-2.03125,0.0
5810,1057,0.205078125,0.875,0.0,1.0
5811,1058,-0.8359375,-0.09375,-0.515625,0.0
5812,1058,-0.6435546875,0.8125,0.140625,1.0
5813,1058,0.1533203125,0.359375,0.640625,0.0
5814,1058,2.1650390625,0.5625,-0.734375,1.0
5815,1059,-0.58203125,-0.78125,1.140625,1.0
5816,1059,-1.95703125,-0.609375,1.03125,0.0
5817,1059,2.21484375,1.109375,0.328125,0.0
5818,1059,2.6591796875,1.734375,0.234375,1.0
5819,1059,-1.7490234375,-0.84375,1.546875,0.0
5820,1060,-1.0634765625,-1.09375,-1.25,0.0
5821,1060,0.9853515625,-1.015625,-1.375,0.0
5822,1060,-2.140625,-1.28125,0.875,0.0
5823,1060,2.2490234375,-0.25,-0.515625,0.0
5824,1060,-1.896484375,-0.6875,-0.40625,0.0
5825,1060,2.818359375,0.359375,-0.0625,0.0
5826,1061,-1.53515625,-1.59375,0.28125,1.0
5827,1061,1.564453125,1.375,-0.734375,1.0
5828,1061,-0.5224609375,1.734375,-0.234375,0.0
5829,1061,1.2666015625,-0.84375,-1.703125,0.0
5830,1061,2.421875,1.234375,-0.828125,0.0
5831,1061,0.0703125,1.640625,0.359375,0.0
5832,1061,-0.4755859375,1.625,-0.765625,0.0
5833,1062,0.1005859375,-1.234375,-2.140625,1.0
5834,1062,0.0263671875,1.859375,0.765625,0.0
5835,1062,0.9560546875,0.96875,-0.140625,0.0
5836,1062,-2.18359375,-0.96875,0.046875,1.0
5837,1062,0.8720703125,-0.46875,-1.078125,0.0
5838,1062,-2.0966796875,-0.03125,1.703125,0.0
5839,1062,-0.255859375,0.09375,-1.125,1.0
5840,1062,0.9814453125,1.546875,0.875,1.0
5841,1063,0.8193359375,0.421875,-0.84375,0.0
5842,1063,-2.12890625,-1.53125,-0.234375,1.0
5843,1063,-0.166015625,-0.4375,1.078125,0.0
5844,1064,-1.5478515625,-1.15625,0.5,0.0
5845,1064,-1.5087890625,0.03125,0.765625,0.0
5846,1064,0.5068359375,0.515625,-0.9375,0.0
5847,1064,0.869140625,1.734375,-0.6875,0.0
5848,1065,-1.0283203125,0.421875,-0.234375,1.0
5849,1065,-1.033203125,-1.40625,0.234375,1.0
5850,1065,-1.16015625,-1.953125,0.71875,1.0
5851,1065,0.7685546875,-1.03125,-1.359375,0.0
5852,1065,0.9931640625,0.453125,-0.484375,1.0
5853,1066,-1.2802734375,-0.53125,0.984375,1.0
5854,1066,-2.0458984375,1.125,0.984375,1.0
5855,1066,-0.673828125,-0.03125,0.71875,1.0
5856,1066,-0.724609375,0.734375,2.359375,0.0
5857,1066,0.3994140625,1.421875,-0.90625,0.0
5858,1066,0.748046875,1.53125,1.40625,1.0
5859,1067,0.44921875,0.015625,0.59375,0.0
5860,1067,0.2666015625,-0.09375,-0.0625,0.0
5861,1067,-0.666015625,-0.796875,0.421875,0.0
5862,1067,0.7705078125,1.21875,-1.109375,0.0
5863,1067,-1.580078125,-0.640625,0.296875,1.0
5864,1067,0.7861328125,0.90625,-2.0625,1.0
5865,1067,0.703125,0.484375,-0.09375,0.0
5866,1068,-1.5908203125,-0.890625,1.5,0.0
5867,1068,1.5302734375,0.546875,-0.40625,0.0
5868,1068,1.712890625,2.3125,-1.15625,0.0
5869,1068,1.02734375,0.8125,-3.3125,0.0
5870,1068,-2.6728515625,0.0,-0.609375,1.0
5871,1068,-1.0556640625,0.03125,-0.625,0.0
5872,1068,-0.6435546875,0.5625,-0.953125,0.0
5873,1068,0.2734375,0.53125,-0.34375,0.0
5874,1069,-0.4931640625,-1.03125,-0.671875,1.0
5875,1069,-0.7099609375,0.875,0.515625,1.0
5876,1069,0.388671875,0.21875,-2.328125,0.0
5877,1070,-0.53125,1.703125,0.328125,0.0
5878,1070,-2.1806640625,-1.328125,-1.359375,1.0
5879,1070,0.1943359375,-1.234375,-1.03125,0.0
5880,1070,0.654296875,-0.03125,0.953125,1.0
5881,1071,1.0615234375,2.53125,0.046875,0.0
5882,1071,0.072265625,-1.203125,-0.65625,1.0
5883,1071,1.0654296875,-0.1875,-0.828125,0.0
5884,1071,0.1328125,0.3125,0.328125,0.0
5885,1071,2.212890625,2.078125,-0.5625,0.0
5886,1072,1.3349609375,-0.53125,-3.3125,0.0
5887,1072,-0.1669921875,-0.515625,-0.171875,0.0
5888,1072,1.73046875,-0.796875,-1.0625,0.0
5889,1072,1.7158203125,1.28125,-0.90625,0.0
5890,1072,-0.6259765625,-1.421875,-2.03125,0.0
5891,1072,1.7802734375,0.90625,0.203125,0.0
5892,1073,-3.060546875,-1.4375,2.03125,0.0
5893,1073,0.2509765625,1.59375,1.078125,1.0
5894,1073,-0.88671875,-2.515625,-1.078125,0.0
5895,1073,-0.0244140625,-0.859375,-0.203125,0.0
5896,1073,0.587890625,0.171875,0.953125,0.0
5897,1073,0.9765625,0.6875,-0.625,1.0
5898,1073,0.6123046875,-1.5,-0.203125,0.0
5899,1074,-2.44140625,-1.65625,0.109375,0.0
5900,1074,0.1845703125,1.046875,1.84375,1.0
5901,1074,1.5146484375,0.09375,0.5,0.0
5902,1074,0.2294921875,-0.046875,0.453125,0.0
5903,1074,-1.001953125,-0.9375,0.203125,0.0
5904,1074,1.978515625,0.125,-0.84375,1.0
5905,1074,1.4716796875,0.1875,0.671875,0.0
5906,1074,-1.3603515625,-1.296875,2.484375,0.0
5907,1075,-0.8779296875,-0.8125,-0.859375,0.0
5908,1075,-1.345703125,-0.546875,-0.28125,0.0
5909,1075,1.029296875,0.875,-0.84375,0.0
5910,1076,-0.15625,-1.34375,0.703125,1.0
5911,1076,0.4150390625,0.984375,0.9375,0.0
5912,1076,-1.064453125,-1.640625,-1.265625,0.0
5913,1076,0.240234375,0.734375,1.046875,1.0
5914,1077,-0.44140625,-0.578125,-0.171875,1.0
5915,1077,-1.140625,-0.4375,0.421875,1.0
5916,1077,1.5908203125,0.078125,-0.484375,0.0
5917,1077,1.16796875,-1.109375,-0.15625,0.0
5918,1077,1.8662109375,0.4375,-0.34375,1.0
5919,1078,-1.109375,0.0625,1.21875,1.0
5920,1078,-0.52734375,-0.828125,-0.859375,1.0
5921,1078,1.25390625,0.8125,-0.515625,1.0
5922,1078,1.3125,1.390625,0.15625,0.0
5923,1078,0.326171875,-1.328125,0.125,0.0
5924,1078,0.31640625,0.296875,0.609375,1.0
5925,1079,-1.5810546875,-1.921875,-0.5625,0.0
5926,1079,3.6552734375,0.65625,-2.140625,0.0
5927,1079,0.4384765625,-1.109375,-0.84375,0.0
5928,1079,3.5048828125,-0.140625,-1.296875,1.0
5929,1079,0.3359375,-0.65625,0.703125,0.0
5930,1079,0.33984375,-0.1875,1.4375,0.0
5931,1079,-1.087890625,-1.828125,-0.796875,0.0
5932,1080,-0.20703125,0.5,0.375,1.0
5933,1080,0.546875,0.578125,-0.15625,1.0
5934,1080,-1.0185546875,-0.484375,1.328125,0.0
5935,1080,-1.1806640625,-0.359375,-2.390625,0.0
5936,1080,0.9892578125,0.734375,-0.984375,0.0
5937,1080,0.5205078125,0.25,1.8125,1.0
5938,1080,-0.705078125,-1.078125,-1.6875,0.0
5939,1080,-0.435546875,-1.265625,-0.375,0.0
5940,1081,2.140625,-1.09375,-0.015625,0.0
5941,1081,-0.7451171875,-0.890625,0.171875,0.0
5942,1081,1.1748046875,-0.5,-0.671875,0.0
5943,1082,1.091796875,0.875,0.046875,1.0
5944,1082,-0.3095703125,0.125,1.46875,0.0
5945,1082,-0.3544921875,-1.203125,-0.09375,1.0
5946,1082,0.47265625,-0.65625,-0.5,1.0
5947,1083,2.197265625,0.53125,-1.046875,1.0
5948,1083,-0.2841796875,0.453125,0.640625,0.0
5949,1083,1.443359375,0.765625,-1.546875,1.0
5950,1083,-0.2890625,-1.40625,-0.609375,0.0
5951,1083,-3.0166015625,-1.828125,0.421875,0.0
5952,1084,-1.216796875,-0.609375,1.15625,0.0
5953,1084,-2.7412109375,0.25,1.078125,1.0
5954,1084,-0.728515625,0.28125,0.53125,0.0
5955,1084,1.37109375,1.1875,-0.171875,1.0
5956,1084,-1.3720703125,-0.25,0.640625,1.0
5957,1084,-2.2724609375,-1.765625,2.75,0.0
5958,1085,-0.09765625,1.03125,2.53125,0.0
5959,1085,1.015625,0.109375,-0.75,0.0
5960,1085,3.6455078125,0.25,-1.796875,1.0
5961,1085,1.638671875,0.828125,-1.546875,0.0
5962,1085,-0.6083984375,-1.3125,-0.65625,1.0
5963,1085,1.7080078125,1.296875,0.796875,1.0
5964,1085,-0.1591796875,-0.09375,-0.046875,0.0
5965,1086,1.1767578125,-1.03125,0.8125,0.0
5966,1086,-1.525390625,-0.65625,1.015625,1.0
5967,1086,1.505859375,0.3125,0.171875,0.0
5968,1086,0.4765625,-1.046875,0.109375,0.0
5969,1086,1.3779296875,0.53125,-1.0625,0.0
5970,1086,1.6435546875,1.359375,-1.09375,1.0
5971,1086,-0.1240234375,-0.703125,0.078125,0.0
5972,1086,0.0634765625,0.296875,-0.859375,0.0
5973,1087,-0.5859375,-0.921875,0.1875,0.0
5974,1087,-0.3251953125,-0.265625,0.328125,0.0
5975,1087,2.404296875,1.109375,-0.046875,1.0
5976,1088,0.599609375,0.875,-1.421875,0.0
5977,1088,-1.1123046875,-1.0,1.3125,0.0
5978,1088,-0.1953125,-0.75,-0.421875,0.0
5979,1088,-1.3759765625,-1.921875,0.890625,0.0
5980,1089,-0.9697265625,-0.359375,1.59375,1.0
5981,1089,2.2490234375,1.015625,1.71875,1.0
5982,1089,-0.28125,-0.1875,2.59375,1.0
5983,1089,2.90234375,0.640625,-0.734375,1.0
5984,1089,-0.6728515625,-1.921875,-0.671875,1.0
5985,1090,1.5283203125,2.453125,0.421875,0.0
5986,1090,1.642578125,0.296875,0.484375,0.0
5987,1090,-2.328125,-1.4375,2.5625,0.0
5988,1090,2.185546875,-0.6875,-1.28125,0.0
5989,1090,1.92578125,1.390625,0.828125,1.0
5990,1090,0.234375,-1.109375,0.8125,0.0
5991,1091,2.412109375,-0.078125,-3.078125,0.0
5992,1091,-0.8193359375,-0.171875,-0.296875,0.0
5993,1091,1.060546875,1.109375,0.265625,0.0
5994,1091,-0.7421875,-2.328125,0.40625,1.0
5995,1091,1.0,-0.203125,-0.9375,0.0
5996,1091,1.12890625,1.59375,0.09375,0.0
5997,1091,-0.22265625,-0.59375,-0.453125,1.0
5998,1092,2.5615234375,0.515625,-0.125,1.0
5999,1092,0.7392578125,-0.359375,0.75,0.0
6000,1092,-0.32421875,0.25,2.515625,0.0
6001,1092,2.1640625,0.984375,1.078125,1.0
6002,1092,-0.6630859375,-1.8125,0.9375,1.0
6003,1092,-0.568359375,-0.90625,0.609375,0.0
6004,1092,0.5869140625,0.203125,1.109375,0.0
6005,1092,0.900390625,-1.046875,-0.859375,0.0
6006,1093,1.8173828125,0.5625,-1.109375,1.0
6007,1093,-1.7841796875,-0.375,1.546875,0.0
6008,1093,-0.666015625,0.390625,0.015625,1.0
6009,1094,1.3623046875,-0.21875,-1.6875,1.0
6010,1094,1.9287109375,1.328125,1.546875,0.0
6011,1094,-1.330078125,-0.34375,-0.765625,0.0
6012,1094,-0.4990234375,-0.453125,0.0,0.0
6013,1095,-2.6552734375,-1.125,-1.421875,0.0
6014,1095,-3.0537109375,-0.984375,-0.46875,0.0
6015,1095,-0.9072265625,-1.140625,0.34375,1.0
6016,1095,0.4521484375,-0.03125,-0.921875,0.0
6017,1095,-2.779296875,-0.9375,-0.40625,0.0
6018,1096,0.4482421875,1.3125,0.9375,0.0
6019,1096,0.40234375,1.25,-0.59375,0.0
6020,1096,-0.5107421875,0.453125,-0.015625,1.0
6021,1096,2.5205078125,2.375,-2.375,0.0
6022,1096,-1.8798828125,-1.125,0.5,0.0
6023,1096,0.908203125,0.34375,-1.875,1.0
6024,1097,1.0693359375,-0.09375,-0.734375,0.0
6025,1097,-0.3525390625,-0.078125,0.828125,1.0
6026,1097,0.5732421875,1.078125,-1.625,1.0
6027,1097,-1.1708984375,0.140625,0.765625,0.0
6028,1097,-1.076171875,-0.390625,0.515625,1.0
6029,1097,0.1357421875,-0.015625,0.234375,0.0
6030,1097,-0.8447265625,-0.625,2.90625,0.0
6031,1098,-1.12109375,-1.15625,0.046875,1.0
6032,1098,-0.8974609375,0.546875,0.296875,1.0
6033,1098,0.6201171875,-1.421875,-0.578125,1.0
6034,1098,1.07421875,0.71875,-0.375,0.0
6035,1098,0.0634765625,0.515625,-0.703125,1.0
6036,1098,0.0595703125,-0.109375,1.53125,1.0
6037,1098,-0.4345703125,-0.71875,-0.9375,1.0
6038,1098,-0.26171875,-2.171875,-0.5,0.0
6039,1099,0.474609375,-0.65625,0.609375,0.0
6040,1099,0.7900390625,0.1875,-0.71875,0.0
6041,1099,0.0654296875,-0.8125,-0.625,1.0
6042,1100,0.9140625,0.578125,0.375,0.0
6043,1100,-1.697265625,-0.40625,-0.4375,0.0
6044,1100,0.3857421875,1.03125,0.234375,0.0
6045,1100,-0.5244140625,-1.5,-1.25,0.0
6046,1101,2.8232421875,0.359375,0.921875,1.0
6047,1101,0.994140625,-0.515625,0.625,1.0
6048,1101,2.16796875,0.0,1.4375,0.0
6049,1101,0.2275390625,0.359375,1.203125,1.0
6050,1101,2.62890625,1.796875,-0.75,1.0
6051,1102,-0.474609375,0.53125,0.796875,0.0
6052,1102,-1.2080078125,-1.625,-0.203125,0.0
6053,1102,0.138671875,0.796875,-0.296875,0.0
6054,1102,2.90625,1.09375,-0.734375,1.0
6055,1102,-0.1240234375,-2.015625,-0.671875,1.0
6056,1102,0.74609375,1.15625,1.171875,1.0
6057,1103,-0.5341796875,0.328125,-0.359375,0.0
6058,1103,-0.375,-0.453125,1.484375,1.0
6059,1103,0.4384765625,-0.9375,-0.59375,1.0
6060,1103,1.673828125,-0.4375,0.21875,0.0
6061,1103,0.13671875,0.78125,1.453125,0.0
6062,1103,-0.66015625,-0.78125,0.8125,1.0
6063,1103,0.5634765625,-0.109375,0.546875,0.0
6064,1104,-1.2119140625,1.4375,1.15625,0.0
6065,1104,-0.6962890625,-0.234375,0.625,0.0
6066,1104,-0.271484375,-0.734375,0.625,1.0
6067,1104,0.517578125,-0.59375,1.078125,0.0
6068,1104,-1.6142578125,-0.71875,1.296875,1.0
6069,1104,1.673828125,-0.4375,0.59375,1.0
6070,1104,-0.888671875,0.03125,-0.234375,1.0
6071,1104,1.994140625,0.65625,-1.359375,0.0
6072,1105,1.37109375,-0.15625,0.3125,0.0
6073,1105,-0.2861328125,-0.75,-0.703125,1.0
6074,1105,-1.5966796875,-1.203125,-0.5625,0.0
6075,1106,1.2421875,1.125,-1.84375,0.0
6076,1106,-1.201171875,-0.53125,2.15625,1.0
6077,1106,-1.3896484375,-0.59375,2.859375,0.0
6078,1106,-1.1455078125,-1.65625,0.703125,0.0
6079,1107,0.435546875,0.328125,0.984375,1.0
6080,1107,-0.8974609375,0.390625,0.421875,0.0
6081,1107,1.02734375,0.1875,-0.84375,1.0
6082,1107,-0.4189453125,-0.21875,0.34375,1.0
6083,1107,-0.1630859375,0.578125,-0.75,0.0
6084,1108,0.6982421875,-1.1875,0.40625,1.0
6085,1108,-2.0576171875,-0.234375,-0.75,0.0
6086,1108,-0.8203125,-0.328125,-1.03125,1.0
6087,1108,-0.349609375,-0.125,-1.265625,1.0
6088,1108,-0.0048828125,-1.5,-0.484375,0.0
6089,1108,1.064453125,0.046875,-1.3125,1.0
6090,1109,-1.53515625,-1.03125,0.921875,1.0
6091,1109,-0.1455078125,-0.015625,0.671875,0.0
6092,1109,-2.271484375,-1.09375,1.109375,0.0
6093,1109,0.2490234375,-1.15625,0.515625,0.0
6094,1109,1.1845703125,0.890625,0.578125,0.0
6095,1109,0.126953125,0.875,-0.390625,0.0
6096,1109,0.4755859375,0.34375,0.453125,0.0
6097,1110,-0.5244140625,-0.078125,-0.3125,1.0
6098,1110,0.7314453125,1.984375,0.0,0.0
6099,1110,-1.91015625,-1.65625,-0.0625,0.0
6100,1110,0.6806640625,0.734375,-1.5625,1.0
6101,1110,-1.4375,-0.9375,-0.203125,1.0
6102,1110,-0.8603515625,-0.921875,-0.859375,0.0
6103,1110,1.3427734375,0.53125,-0.375,1.0
6104,1110,-0.931640625,-0.640625,-0.8125,0.0
6105,1111,0.3681640625,2.359375,0.65625,1.0
6106,1111,0.4775390625,1.53125,-0.125,1.0
6107,1111,-1.4453125,-0.09375,0.09375,0.0
6108,1112,2.6494140625,2.5,-0.421875,0.0
6109,1112,1.189453125,1.75,-0.421875,0.0
6110,1112,0.025390625,1.0625,-0.1875,1.0
6111,1112,-3.2060546875,-0.59375,-1.390625,0.0
6112,1113,0.2138671875,-0.109375,0.765625,1.0
6113,1113,-1.4697265625,-1.921875,0.125,0.0
6114,1113,1.28515625,1.203125,-0.515625,0.0
6115,1113,0.076171875,0.796875,0.6875,0.0
6116,1113,0.9755859375,0.078125,0.65625,1.0
6117,1114,0.9912109375,0.046875,0.84375,1.0
6118,1114,-2.1181640625,-1.3125,-0.109375,0.0
6119,1114,-0.310546875,-0.515625,-0.3125,0.0
6120,1114,-0.6337890625,-0.421875,0.5625,1.0
6121,1114,-1.673828125,-0.46875,-1.15625,0.0
6122,1114,0.1455078125,0.78125,-0.265625,1.0
6123,1115,-1.8046875,-0.640625,0.5,1.0
6124,1115,-0.1787109375,-1.125,-1.015625,0.0
6125,1115,-0.8212890625,-0.34375,-0.5,0.0
6126,1115,-0.7177734375,0.625,0.484375,1.0
6127,1115,-1.166015625,0.234375,-0.078125,0.0
6128,1115,-0.5078125,-0.515625,-0.890625,0.0
6129,1115,-2.84765625,-0.3125,2.234375,0.0
6130,1116,2.162109375,0.21875,0.203125,1.0
6131,1116,1.033203125,1.359375,0.5625,0.0
6132,1116,0.9921875,-1.390625,-1.140625,0.0
6133,1116,1.720703125,1.0,-0.40625,1.0
6134,1116,0.05078125,0.671875,-1.515625,0.0
6135,1116,-0.017578125,0.171875,0.859375,0.0
6136,1116,0.5419921875,1.46875,-1.671875,0.0
6137,1116,-1.111328125,-0.765625,-0.4375,0.0
6138,1117,-1.0810546875,-1.0,-0.515625,1.0
6139,1117,-1.6591796875,-0.515625,-0.703125,0.0
6140,1117,-1.94140625,-1.59375,-0.6875,0.0
6141,1118,-2.8154296875,-2.4375,0.0,0.0
6142,1118,-0.1796875,1.75,1.25,1.0
6143,1118,-1.7724609375,-0.484375,1.71875,0.0
6144,1118,1.99609375,1.4375,-0.0625,1.0
6145,1119,1.5107421875,1.484375,-0.296875,0.0
6146,1119,3.4873046875,0.65625,-2.359375,1.0
6147,1119,0.1953125,2.046875,0.203125,0.0
6148,1119,1.5849609375,-0.625,-0.71875,1.0
6149,1119,2.390625,1.328125,0.59375,1.0
6150,1120,-0.3427734375,0.171875,0.3125,0.0
6151,1120,1.1484375,1.65625,1.234375,0.0
6152,1120,-2.703125,-1.984375,1.46875,0.0
6153,1120,-1.4404296875,-0.953125,0.0625,1.0
6154,1120,-0.419921875,-0.109375,0.59375,0.0
6155,1120,0.7978515625,0.59375,0.484375,1.0
6156,1121,0.75,0.75,-0.796875,0.0
6157,1121,-0.12109375,0.234375,0.984375,0.0
6158,1121,0.787109375,0.859375,-1.3125,0.0
6159,1121,-0.1357421875,-0.578125,-0.359375,1.0
6160,1121,0.220703125,1.171875,0.890625,1.0
6161,1121,-0.845703125,-0.5,-0.0625,1.0
6162,1121,-0.6376953125,-0.40625,2.046875,0.0
6163,1122,1.171875,0.484375,-0.28125,0.0
6164,1122,2.07421875,1.3125,-0.78125,0.0
6165,1122,-0.439453125,1.015625,1.296875,1.0
6166,1122,-3.068359375,-0.515625,0.921875,0.0
6167,1122,-2.298828125,-0.71875,1.109375,1.0
6168,1122,0.21875,-0.265625,0.1875,0.0
6169,1122,-0.33984375,-0.796875,0.046875,0.0
6170,1122,2.4599609375,0.390625,0.78125,0.0
6171,1123,2.7509765625,0.109375,-0.4375,0.0
6172,1123,0.1318359375,-0.09375,1.21875,0.0
6173,1123,-0.529296875,-1.671875,-0.765625,1.0
6174,1124,-1.0166015625,-0.46875,-1.59375,0.0
6175,1124,0.3125,1.0,-0.734375,1.0
6176,1124,1.4541015625,0.328125,-0.359375,1.0
6177,1124,-0.93359375,-0.453125,-0.34375,0.0
6178,1125,1.9384765625,-0.421875,0.796875,1.0
6179,1125,-0.796875,0.96875,1.203125,0.0
6180,1125,-1.98046875,-1.234375,1.671875,0.0
6181,1125,0.6279296875,0.5,0.296875,1.0
6182,1125,2.6181640625,1.125,-0.96875,0.0
6183,1126,0.947265625,0.296875,0.40625,0.0
6184,1126,0.7890625,-0.203125,-0.53125,1.0
6185,1126,1.8193359375,0.328125,2.78125,0.0
6186,1126,0.1552734375,-0.046875,-0.21875,1.0
6187,1126,-1.5263671875,0.5625,2.234375,0.0
6188,1126,0.26953125,0.515625,0.390625,0.0
6189,1127,-0.9853515625,-0.5625,0.359375,0.0
6190,1127,-0.23046875,-0.5625,0.75,1.0
6191,1127,1.013671875,-0.03125,0.765625,1.0
6192,1127,-1.6748046875,-1.578125,1.09375,1.0
6193,1127,-0.169921875,-0.0625,-0.296875,1.0
6194,1127,2.9541015625,1.3125,0.140625,1.0
6195,1127,2.2890625,1.40625,-0.25,1.0
6196,1128,2.6357421875,1.890625,-0.703125,0.0
6197,1128,0.7080078125,0.4375,0.484375,0.0
6198,1128,-1.9833984375,-1.0625,2.0,1.0
6199,1128,0.5966796875,-0.78125,-0.328125,0.0
6200,1128,-0.966796875,1.4375,0.375,0.0
6201,1128,1.4814453125,1.125,-0.453125,0.0
6202,1128,4.3994140625,0.9375,-1.109375,0.0
6203,1128,-0.37109375,-0.546875,0.8125,1.0
6204,1129,-0.7607421875,-0.015625,0.96875,0.0
6205,1129,-0.533203125,0.3125,0.359375,0.0
6206,1129,0.4990234375,0.453125,-0.21875,1.0
6207,1130,-3.0048828125,-1.609375,1.328125,0.0
6208,1130,0.7578125,-0.75,-2.328125,0.0
6209,1130,-1.1298828125,0.34375,-0.15625,1.0
6210,1130,-1.08203125,-0.140625,0.53125,0.0
6211,1131,-0.0576171875,-0.5,-1.296875,0.0
6212,1131,0.591796875,0.4375,-1.328125,1.0
6213,1131,-1.0029296875,-0.375,0.140625,1.0
6214,1131,0.3935546875,0.96875,-0.140625,1.0
6215,1131,0.2529296875,0.109375,-0.859375,0.0
6216,1132,-0.7685546875,-1.09375,-1.65625,1.0
6217,1132,0.7470703125,0.609375,-0.484375,1.0
6218,1132,1.205078125,-0.5625,0.734375,0.0
6219,1132,-1.724609375,-0.40625,1.078125,0.0
6220,1132,1.037109375,-0.34375,-0.546875,0.0
6221,1132,1.0517578125,1.390625,1.15625,0.0
6222,1133,-1.6083984375,-0.3125,0.296875,0.0
6223,1133,1.2998046875,-1.375,-1.28125,1.0
6224,1133,0.79296875,-0.609375,0.0625,1.0
6225,1133,-0.02734375,-0.828125,0.84375,0.0
6226,1133,2.466796875,1.109375,0.078125,1.0
6227,1133,-0.5791015625,-0.5625,1.203125,0.0
6228,1133,-0.265625,-0.5,0.765625,1.0
6229,1134,-1.19921875,-1.703125,-0.375,0.0
6230,1134,0.5673828125,-0.1875,-0.28125,0.0
6231,1134,0.40625,0.609375,1.21875,0.0
6232,1134,-1.1572265625,0.234375,0.21875,0.0
6233,1134,-0.041015625,-0.078125,-0.390625,1.0
6234,1134,0.0751953125,0.46875,1.5,0.0
6235,1134,3.552734375,2.578125,-1.296875,0.0
6236,1134,1.51953125,0.359375,1.109375,0.0
6237,1135,0.283203125,-0.171875,-0.703125,0.0
6238,1135,-0.412109375,-0.96875,-1.125,1.0
6239,1135,-4.0205078125,-1.359375,-0.34375,0.0
6240,1136,0.390625,0.28125,0.5625,1.0
6241,1136,0.6396484375,-0.5625,0.0,0.0
6242,1136,-0.970703125,-0.671875,-0.921875,0.0
6243,1136,-0.740234375,-1.1875,-1.328125,0.0
6244,1137,-0.6044921875,-0.421875,1.34375,1.0
6245,1137,-0.265625,0.546875,1.390625,0.0
6246,1137,-0.1025390625,0.875,-1.40625,1.0
6247,1137,-1.8212890625,2.078125,1.578125,0.0
6248,1137,-0.701171875,-0.125,-0.90625,1.0
6249,1138,-1.298828125,-0.515625,0.984375,0.0
6250,1138,-0.96875,-1.015625,0.84375,0.0
6251,1138,-0.5419921875,0.359375,-0.625,0.0
6252,1138,1.443359375,0.34375,-0.75,1.0
6253,1138,0.470703125,-0.34375,-0.46875,0.0
6254,1138,-1.4248046875,-0.75,-0.640625,0.0
6255,1139,0.9609375,0.078125,0.15625,1.0
6256,1139,0.5849609375,-0.390625,0.359375,0.0
6257,1139,1.466796875,1.390625,0.609375,1.0
6258,1139,1.818359375,0.5625,1.28125,1.0
6259,1139,1.2705078125,2.140625,0.53125,0.0
6260,1139,-1.5419921875,-0.78125,1.34375,0.0
6261,1139,-0.0693359375,-0.90625,-0.375,0.0
6262,1140,1.6728515625,1.9375,-0.5625,0.0
6263,1140,1.662109375,-0.40625,-0.515625,1.0
6264,1140,1.302734375,0.359375,-0.421875,1.0
6265,1140,-1.1767578125,-1.6875,-1.03125,0.0
6266,1140,-1.154296875,-0.9375,-0.75,0.0
6267,1140,0.4853515625,-0.125,0.046875,0.0
6268,1140,-0.4921875,-0.453125,-0.4375,0.0
6269,1140,-0.1494140625,0.390625,-0.53125,1.0
6270,1141,-1.96875,-2.0,1.03125,0.0
6271,1141,0.8486328125,-0.25,0.859375,0.0
6272,1141,1.9765625,0.859375,-0.5625,1.0
6273,1142,-0.2841796875,-0.1875,0.65625,1.0
6274,1142,0.2568359375,-0.34375,-0.703125,1.0
6275,1142,2.0439453125,1.140625,0.6875,1.0
6276,1142,1.001953125,1.59375,0.71875,0.0
6277,1143,0.7802734375,1.328125,0.90625,0.0
6278,1143,1.78515625,0.71875,-1.265625,0.0
6279,1143,0.7177734375,-0.609375,0.390625,0.0
6280,1143,0.5986328125,-0.484375,1.40625,1.0
6281,1143,1.6767578125,-0.734375,-1.078125,1.0
6282,1144,-0.5224609375,0.203125,-2.890625,0.0
6283,1144,1.33203125,1.828125,0.203125,0.0
6284,1144,-0.869140625,1.09375,0.4375,1.0
6285,1144,-1.517578125,-0.875,-0.015625,1.0
6286,1144,0.9833984375,-0.25,0.390625,1.0
6287,1144,1.69921875,0.375,-0.609375,1.0
6288,1145,0.3740234375,0.953125,1.234375,1.0
6289,1145,0.2236328125,-0.390625,-0.28125,0.0
6290,1145,-0.2236328125,-1.296875,-0.3125,1.0
6291,1145,0.5478515625,0.421875,1.015625,1.0
6292,1145,-0.423828125,-0.828125,1.828125,0.0
6293,1145,-0.0166015625,-0.171875,-1.078125,1.0
6294,1145,0.97265625,0.09375,0.484375,1.0
6295,1146,-1.7109375,-1.09375,2.59375,0.0
6296,1146,0.8193359375,-0.015625,-0.078125,0.0
6297,1146,0.7607421875,-1.15625,-1.09375,0.0
6298,1146,0.8408203125,0.265625,0.375,0.0
6299,1146,-0.189453125,-1.984375,0.515625,0.0
6300,1146,0.8408203125,0.390625,1.5625,0.0
6301,1146,1.068359375,0.40625,1.265625,1.0
6302,1146,-0.65234375,0.390625,-0.171875,1.0
6303,1147,-0.4853515625,-0.546875,1.421875,0.0
6304,1147,3.35546875,-0.21875,-1.609375,1.0
6305,1147,-0.5693359375,-0.90625,-0.515625,1.0
6306,1148,2.2294921875,0.796875,0.484375,0.0
6307,1148,0.9951171875,0.046875,0.328125,0.0
6308,1148,-1.015625,0.203125,1.65625,0.0
6309,1148,-1.8310546875,-0.21875,1.953125,0.0
6310,1149,-0.3515625,0.46875,-1.5,0.0
6311,1149,-0.9951171875,-0.453125,0.734375,1.0
6312,1149,0.5185546875,1.53125,0.46875,0.0
6313,1149,-1.6123046875,-1.34375,0.84375,1.0
6314,1149,-2.658203125,0.5,0.625,0.0
6315,1150,1.9970703125,0.875,-0.078125,0.0
6316,1150,-1.47265625,0.203125,1.625,0.0
6317,1150,-1.5380859375,0.109375,0.65625,0.0
6318,1150,0.34765625,0.265625,-0.921875,1.0
6319,1150,1.34375,-0.296875,-0.15625,0.0
6320,1150,-1.083984375,-0.5625,0.234375,0.0
6321,1151,-1.220703125,-1.078125,0.046875,1.0
6322,1151,1.484375,1.15625,0.078125,1.0
6323,1151,-1.4990234375,-1.390625,0.328125,0.0
6324,1151,-3.0478515625,-0.15625,1.265625,0.0
6325,1151,-1.7587890625,-1.0625,1.09375,1.0
6326,1151,0.703125,1.109375,0.28125,0.0
6327,1151,1.9619140625,0.703125,-1.171875,1.0
6328,1152,0.8095703125,0.5,-0.390625,0.0
6329,1152,0.7578125,0.5625,-0.28125,1.0
6330,1152,-2.720703125,0.171875,1.90625,0.0
6331,1152,-0.197265625,0.21875,-0.640625,0.0
6332,1152,-0.9326171875,0.53125,1.6875,0.0
6333,1152,-1.8173828125,-1.484375,0.734375,0.0
6334,1152,-0.056640625,1.109375,0.234375,1.0
6335,1152,1.513671875,0.546875,0.0625,0.0
6336,1153,1.8916015625,0.4375,0.796875,1.0
6337,1153,-0.171875,-0.46875,0.515625,1.0
6338,1153,0.6015625,-0.40625,-1.265625,1.0
6339,1154,3.177734375,1.90625,0.40625,0.0
6340,1154,0.515625,-1.375,-0.203125,0.0
6341,1154,1.2001953125,0.8125,0.1875,1.0
6342,1154,-0.4482421875,0.9375,1.6875,0.0
6343,1155,-0.19140625,-0.265625,-0.109375,1.0
6344,1155,-4.8515625,-2.703125,-0.078125,0.0
6345,1155,0.697265625,0.21875,0.265625,1.0
6346,1155,-1.419921875,0.0625,-0.625,0.0
6347,1155,-2.859375,-0.96875,-0.40625,1.0
6348,1156,-0.3466796875,-0.4375,-0.203125,0.0
6349,1156,1.2939453125,0.28125,-0.375,0.0
6350,1156,1.7333984375,1.84375,0.84375,0.0
6351,1156,-0.4892578125,-0.796875,1.234375,1.0
6352,1156,-1.8076171875,-0.53125,0.4375,1.0
6353,1156,0.4140625,0.171875,1.203125,1.0
6354,1157,-1.138671875,0.859375,0.609375,1.0
6355,1157,0.80859375,1.125,0.421875,1.0
6356,1157,0.2275390625,-0.921875,-0.84375,0.0
6357,1157,1.1318359375,1.015625,0.046875,1.0
6358,1157,0.474609375,-0.5,-0.1875,0.0
6359,1157,1.6259765625,1.890625,0.203125,0.0
6360,1157,-0.5166015625,0.625,1.6875,1.0
6361,1158,0.498046875,1.078125,-0.515625,1.0
6362,1158,-0.03515625,-0.484375,-0.03125,1.0
6363,1158,0.1494140625,0.75,0.0625,1.0
6364,1158,-0.7646484375,0.171875,0.328125,1.0
6365,1158,0.6328125,0.015625,-1.09375,0.0
6366,1158,1.697265625,1.578125,-0.859375,0.0
6367,1158,0.9814453125,0.546875,-0.40625,0.0
6368,1158,-1.3916015625,0.03125,-0.84375,0.0
6369,1159,2.087890625,1.078125,-0.078125,1.0
6370,1159,-0.138671875,0.46875,-0.359375,1.0
6371,1159,1.251953125,-0.5625,-0.6875,0.0
6372,1160,-2.134765625,-2.109375,0.734375,1.0
6373,1160,0.349609375,0.5625,1.046875,0.0
6374,1160,0.1865234375,2.015625,-1.15625,0.0
6375,1160,1.9091796875,0.265625,-1.40625,0.0
6376,1161,0.7958984375,-0.875,-0.90625,0.0
6377,1161,-0.3984375,0.078125,0.125,0.0
6378,1161,0.44921875,0.625,-0.03125,1.0
6379,1161,-0.7412109375,0.34375,0.875,1.0
6380,1161,0.3173828125,0.234375,-0.15625,0.0
6381,1162,0.068359375,-0.296875,1.09375,1.0
6382,1162,-0.1787109375,-0.8125,0.25,1.0
6383,1162,1.4384765625,1.5,-1.46875,0.0
6384,1162,2.5634765625,2.53125,0.84375,0.0
6385,1162,1.6337890625,0.5625,-1.265625,0.0
6386,1162,-0.8251953125,-0.1875,0.609375,1.0
6387,1163,-2.47265625,-1.0,-0.40625,1.0
6388,1163,1.369140625,-1.53125,0.140625,1.0
6389,1163,-0.3076171875,0.421875,0.5,1.0
6390,1163,-1.2080078125,0.4375,1.40625,1.0
6391,1163,-0.037109375,-0.03125,-1.40625,1.0
6392,1163,-1.609375,-0.984375,-0.28125,1.0
6393,1163,0.8017578125,0.296875,-0.46875,1.0
6394,1164,2.6923828125,2.1875,-0.21875,0.0
6395,1164,0.716796875,-0.359375,1.8125,1.0
6396,1164,1.412109375,0.09375,-0.265625,0.0
6397,1164,-1.7734375,-0.96875,0.65625,0.0
6398,1164,-1.3818359375,-2.234375,1.796875,0.0
6399,1164,0.62890625,0.03125,-1.09375,0.0
6400,1164,2.3193359375,1.640625,-1.125,0.0
6401,1164,-1.4267578125,-0.8125,-1.234375,0.0
6402,1165,0.041015625,-0.609375,-1.203125,0.0
6403,1165,2.51171875,1.265625,-0.546875,0.0
6404,1165,-0.1376953125,0.515625,0.578125,1.0
6405,1166,-0.353515625,0.203125,0.640625,0.0
6406,1166,1.0830078125,-0.21875,-0.875,1.0
6407,1166,-0.900390625,-0.84375,0.171875,1.0
6408,1166,-1.88671875,-1.203125,0.875,0.0
6409,1167,-0.0244140625,0.3125,0.390625,0.0
6410,1167,0.54296875,-0.703125,-1.203125,0.0
6411,1167,0.513671875,-0.734375,-0.8125,0.0
6412,1167,-1.1689453125,-1.59375,0.796875,0.0
6413,1167,-0.126953125,-0.25,1.34375,0.0
6414,1168,1.5859375,0.109375,-0.15625,1.0
6415,1168,-0.0361328125,-0.515625,0.515625,1.0
6416,1168,-1.4384765625,0.4375,0.015625,0.0
6417,1168,1.8759765625,0.796875,0.546875,1.0
6418,1168,0.6875,0.171875,0.359375,0.0
6419,1168,0.30078125,1.21875,0.109375,0.0
6420,1169,2.6435546875,1.03125,-0.09375,1.0
6421,1169,-1.224609375,-0.609375,1.546875,1.0
6422,1169,2.9990234375,1.171875,-0.640625,1.0
6423,1169,0.5185546875,-1.390625,-0.453125,1.0
6424,1169,0.39453125,-0.609375,0.5625,0.0
6425,1169,-0.1630859375,-1.109375,1.40625,1.0
6426,1169,-0.2705078125,-0.34375,-0.984375,0.0
6427,1170,-1.1796875,-0.015625,0.671875,0.0
6428,1170,1.0771484375,0.9375,-1.828125,0.0
6429,1170,-0.3681640625,1.265625,1.5625,1.0
6430,1170,0.4599609375,0.609375,1.125,1.0
6431,1170,0.244140625,-0.296875,0.15625,0.0
6432,1170,-0.466796875,-0.34375,0.890625,1.0
6433,1170,-0.9267578125,-1.921875,0.453125,0.0
6434,1170,0.6630859375,1.03125,-0.421875,0.0
6435,1171,-1.1015625,-0.234375,0.25,1.0
6436,1171,-0.2529296875,-0.75,0.515625,1.0
6437,1171,1.4794921875,0.015625,-0.484375,0.0
6438,1172,-1.66796875,-1.6875,0.4375,0.0
6439,1172,0.3056640625,-0.25,-0.90625,0.0
6440,1172,-0.12890625,-0.21875,0.140625,0.0
6441,1172,0.7333984375,-0.8125,-0.921875,0.0
6442,1173,-1.4580078125,-0.390625,0.359375,1.0
6443,1173,-1.4814453125,-1.0,0.546875,0.0
6444,1173,-0.66796875,-0.0625,-0.328125,1.0
6445,1173,-0.8603515625,0.015625,-0.9375,0.0
6446,1173,0.7783203125,1.109375,0.03125,0.0
6447,1174,-0.4326171875,-1.421875,0.0,0.0
6448,1174,2.33984375,1.203125,-1.40625,1.0
6449,1174,-2.2490234375,-2.1875,1.8125,0.0
6450,1174,0.4189453125,0.796875,0.28125,0.0
6451,1174,0.5888671875,0.21875,1.4375,0.0
6452,1174,1.71484375,0.421875,-0.8125,1.0
6453,1175,-1.48828125,-0.703125,-0.53125,0.0
6454,1175,-1.7919921875,-2.78125,-1.609375,0.0
6455,1175,0.48046875,0.15625,-1.375,1.0
6456,1175,-3.3017578125,0.984375,0.71875,1.0
6457,1175,-0.8662109375,0.09375,0.40625,0.0
6458,1175,-1.71875,-2.265625,0.609375,0.0
6459,1175,-3.9130859375,-1.734375,0.90625,1.0
6460,1176,1.4345703125,1.21875,-0.71875,0.0
6461,1176,1.09375,0.9375,-0.5,0.0
6462,1176,0.146484375,-1.34375,0.0,0.0
6463,1176,-0.2568359375,-0.390625,1.4375,1.0
6464,1176,1.6162109375,1.546875,-0.6875,0.0
6465,1176,0.8779296875,0.265625,1.765625,0.0
6466,1176,-0.40625,-0.171875,0.953125,0.0
6467,1176,-0.7412109375,-1.1875,-0.46875,0.0
6468,1177,0.2119140625,0.140625,0.046875,1.0
6469,1177,1.7568359375,-0.3125,-1.875,0.0
6470,1177,-0.0380859375,0.359375,0.59375,1.0
6471,1178,0.9873046875,-0.515625,-0.203125,1.0
6472,1178,1.4638671875,1.640625,0.421875,1.0
6473,1178,0.0478515625,1.03125,-0.4375,0.0
6474,1178,2.3115234375,-0.15625,0.171875,1.0
6475,1179,-2.6533203125,-0.140625,0.359375,0.0
6476,1179,-0.193359375,-0.625,-0.609375,1.0
6477,1179,-3.478515625,-1.203125,0.3125,0.0
6478,1179,1.921875,-0.03125,-2.0625,1.0
6479,1179,1.8251953125,1.25,0.109375,1.0
6480,1180,-2.0859375,-0.03125,1.28125,0.0
6481,1180,-0.06640625,0.1875,-0.0625,1.0
6482,1180,0.671875,0.34375,-1.625,1.0
6483,1180,-0.00390625,1.984375,-0.65625,0.0
6484,1180,-0.6318359375,0.203125,-2.203125,0.0
6485,1180,1.009765625,1.859375,0.015625,1.0
6486,1181,3.12890625,0.4375,-0.90625,0.0
6487,1181,-0.857421875,0.890625,-0.375,0.0
6488,1181,-0.1416015625,0.140625,2.28125,0.0
6489,1181,0.09765625,-0.0625,1.53125,1.0
6490,1181,0.8330078125,-1.59375,0.421875,1.0
6491,1181,-2.4345703125,-0.609375,1.71875,1.0
6492,1181,-1.9775390625,-2.109375,0.46875,0.0
6493,1182,-0.685546875,-0.171875,-0.578125,1.0
6494,1182,0.423828125,-0.140625,0.390625,1.0
6495,1182,-0.0458984375,0.375,0.6875,0.0
6496,1182,-1.9169921875,-0.796875,-1.296875,0.0
6497,1182,-1.609375,-0.75,-0.546875,0.0
6498,1182,-0.826171875,0.1875,-0.5,1.0
6499,1182,-0.2255859375,-0.625,-1.625,0.0
6500,1182,-0.568359375,0.46875,-0.390625,0.0
6501,1183,1.7724609375,1.140625,-1.09375,1.0
6502,1183,-1.2041015625,-1.34375,1.421875,1.0
6503,1183,-2.228515625,-1.375,2.765625,0.0
6504,1184,0.8701171875,0.390625,-0.5625,0.0
6505,1184,1.57421875,1.78125,0.453125,1.0
6506,1184,1.2509765625,0.375,-1.9375,0.0
6507,1184,1.0341796875,-0.40625,0.625,0.0
6508,1185,-2.03125,-1.125,2.328125,0.0
6509,1185,1.005859375,1.625,0.15625,1.0
6510,1185,0.703125,-0.59375,-1.03125,0.0
6511,1185,-1.65625,0.828125,-0.875,0.0
6512,1185,-1.1171875,-0.71875,0.6875,1.0
6513,1186,-1.912109375,-2.578125,-0.140625,1.0
6514,1186,-0.318359375,1.0625,0.78125,0.0
6515,1186,0.3251953125,-0.046875,0.609375,0.0
6516,1186,0.9091796875,1.828125,2.09375,0.0
6517,1186,0.4443359375,1.65625,0.3125,0.0
6518,1186,-0.7109375,0.453125,-0.109375,0.0
6519,1187,3.2236328125,1.28125,-2.140625,1.0
6520,1187,-0.0146484375,-0.21875,0.375,1.0
6521,1187,0.755859375,0.421875,1.1875,0.0
6522,1187,0.859375,-0.078125,-0.953125,0.0
6523,1187,0.6123046875,0.5,0.90625,1.0
6524,1187,2.4716796875,1.265625,-0.0625,0.0
6525,1187,2.2734375,0.8125,-1.65625,0.0
6526,1188,-0.1337890625,-0.375,-0.65625,1.0
6527,1188,0.62890625,-1.21875,-0.125,1.0
6528,1188,2.3837890625,1.328125,-0.203125,0.0
6529,1188,2.1142578125,2.5,1.203125,1.0
6530,1188,1.36328125,-1.3125,-0.15625,1.0
6531,1188,2.228515625,1.0,0.671875,1.0
6532,1188,0.6875,-0.5625,0.171875,0.0
6533,1188,-0.2431640625,0.40625,0.828125,1.0
6534,1189,-1.19140625,-1.078125,-0.421875,1.0
6535,1189,0.0771484375,0.875,-0.90625,0.0
6536,1189,2.3828125,1.578125,-0.21875,1.0
6537,1190,2.0869140625,0.765625,-0.140625,0.0
6538,1190,-0.47265625,-0.390625,1.71875,1.0
6539,1190,1.44921875,-0.40625,-0.8125,1.0
6540,1190,0.7763671875,-1.125,-0.09375,0.0
6541,1191,0.4892578125,-0.734375,-0.265625,0.0
6542,1191,-1.046875,-0.03125,0.734375,0.0
6543,1191,1.869140625,1.390625,-1.171875,0.0
6544,1191,0.595703125,0.90625,-0.09375,0.0
6545,1191,-0.5751953125,0.546875,0.59375,0.0
6546,1192,0.6513671875,-0.21875,0.046875,0.0
6547,1192,-0.296875,0.546875,-0.4375,1.0
6548,1192,-0.47265625,-0.734375,-0.078125,1.0
6549,1192,1.7333984375,1.390625,0.890625,1.0
6550,1192,-0.09375,-0.21875,0.09375,1.0
6551,1192,0.826171875,-1.140625,-0.421875,0.0
6552,1193,-1.2548828125,-1.984375,-1.90625,0.0
6553,1193,0.0458984375,-0.703125,1.109375,1.0
6554,1193,0.84765625,0.75,-0.421875,0.0
6555,1193,1.0673828125,1.453125,2.125,1.0
6556,1193,-1.9033203125,-0.015625,0.28125,0.0
6557,1193,-0.9189453125,-0.234375,0.109375,0.0
6558,1193,1.4970703125,0.921875,-0.1875,0.0
6559,1194,0.7060546875,-0.140625,0.234375,1.0
6560,1194,1.2236328125,1.609375,-0.625,0.0
6561,1194,2.0703125,0.546875,-0.96875,1.0
6562,1194,-0.41796875,-1.65625,2.15625,0.0
6563,1194,0.654296875,-1.15625,-0.8125,0.0
6564,1194,-3.689453125,-2.296875,1.34375,1.0
6565,1194,3.255859375,1.421875,-0.171875,0.0
6566,1194,-0.1923828125,-1.921875,-0.921875,1.0
6567,1195,-0.974609375,0.359375,-0.421875,0.0
6568,1195,-3.587890625,-0.5,0.25,0.0
6569,1195,-0.9189453125,-1.65625,0.25,1.0
6570,1196,-0.833984375,0.265625,1.28125,1.0
6571,1196,0.3125,0.609375,2.03125,1.0
6572,1196,-0.15234375,-0.890625,0.453125,1.0
6573,1196,-0.01953125,-0.09375,2.46875,1.0
6574,1197,1.626953125,1.296875,-1.859375,1.0
6575,1197,-1.1240234375,-0.90625,-0.28125,1.0
6576,1197,1.021484375,-0.078125,-0.71875,0.0
6577,1197,0.162109375,-0.265625,0.1875,1.0
6578,1197,1.24609375,0.5,0.453125,0.0
6579,1198,0.6474609375,-1.484375,0.0,0.0
6580,1198,0.763671875,0.4375,0.640625,0.0
6581,1198,0.62890625,0.703125,0.09375,0.0
6582,1198,-1.26953125,-0.015625,0.34375,0.0
6583,1198,0.2451171875,0.546875,-0.375,0.0
6584,1198,0.5791015625,0.734375,0.453125,0.0
6585,1199,-2.5830078125,-0.671875,1.8125,0.0
6586,1199,-0.892578125,-0.546875,0.140625,0.0
6587,1199,-0.6513671875,0.203125,-1.34375,1.0
6588,1199,-1.6259765625,-0.59375,-1.4375,0.0
6589,1199,0.5205078125,0.40625,-0.75,1.0
6590,1199,0.7822265625,0.828125,0.359375,0.0
6591,1199,-0.8505859375,-1.453125,-0.203125,0.0
6592,1200,0.7578125,1.78125,0.890625,0.0
6593,1200,-0.2900390625,-0.25,-0.984375,0.0
6594,1200,0.92578125,1.453125,-0.4375,0.0
6595,1200,2.044921875,0.203125,-2.625,1.0
6596,1200,-0.1640625,0.296875,-0.890625,1.0
6597,1200,0.3232421875,0.0,-1.375,0.0
6598,1200,0.5986328125,1.859375,-1.25,0.0
6599,1200,-2.216796875,-1.359375,0.625,1.0
6600,1201,-0.8154296875,0.75,-0.828125,1.0
6601,1201,3.041015625,2.234375,0.078125,1.0
6602,1201,-1.0654296875,-1.515625,1.125,0.0
6603,1202,0.59375,1.3125,0.71875,0.0
6604,1202,-1.828125,-1.09375,1.296875,0.0
6605,1202,0.9326171875,0.828125,0.0625,1.0
6606,1202,0.4658203125,0.015625,-1.78125,0.0
6607,1203,-2.4794921875,-1.734375,2.25,1.0
6608,1203,1.388671875,-0.5625,-0.03125,1.0
6609,1203,0.51171875,0.375,-0.28125,0.0
6610,1203,1.3720703125,0.40625,0.5,1.0
6611,1203,-0.71484375,-2.359375,-1.890625,0.0
6612,1204,-0.80859375,0.34375,-0.203125,1.0
6613,1204,-1.625,-0.34375,-2.03125,1.0
6614,1204,1.892578125,-0.578125,-1.90625,1.0
6615,1204,-0.298828125,-0.421875,-1.453125,0.0
6616,1204,1.751953125,0.90625,-1.4375,0.0
6617,1204,2.8564453125,-0.15625,-0.296875,1.0
6618,1205,0.96484375,2.25,-0.046875,0.0
6619,1205,-1.369140625,-1.15625,0.953125,0.0
6620,1205,-1.5517578125,-0.359375,-0.734375,1.0
6621,1205,1.16796875,-0.390625,0.640625,1.0
6622,1205,0.8349609375,-1.125,-1.65625,1.0
6623,1205,-1.87109375,-1.390625,0.328125,0.0
6624,1205,0.138671875,0.21875,-1.140625,0.0
6625,1206,-0.0654296875,0.421875,1.03125,0.0
6626,1206,-0.3828125,-1.28125,-0.8125,0.0
6627,1206,0.41015625,2.109375,1.484375,1.0
6628,1206,2.2119140625,1.390625,-0.453125,0.0
6629,1206,0.564453125,-0.5625,-1.171875,0.0
6630,1206,1.9931640625,3.265625,-1.484375,1.0
6631,1206,0.4306640625,1.359375,0.6875,1.0
6632,1206,-0.5595703125,-0.421875,0.328125,1.0
6633,1207,0.19921875,0.453125,1.78125,0.0
6634,1207,-0.1318359375,-0.65625,1.421875,0.0
6635,1207,0.11328125,0.21875,1.890625,0.0
6636,1208,-3.2607421875,-0.59375,1.234375,0.0
6637,1208,-2.873046875,-0.15625,1.171875,1.0
6638,1208,-2.0830078125,-0.34375,-0.21875,0.0
6639,1208,-1.0546875,-0.28125,-1.0,0.0
6640,1209,1.3974609375,1.03125,-1.4375,1.0
6641,1209,-0.1826171875,0.46875,0.390625,1.0
6642,1209,-1.0029296875,-0.421875,-1.390625,0.0
6643,1209,-1.0947265625,-0.078125,1.0,1.0
6644,1209,-2.4970703125,-0.359375,1.140625,1.0
6645,1210,3.16796875,0.671875,0.046875,0.0
6646,1210,2.763671875,0.59375,-0.421875,0.0
6647,1210,1.490234375,0.71875,1.171875,0.0
6648,1210,1.9091796875,1.796875,-0.671875,0.0
6649,1210,-0.064453125,0.59375,-1.140625,0.0
6650,1210,-1.8623046875,-0.109375,2.796875,0.0
6651,1211,-0.5556640625,-1.421875,1.09375,0.0
6652,1211,-1.2041015625,0.46875,0.15625,0.0
6653,1211,1.1806640625,-1.546875,-2.875,0.0
6654,1211,-1.29296875,-0.828125,-0.71875,0.0
6655,1211,0.1806640625,-1.203125,-0.171875,0.0
6656,1211,0.2705078125,0.15625,-0.046875,1.0
6657,1211,0.103515625,0.203125,-0.875,0.0
6658,1212,1.19140625,2.984375,0.25,0.0
6659,1212,0.3134765625,0.5625,-1.203125,0.0
6660,1212,2.330078125,1.828125,-2.171875,1.0
6661,1212,2.3916015625,2.4375,-1.140625,0.0
6662,1212,0.8642578125,0.875,0.046875,0.0
6663,1212,0.6171875,-0.453125,-0.703125,1.0
6664,1212,-0.1796875,-0.734375,0.078125,1.0
6665,1212,3.1416015625,2.671875,0.4375,1.0
6666,1213,0.1318359375,0.5,0.0625,1.0
6667,1213,-0.4521484375,-0.65625,-0.859375,0.0
6668,1213,0.833984375,0.953125,0.09375,1.0
6669,1214,1.6240234375,1.046875,0.890625,1.0
6670,1214,2.814453125,1.390625,0.609375,1.0
6671,1214,-0.6201171875,-0.25,-0.234375,0.0
6672,1214,1.03125,-0.875,-0.65625,0.0
6673,1215,-3.1806640625,-1.859375,0.875,0.0
6674,1215,0.9404296875,0.59375,0.796875,1.0
6675,1215,0.384765625,1.078125,-0.0625,0.0
6676,1215,1.0908203125,-0.03125,-0.125,0.0
6677,1215,-0.392578125,0.0625,-0.953125,0.0
6678,1216,2.8759765625,1.375,-0.046875,1.0
6679,1216,-0.1123046875,0.03125,0.0625,1.0
6680,1216,-3.2060546875,-2.578125,-0.140625,0.0
6681,1216,-0.7099609375,-0.171875,-0.5,0.0
6682,1216,0.0546875,-0.40625,-0.3125,1.0
6683,1216,-1.1982421875,-0.125,0.15625,0.0
6684,1217,0.322265625,0.40625,-0.203125,1.0
6685,1217,-0.2763671875,-0.609375,0.71875,0.0
6686,1217,-0.79296875,-0.890625,0.53125,1.0
6687,1217,-0.109375,0.078125,1.703125,1.0
6688,1217,-1.1845703125,0.234375,1.078125,1.0
6689,1217,0.9052734375,-1.140625,-0.484375,0.0
6690,1217,-0.62109375,-1.078125,0.5,1.0
6691,1218,-2.005859375,0.046875,-0.1875,0.0
6692,1218,-2.7333984375,-2.125,-0.171875,0.0
6693,1218,0.896484375,0.65625,-2.46875,0.0
6694,1218,-0.994140625,-0.953125,-1.109375,0.0
6695,1218,-0.1953125,0.328125,-2.0,0.0
6696,1218,-4.0703125,-0.578125,-0.328125,1.0
6697,1218,-1.1337890625,1.28125,-0.125,0.0
6698,1218,0.3583984375,0.328125,-1.953125,0.0
6699,1219,-0.572265625,-1.46875,-0.71875,0.0
6700,1219,0.66796875,1.0625,0.546875,1.0
6701,1219,0.890625,0.359375,0.484375,0.0
6702,1220,0.8134765625,1.40625,-0.015625,1.0
6703,1220,0.025390625,0.109375,1.21875,0.0
6704,1220,-1.4560546875,-0.25,-0.078125,0.0
6705,1220,-0.642578125,-0.375,1.6875,1.0
6706,1221,0.837890625,-0.28125,-0.828125,1.0
6707,1221,1.3447265625,1.046875,0.4375,0.0
6708,1221,0.0947265625,-0.328125,-1.40625,0.0
6709,1221,-0.1689453125,-0.5,-0.625,0.0
6710,1221,1.5087890625,2.96875,-1.15625,0.0
6711,1222,-1.345703125,-1.3125,-0.234375,1.0
6712,1222,0.17578125,-0.15625,-0.484375,0.0
6713,1222,2.5751953125,-0.28125,-0.296875,1.0
6714,1222,-1.828125,-0.078125,0.125,1.0
6715,1222,1.64453125,1.671875,-0.828125,1.0
6716,1222,-1.3515625,-1.375,-0.125,0.0
6717,1223,2.197265625,-1.03125,-1.484375,0.0
6718,1223,0.796875,-0.28125,1.859375,1.0
6719,1223,-0.3720703125,-1.59375,-0.828125,1.0
6720,1223,-0.3310546875,-1.15625,-0.578125,1.0
6721,1223,0.3916015625,0.140625,1.0,0.0
6722,1223,0.13671875,0.46875,-0.265625,1.0
6723,1223,0.623046875,0.296875,-0.90625,1.0
6724,1224,-0.04296875,-0.703125,0.75,0.0
6725,1224,-0.166015625,1.078125,1.5625,1.0
6726,1224,1.9833984375,1.640625,1.125,0.0
6727,1224,-1.607421875,-1.34375,-0.4375,0.0
6728,1224,1.8447265625,1.21875,-0.21875,0.0
6729,1224,0.3173828125,0.421875,-0.734375,0.0
6730,1224,1.373046875,0.390625,-1.125,1.0
6731,1224,0.892578125,1.015625,-1.984375,0.0
6732,1225,-1.2900390625,-0.40625,0.953125,0.0
6733,1225,-1.361328125,-0.640625,1.1875,0.0
6734,1225,0.6962890625,1.0,-0.421875,1.0
6735,1226,-1.4658203125,-1.984375,-0.34375,0.0
6736,1226,0.8095703125,2.109375,-0.734375,0.0
6737,1226,1.6044921875,1.265625,-1.015625,0.0
6738,1226,-0.3505859375,0.5,-0.40625,0.0
6739,1227,2.548828125,2.046875,-0.71875,0.0
6740,1227,0.73828125,-0.921875,0.3125,0.0
6741,1227,-1.431640625,-0.953125,1.625,1.0
6742,1227,-0.8681640625,-0.59375,-0.09375,1.0
6743,1227,0.017578125,0.109375,1.34375,0.0
6744,1228,-0.078125,-0.1875,-0.625,0.0
6745,1228,1.7255859375,0.078125,-0.125,1.0
6746,1228,0.1767578125,-1.390625,-1.25,0.0
6747,1228,0.0947265625,-1.96875,-2.234375,0.0
6748,1228,0.6435546875,1.578125,0.65625,1.0
6749,1228,0.994140625,0.453125,-0.015625,1.0
6750,1229,-1.2216796875,-1.421875,-0.515625,0.0
6751,1229,1.3349609375,1.046875,-1.09375,0.0
6752,1229,0.353515625,0.734375,0.421875,0.0
6753,1229,-0.599609375,-0.0625,0.828125,0.0
6754,1229,-0.6884765625,-0.046875,0.84375,0.0
6755,1229,0.4140625,-0.453125,-0.671875,1.0
6756,1229,-1.8505859375,-0.53125,0.390625,0.0
6757,1230,-1.0927734375,0.796875,1.90625,0.0
6758,1230,1.09375,1.90625,0.15625,0.0
6759,1230,-1.072265625,0.140625,0.125,1.0
6760,1230,-2.0966796875,-0.328125,1.796875,0.0
6761,1230,0.11328125,0.9375,-0.375,1.0
6762,1230,-0.8662109375,-0.296875,1.3125,1.0
6763,1230,-0.4716796875,-0.015625,-1.53125,0.0
6764,1230,-0.66796875,0.03125,-0.609375,1.0
6765,1231,-1.9697265625,-0.875,0.03125,0.0
6766,1231,-0.4580078125,-0.46875,-0.203125,0.0
6767,1231,-1.962890625,-1.078125,0.53125,0.0
6768,1232,0.263671875,0.296875,-0.375,1.0
6769,1232,3.2958984375,-0.109375,-2.53125,0.0
6770,1232,2.728515625,1.53125,-0.796875,1.0
6771,1232,0.6123046875,0.40625,0.03125,0.0
6772,1233,1.3212890625,0.25,2.234375,1.0
6773,1233,1.9541015625,-0.328125,-0.59375,0.0
6774,1233,1.9228515625,0.5625,1.203125,0.0
6775,1233,-0.033203125,-0.015625,0.09375,0.0
6776,1233,2.0078125,-0.171875,0.8125,0.0
6777,1234,3.244140625,0.5,-1.671875,0.0
6778,1234,-2.8798828125,-1.109375,0.609375,1.0
6779,1234,1.8076171875,-0.078125,-0.84375,1.0
6780,1234,0.8056640625,1.078125,1.03125,1.0
6781,1234,-2.0419921875,0.53125,0.1875,0.0
6782,1234,-0.330078125,0.296875,0.1875,1.0
6783,1235,-1.21484375,0.984375,1.5,0.0
6784,1235,-0.8544921875,-1.296875,-0.421875,0.0
6785,1235,1.294921875,0.84375,0.265625,0.0
6786,1235,3.6025390625,2.21875,-0.65625,0.0
6787,1235,2.046875,-0.28125,-0.984375,0.0
6788,1235,-0.0693359375,1.171875,1.84375,0.0
6789,1235,2.00390625,1.09375,0.625,1.0
6790,1236,-0.5068359375,0.5625,0.46875,1.0
6791,1236,2.8837890625,2.0,1.0625,1.0
6792,1236,1.6396484375,-0.96875,-1.203125,1.0
6793,1236,1.9072265625,-0.046875,0.78125,1.0
6794,1236,1.1064453125,0.28125,-0.5,0.0
6795,1236,-1.8935546875,-0.96875,1.265625,0.0
6796,1236,0.154296875,0.84375,-0.828125,0.0
6797,1236,-1.990234375,-0.578125,0.5,0.0
6798,1237,0.5712890625,-0.953125,-1.84375,0.0
6799,1237,0.8720703125,0.140625,-0.90625,1.0
6800,1237,1.421875,1.5,-2.203125,1.0
6801,1238,0.0869140625,-1.46875,-0.078125,0.0
6802,1238,-0.416015625,-1.734375,1.09375,1.0
6803,1238,-0.15625,-0.53125,0.4375,0.0
6804,1238,2.9873046875,0.640625,-2.734375,0.0
6805,1239,0.3955078125,1.125,0.84375,0.0
6806,1239,0.25390625,-0.984375,0.640625,1.0
6807,1239,1.0126953125,-1.203125,-0.09375,0.0
6808,1239,-0.994140625,-0.421875,0.703125,1.0
6809,1239,2.384765625,1.75,-0.09375,0.0
6810,1240,2.4248046875,0.828125,1.6875,0.0
6811,1240,-0.595703125,-1.25,0.890625,0.0
6812,1240,0.29296875,-1.171875,0.65625,1.0
6813,1240,0.955078125,0.1875,0.125,0.0
6814,1240,-0.22265625,-0.53125,0.9375,0.0
6815,1240,-2.3447265625,-0.6875,1.46875,0.0
6816,1241,-0.3115234375,0.390625,1.21875,1.0
6817,1241,-1.380859375,-1.6875,0.703125,0.0
6818,1241,0.5634765625,0.078125,0.453125,1.0
6819,1241,1.5048828125,0.203125,-0.828125,1.0
6820,1241,-0.6640625,-0.171875,0.890625,0.0
6821,1241,-0.7685546875,-1.15625,0.28125,0.0
6822,1241,0.96875,1.578125,0.34375,1.0
6823,1242,-0.2958984375,1.046875,0.671875,0.0
6824,1242,2.1142578125,0.90625,0.734375,0.0
6825,1242,0.3115234375,0.09375,0.28125,0.0
6826,1242,0.373046875,0.421875,-0.015625,0.0
6827,1242,0.6552734375,0.09375,-0.140625,1.0
6828,1242,0.1181640625,-0.0625,-0.5625,0.0
6829,1242,-1.6923828125,-1.015625,2.3125,0.0
6830,1242,1.421875,-0.546875,0.078125,1.0
6831,1243,-0.359375,0.015625,0.03125,0.0
6832,1243,4.2314453125,2.015625,-2.8125,1.0
6833,1243,1.603515625,0.421875,1.40625,1.0
6834,1244,0.208984375,-0.40625,2.09375,1.0
6835,1244,0.2099609375,0.171875,0.25,0.0
6836,1244,-0.25,-0.078125,0.140625,0.0
6837,1244,0.4931640625,-0.96875,0.125,0.0
6838,1245,1.33203125,0.8125,1.0,1.0
6839,1245,-0.0166015625,1.109375,0.96875,0.0
6840,1245,-0.837890625,-1.296875,1.125,0.0
6841,1245,-0.314453125,0.25,0.890625,0.0
6842,1245,-0.1044921875,-0.0625,0.546875,0.0
6843,1246,-0.71875,0.890625,1.5625,0.0
6844,1246,-2.5,-0.375,0.828125,0.0
6845,1246,-1.953125,0.171875,-0.53125,1.0
6846,1246,1.5986328125,-0.125,-0.78125,0.0
6847,1246,1.4814453125,1.875,0.53125,0.0
6848,1246,-0.63671875,-1.125,-0.53125,0.0
6849,1247,1.150390625,-0.703125,-1.3125,0.0
6850,1247,0.4892578125,1.40625,-0.328125,0.0
6851,1247,0.89453125,0.484375,-0.90625,1.0
6852,1247,1.087890625,0.203125,-0.203125,0.0
6853,1247,-0.6650390625,-1.484375,-0.578125,1.0
6854,1247,-0.7529296875,-1.234375,-0.890625,0.0
6855,1247,0.0380859375,-1.140625,0.015625,1.0
6856,1248,1.138671875,0.046875,0.09375,0.0
6857,1248,-1.166015625,-0.78125,0.25,0.0
6858,1248,1.3544921875,-0.578125,0.265625,0.0
6859,1248,2.8173828125,0.046875,-0.828125,0.0
6860,1248,-0.14453125,0.84375,0.84375,0.0
6861,1248,0.68359375,-0.234375,-2.234375,0.0
6862,1248,2.029296875,0.671875,1.765625,0.0
6863,1248,1.6279296875,-0.109375,-1.0,0.0
6864,1249,0.9677734375,0.65625,-0.71875,1.0
6865,1249,-0.3603515625,0.25,1.046875,1.0
6866,1249,-1.353515625,0.421875,0.15625,0.0
6867,1250,0.6728515625,1.25,1.3125,0.0
6868,1250,0.8935546875,0.84375,1.6875,1.0
6869,1250,3.177734375,0.34375,-2.0,0.0
6870,1250,-0.03125,-1.53125,-0.078125,0.0
6871,1251,2.8662109375,-0.265625,-0.390625,0.0
6872,1251,0.494140625,-0.390625,2.265625,1.0
6873,1251,-0.6943359375,-0.015625,0.34375,0.0
6874,1251,-1.4716796875,-0.921875,0.96875,1.0
6875,1251,-2.296875,-0.046875,1.859375,1.0
6876,1252,0.9755859375,0.375,-0.921875,0.0
6877,1252,0.130859375,-0.65625,0.328125,0.0
6878,1252,2.5810546875,0.890625,-1.078125,0.0
6879,1252,0.716796875,-0.9375,0.46875,0.0
6880,1252,0.134765625,-0.46875,0.578125,0.0
6881,1252,1.9912109375,0.375,-1.71875,0.0
6882,1253,1.59375,2.09375,1.703125,0.0
6883,1253,3.3173828125,1.078125,-1.53125,1.0
6884,1253,0.646484375,0.09375,-0.15625,1.0
6885,1253,-0.431640625,0.125,0.953125,0.0
6886,1253,-0.0908203125,0.453125,0.3125,0.0
6887,1253,-0.9189453125,-0.484375,0.734375,1.0
6888,1253,1.30078125,2.203125,-0.234375,0.0
6889,1254,0.404296875,-1.921875,-0.296875,0.0
6890,1254,-0.1748046875,-1.046875,-0.84375,1.0
6891,1254,1.337890625,0.734375,1.46875,0.0
6892,1254,2.5458984375,-0.75,0.140625,1.0
6893,1254,3.189453125,1.078125,-0.5625,0.0
6894,1254,0.8134765625,0.609375,1.375,0.0
6895,1254,-1.658203125,-2.390625,0.078125,1.0
6896,1254,0.9560546875,0.09375,0.109375,0.0
6897,1255,-2.6953125,-2.8125,1.515625,0.0
6898,1255,0.5166015625,-0.28125,0.84375,1.0
6899,1255,2.0771484375,0.0625,-0.40625,1.0
6900,1256,-1.7822265625,-0.375,-0.296875,0.0
6901,1256,0.09375,0.46875,1.0,0.0
6902,1256,1.0458984375,-1.4375,-0.859375,1.0
6903,1256,-1.66796875,-1.25,1.75,0.0
6904,1257,-3.3505859375,-0.453125,1.125,0.0
6905,1257,0.6455078125,0.1875,0.125,0.0
6906,1257,1.67578125,1.703125,0.359375,0.0
6907,1257,-1.783203125,-1.515625,1.28125,1.0
6908,1257,1.4111328125,1.484375,0.125,1.0
6909,1258,2.3447265625,1.3125,0.765625,0.0
6910,1258,1.693359375,-0.25,0.34375,1.0
6911,1258,3.29296875,1.125,0.265625,0.0
6912,1258,-0.2763671875,-0.25,0.78125,0.0
6913,1258,1.7529296875,0.359375,0.6875,0.0
6914,1258,1.123046875,-0.109375,1.765625,0.0
6915,1259,0.5205078125,0.25,-0.015625,0.0
6916,1259,1.5419921875,1.0,1.328125,1.0
6917,1259,-0.9130859375,-1.640625,0.953125,1.0
6918,1259,-2.7294921875,-2.09375,-1.34375,0.0
6919,1259,-1.1298828125,0.03125,0.78125,1.0
6920,1259,-0.0732421875,-0.140625,-0.34375,0.0
6921,1259,-1.5966796875,-1.015625,-0.34375,0.0
6922,1260,1.3330078125,0.453125,-0.625,0.0
6923,1260,0.447265625,-0.34375,-0.8125,0.0
6924,1260,-0.1689453125,-2.140625,-0.625,1.0
6925,1260,0.5478515625,0.0,-1.296875,1.0
6926,1260,-0.603515625,-0.125,0.375,0.0
6927,1260,-1.814453125,-2.140625,-0.21875,1.0
6928,1260,2.8310546875,2.59375,-0.953125,0.0
6929,1260,2.546875,1.53125,-0.65625,1.0
6930,1261,0.6259765625,0.0625,-0.546875,0.0
6931,1261,-1.17578125,1.203125,0.03125,1.0
6932,1261,-0.0458984375,1.078125,0.5625,0.0
6933,1262,0.4609375,0.359375,-1.609375,0.0
6934,1262,-2.7373046875,-1.609375,0.765625,1.0
6935,1262,0.95703125,-0.34375,-1.171875,1.0
6936,1262,-1.6767578125,-0.375,0.625,0.0
6937,1263,-2.4736328125,-1.75,1.609375,1.0
6938,1263,-1.05859375,-0.890625,2.4375,1.0
6939,1263,0.6181640625,0.0,-0.09375,0.0
6940,1263,2.388671875,2.375,-0.828125,1.0
6941,1263,0.060546875,-0.15625,1.671875,1.0
6942,1264,-0.25,-0.703125,1.53125,0.0
6943,1264,0.494140625,1.140625,1.421875,1.0
6944,1264,0.6318359375,1.5625,-0.9375,0.0
6945,1264,0.3740234375,0.3125,0.875,1.0
6946,1264,-0.3173828125,-0.421875,0.0,0.0
6947,1264,-2.658203125,-2.5625,0.109375,1.0
6948,1265,-0.6142578125,-0.28125,-0.625,0.0
6949,1265,-1.1640625,-1.875,-1.21875,0.0
6950,1265,-0.54296875,0.0,-0.78125,1.0
6951,1265,-1.3408203125,-0.5625,0.125,1.0
6952,1265,-1.337890625,-1.25,-0.796875,0.0
6953,1265,-0.3623046875,-0.296875,-0.171875,1.0
6954,1265,0.0908203125,0.0,-0.71875,0.0
6955,1266,1.220703125,1.53125,0.296875,0.0
6956,1266,-1.3525390625,1.46875,1.09375,0.0
6957,1266,-1.677734375,0.078125,1.921875,0.0
6958,1266,-1.3798828125,-0.03125,0.640625,0.0
6959,1266,0.0693359375,0.359375,-0.859375,0.0
6960,1266,0.009765625,-0.265625,1.96875,0.0
6961,1266,0.0419921875,0.296875,0.75,0.0
6962,1266,-1.6943359375,-1.46875,-0.890625,1.0
6963,1267,-0.439453125,0.484375,1.171875,0.0
6964,1267,-0.953125,-1.84375,-0.375,1.0
6965,1267,0.517578125,0.171875,0.671875,0.0
6966,1268,-2.798828125,-1.90625,-0.75,0.0
6967,1268,-0.83203125,-0.34375,1.109375,0.0
6968,1268,-0.31640625,-0.265625,1.71875,1.0
6969,1268,-0.75,1.09375,-0.0625,0.0
6970,1269,-0.0654296875,-0.5,0.609375,0.0
6971,1269,-0.5029296875,-0.296875,1.109375,1.0
6972,1269,1.7421875,0.171875,-0.578125,1.0
6973,1269,0.7890625,0.75,1.171875,1.0
6974,1269,-0.2109375,0.390625,3.15625,1.0
6975,1270,0.46484375,0.328125,0.109375,1.0
6976,1270,0.9306640625,0.4375,-2.375,1.0
6977,1270,-0.7578125,-0.890625,-0.03125,0.0
6978,1270,-0.3251953125,0.015625,0.125,1.0
6979,1270,0.2412109375,-0.0625,0.53125,0.0
6980,1270,1.43359375,0.078125,-1.15625,1.0
6981,1271,-1.330078125,1.234375,3.203125,0.0
6982,1271,1.263671875,-0.21875,1.390625,1.0
6983,1271,1.439453125,0.46875,-0.1875,0.0
6984,1271,0.24609375,0.796875,2.3125,1.0
6985,1271,2.3466796875,0.546875,0.671875,1.0
6986,1271,-0.345703125,0.59375,1.0,0.0
6987,1271,-0.7568359375,0.640625,0.515625,0.0
6988,1272,1.6005859375,0.46875,-0.078125,1.0
6989,1272,0.76171875,1.734375,1.96875,1.0
6990,1272,-0.076171875,-2.0,0.109375,1.0
6991,1272,0.044921875,-1.359375,-0.359375,1.0
6992,1272,-2.181640625,-1.640625,0.53125,0.0
6993,1272,1.818359375,-0.59375,-1.453125,0.0
6994,1272,1.607421875,2.421875,-0.96875,0.0
6995,1272,0.9296875,-0.34375,-0.796875,1.0
6996,1273,-0.1982421875,0.234375,-0.546875,0.0
6997,1273,1.8974609375,1.578125,-1.25,1.0
6998,1273,-1.849609375,-2.4375,2.28125,1.0
6999,1274,0.927734375,0.4375,-0.59375,1.0
7000,1274,0.7890625,0.9375,-0.015625,0.0
7001,1274,1.9150390625,0.578125,-1.140625,1.0
7002,1274,0.1787109375,-1.59375,0.25,0.0
7003,1275,1.0244140625,0.140625,1.5625,1.0
7004,1275,0.30078125,-0.84375,-0.578125,0.0
7005,1275,0.6962890625,-0.671875,0.1875,1.0
7006,1275,1.220703125,0.984375,0.171875,1.0
7007,1275,1.6865234375,-0.4375,0.203125,0.0
7008,1276,-0.04296875,-0.609375,1.0625,1.0
7009,1276,3.18359375,0.46875,-0.921875,0.0
7010,1276,0.6611328125,-1.296875,0.5,1.0
7011,1276,-0.3837890625,-0.6875,0.96875,1.0
7012,1276,-0.232421875,1.265625,-0.265625,0.0
7013,1276,2.08203125,0.625,-0.8125,0.0
7014,1277,1.3515625,0.078125,-1.9375,1.0
7015,1277,0.8857421875,-0.0625,-0.859375,1.0
7016,1277,1.095703125,-0.46875,0.171875,1.0
7017,1277,1.5224609375,0.75,-1.34375,1.0
7018,1277,1.49609375,-0.71875,0.6875,0.0
7019,1277,-2.7939453125,-2.4375,0.984375,1.0
7020,1277,-0.8203125,1.125,1.6875,1.0
7021,1278,-1.4619140625,0.171875,1.34375,0.0
7022,1278,1.0849609375,0.421875,-1.15625,0.0
7023,1278,1.1474609375,-0.0625,0.171875,1.0
7024,1278,-1.861328125,0.53125,0.359375,0.0
7025,1278,-0.50390625,-0.65625,1.296875,1.0
7026,1278,-0.310546875,0.28125,1.109375,1.0
7027,1278,0.7265625,-0.0625,-1.171875,1.0
7028,1278,-0.4375,-0.21875,1.171875,0.0
7029,1279,-0.380859375,1.28125,-0.578125,0.0
7030,1279,-1.201171875,-0.515625,0.296875,0.0
7031,1279,-0.5009765625,0.578125,-0.359375,1.0
7032,1280,0.791015625,0.046875,-1.609375,1.0
7033,1280,1.1142578125,0.078125,-1.0,0.0
7034,1280,-1.34375,0.25,1.234375,0.0
7035,1280,-0.4033203125,-0.3125,0.28125,1.0
7036,1281,-0.9033203125,-2.40625,-1.140625,0.0
7037,1281,0.37890625,0.921875,0.484375,1.0
7038,1281,-0.8369140625,-0.515625,-0.59375,0.0
7039,1281,-1.8115234375,-0.578125,2.40625,0.0
7040,1281,0.03515625,-0.3125,-0.265625,1.0
7041,1282,0.9892578125,0.734375,1.21875,0.0
7042,1282,1.1025390625,1.8125,0.375,0.0
7043,1282,-0.4716796875,0.78125,-0.75,0.0
7044,1282,-0.830078125,-0.78125,0.09375,1.0
7045,1282,0.7568359375,0.15625,0.0,0.0
7046,1282,1.2421875,0.171875,0.09375,0.0
7047,1283,1.3310546875,-0.921875,-0.578125,1.0
7048,1283,-0.177734375,-1.96875,-0.265625,0.0
7049,1283,3.91015625,0.890625,-1.546875,1.0
7050,1283,1.5712890625,0.234375,-0.21875,0.0
7051,1283,-0.560546875,-0.5,0.71875,1.0
7052,1283,1.70703125,1.09375,-0.6875,0.0
7053,1283,1.6494140625,-0.765625,0.953125,1.0
7054,1284,0.36328125,0.703125,-1.28125,0.0
7055,1284,1.951171875,1.4375,1.640625,0.0
7056,1284,-1.818359375,-1.0,2.0625,0.0
7057,1284,0.564453125,0.984375,1.296875,0.0
7058,1284,0.9921875,0.078125,-0.046875,1.0
7059,1284,1.037109375,-1.421875,-0.015625,0.0
7060,1284,-1.111328125,-1.859375,0.09375,1.0
7061,1284,-0.8623046875,-0.203125,2.828125,1.0
7062,1285,-1.947265625,-0.078125,1.5,0.0
7063,1285,-0.64453125,-1.0625,0.140625,0.0
7064,1285,-0.177734375,1.296875,1.15625,1.0
7065,1286,2.3779296875,-0.34375,-1.296875,0.0
7066,1286,1.072265625,0.125,-0.234375,0.0
7067,1286,-0.650390625,0.453125,0.421875,1.0
7068,1286,0.771484375,0.5625,-0.578125,0.0
7069,1287,-0.6689453125,-1.0,-0.1875,0.0
7070,1287,0.5595703125,-0.609375,-1.53125,0.0
7071,1287,-2.5087890625,-1.15625,1.125,1.0
7072,1287,-2.791015625,-0.25,0.8125,1.0
7073,1287,0.6240234375,-0.671875,-1.65625,1.0
7074,1288,-0.11328125,1.265625,-0.421875,0.0
7075,1288,0.9716796875,-0.078125,-2.546875,1.0
7076,1288,-2.3466796875,-2.78125,-0.15625,1.0
7077,1288,1.181640625,-0.125,-1.46875,1.0
7078,1288,-1.177734375,-0.328125,0.3125,1.0
7079,1288,-0.1552734375,0.5625,-1.46875,0.0
7080,1289,-1.4208984375,-0.25,0.375,1.0
7081,1289,0.1767578125,-1.796875,-2.15625,1.0
7082,1289,-1.2509765625,0.703125,1.96875,1.0
7083,1289,1.267578125,0.09375,-1.734375,1.0
7084,1289,-0.84375,-2.015625,-0.796875,0.0
7085,1289,-1.3076171875,-0.28125,0.234375,0.0
7086,1289,-2.5078125,-2.21875,-1.28125,0.0
7087,1290,-0.3564453125,-0.703125,-1.078125,0.0
7088,1290,-0.958984375,-0.09375,0.171875,0.0
7089,1290,0.1923828125,-0.15625,-0.5625,1.0
7090,1290,1.146484375,1.703125,-1.609375,1.0
7091,1290,-2.1083984375,0.1875,-0.71875,0.0
7092,1290,-0.0869140625,1.15625,-1.40625,1.0
7093,1290,-1.8251953125,0.28125,-0.4375,0.0
7094,1290,-0.677734375,-0.25,1.0,0.0
7095,1291,-1.9169921875,-0.515625,2.1875,1.0
7096,1291,-0.080078125,0.703125,0.71875,0.0
7097,1291,-1.650390625,-0.296875,0.40625,1.0
7098,1292,3.6689453125,0.984375,-0.6875,0.0
7099,1292,1.9716796875,0.796875,-0.796875,0.0
7100,1292,-0.6728515625,-0.296875,-1.109375,0.0
7101,1292,-0.326171875,-0.109375,-1.5625,0.0
7102,1293,0.517578125,-0.59375,0.671875,0.0
7103,1293,-1.5908203125,-1.265625,0.828125,0.0
7104,1293,2.146484375,2.3125,0.875,0.0
7105,1293,-0.0576171875,0.390625,-0.984375,0.0
7106,1293,0.68359375,-1.484375,0.9375,1.0
7107,1294,0.4638671875,-0.4375,-0.71875,0.0
7108,1294,2.5078125,1.34375,-0.84375,0.0
7109,1294,0.818359375,0.5,-0.484375,1.0
7110,1294,0.2978515625,0.25,-1.46875,0.0
7111,1294,0.7734375,-0.40625,0.96875,1.0
7112,1294,0.78125,-0.21875,-1.359375,0.0
7113,1295,-1.12109375,-0.015625,1.609375,0.0
7114,1295,-1.6904296875,0.765625,-0.1875,1.0
7115,1295,0.3408203125,-0.15625,-1.5,0.0
7116,1295,1.24609375,0.625,0.171875,0.0
7117,1295,-0.3984375,0.3125,-0.765625,0.0
7118,1295,-0.39453125,-0.703125,-1.484375,0.0
7119,1295,-0.228515625,1.28125,-0.96875,0.0
7120,1296,1.38671875,0.609375,-0.328125,0.0
7121,1296,0.958984375,-0.765625,-2.046875,0.0
7122,1296,2.2431640625,0.1875,-1.3125,0.0
7123,1296,1.3671875,0.3125,1.203125,1.0
7124,1296,-0.08203125,0.265625,0.46875,0.0
7125,1296,-0.6796875,-0.625,-0.109375,1.0
7126,1296,-1.7880859375,-0.46875,1.140625,0.0
7127,1296,1.3388671875,1.03125,0.828125,0.0
7128,1297,-3.166015625,-1.5625,1.90625,1.0
7129,1297,0.0625,0.90625,0.109375,1.0
7130,1297,1.732421875,0.609375,0.953125,1.0
7131,1298,-2.1064453125,-2.671875,1.75,1.0
7132,1298,-2.5751953125,-0.640625,2.671875,0.0
7133,1298,0.41796875,-0.25,1.5,0.0
7134,1298,-0.1845703125,0.421875,0.859375,1.0
7135,1299,0.392578125,-0.515625,-0.765625,1.0
7136,1299,-3.890625,-2.125,-0.484375,0.0
7137,1299,-0.2021484375,1.078125,-0.09375,0.0
7138,1299,1.099609375,-0.5625,-1.6875,1.0
7139,1299,0.1591796875,-0.421875,-1.46875,0.0
7140,1300,-0.9111328125,-0.265625,-1.5625,0.0
7141,1300,2.79296875,0.65625,-0.8125,0.0
7142,1300,-0.8896484375,-1.453125,-0.078125,0.0
7143,1300,-1.650390625,-0.4375,1.015625,0.0
7144,1300,0.203125,-0.828125,-1.296875,1.0
7145,1300,0.5458984375,0.953125,-0.203125,0.0
7146,1301,-1.8564453125,-0.953125,0.453125,0.0
7147,1301,0.3701171875,0.515625,-0.140625,0.0
7148,1301,-2.3984375,-0.4375,-1.34375,0.0
7149,1301,-0.1455078125,0.46875,-0.28125,0.0
7150,1301,0.3857421875,-0.25,-1.03125,0.0
7151,1301,-1.0009765625,-0.359375,-0.21875,0.0
7152,1301,3.8447265625,2.78125,-0.9375,0.0
7153,1302,-1.9453125,-1.84375,-1.28125,0.0
7154,1302,0.3564453125,1.3125,0.34375,1.0
7155,1302,-1.1533203125,-1.03125,0.953125,0.0
7156,1302,2.0537109375,1.140625,-0.53125,1.0
7157,1302,0.0068359375,-0.03125,0.046875,1.0
7158,1302,-1.0390625,0.421875,-1.0,0.0
7159,1302,2.126953125,0.171875,-1.296875,1.0
7160,1302,-2.2421875,-0.609375,1.015625,0.0
7161,1303,-2.390625,-0.875,1.90625,0.0
7162,1303,-1.384765625,-0.234375,1.234375,0.0
7163,1303,2.6259765625,0.46875,0.71875,1.0
7164,1304,0.82421875,-0.703125,-1.859375,1.0
7165,1304,0.919921875,0.265625,1.234375,0.0
7166,1304,0.2236328125,-0.53125,0.28125,0.0
7167,1304,0.154296875,0.1875,-0.71875,0.0
7168,1305,1.3681640625,1.09375,-0.125,0.0
7169,1305,1.7880859375,-0.484375,0.671875,0.0
7170,1305,1.2509765625,1.0625,0.78125,1.0
7171,1305,2.37890625,1.921875,-0.296875,0.0
7172,1305,-0.5419921875,-0.90625,0.953125,0.0
7173,1306,1.138671875,0.3125,-1.828125,1.0
7174,1306,-2.1357421875,-0.140625,-1.734375,0.0
7175,1306,-0.1064453125,0.515625,-2.359375,0.0
7176,1306,-1.0322265625,-0.4375,0.21875,0.0
7177,1306,2.02734375,0.875,-1.0,1.0
7178,1306,-0.1240234375,0.5,0.734375,1.0
7179,1307,1.380859375,0.796875,-1.546875,1.0
7180,1307,-1.2314453125,0.609375,0.28125,1.0
7181,1307,-1.3056640625,-0.078125,1.046875,0.0
7182,1307,0.1298828125,0.921875,0.984375,0.0
7183,1307,1.4794921875,1.28125,-0.84375,0.0
7184,1307,-0.7763671875,0.53125,-0.609375,1.0
7185,1307,-2.849609375,-1.578125,-1.046875,1.0
7186,1308,2.69140625,-0.1875,0.078125,0.0
7187,1308,1.6025390625,0.203125,-1.359375,1.0
7188,1308,-2.19921875,0.78125,0.4375,1.0
7189,1308,1.5400390625,2.203125,0.25,0.0
7190,1308,1.65234375,1.703125,1.859375,0.0
7191,1308,0.22265625,0.5,0.75,0.0
7192,1308,0.447265625,-0.890625,-1.609375,1.0
7193,1308,0.5439453125,0.71875,-0.171875,1.0
7194,1309,-1.921875,-0.234375,0.015625,1.0
7195,1309,0.103515625,-0.625,-1.046875,1.0
7196,1309,0.1689453125,0.734375,-0.40625,0.0
7197,1310,0.072265625,-0.234375,1.734375,1.0
7198,1310,-0.8984375,-0.609375,-0.515625,0.0
7199,1310,-0.634765625,0.265625,-0.296875,0.0
7200,1310,-0.4130859375,0.21875,0.015625,1.0
7201,1311,0.5869140625,1.21875,-0.828125,0.0
7202,1311,-1.353515625,-0.046875,1.125,0.0
7203,1311,-1.4951171875,-0.59375,0.1875,1.0
7204,1311,0.9111328125,0.84375,-1.328125,0.0
7205,1311,-0.7451171875,0.828125,0.515625,0.0
7206,1312,1.501953125,0.765625,-1.046875,0.0
7207,1312,-0.5087890625,-0.671875,-0.109375,1.0
7208,1312,1.1005859375,0.265625,0.203125,1.0
7209,1312,1.4482421875,-0.21875,-1.046875,1.0
7210,1312,1.3642578125,0.3125,0.359375,0.0
7211,1312,0.248046875,0.046875,-1.046875,0.0
7212,1313,-0.0009765625,0.4375,0.8125,0.0
7213,1313,4.1796875,1.5625,-1.265625,0.0
7214,1313,1.53515625,-0.15625,-2.015625,1.0
7215,1313,2.4951171875,0.6875,1.234375,0.0
7216,1313,-1.673828125,-0.09375,1.609375,1.0
7217,1313,-0.32421875,-0.453125,-1.25,0.0
7218,1313,-0.1279296875,-0.8125,0.484375,0.0
7219,1314,1.20703125,0.71875,0.234375,0.0
7220,1314,1.4453125,0.25,-0.390625,0.0
7221,1314,0.3623046875,-0.1875,-0.84375,0.0
7222,1314,-1.6337890625,-1.46875,-0.296875,0.0
7223,1314,-0.96484375,0.125,0.046875,0.0
7224,1314,-2.12109375,-0.875,0.78125,0.0
7225,1314,0.6474609375,0.3125,0.03125,1.0
7226,1314,-1.2529296875,-1.0625,1.53125,1.0
7227,1315,-0.513671875,0.59375,0.53125,0.0
7228,1315,-2.2431640625,-0.59375,-0.28125,0.0
7229,1315,-1.736328125,1.15625,0.859375,0.0
7230,1316,-1.2001953125,-1.8125,-0.953125,1.0
7231,1316,0.0009765625,-0.5625,-1.484375,1.0
7232,1316,2.376953125,0.71875,-0.75,0.0
7233,1316,0.81640625,-0.90625,-0.625,1.0
7234,1317,2.1640625,1.578125,0.6875,1.0
7235,1317,-0.8017578125,-0.21875,-0.015625,0.0
7236,1317,1.45703125,0.9375,-0.671875,1.0
7237,1317,-1.9189453125,-0.46875,0.671875,0.0
7238,1317,1.4677734375,0.53125,0.25,0.0
7239,1318,-1.4013671875,-1.28125,0.515625,0.0
7240,1318,0.4443359375,0.203125,0.140625,0.0
7241,1318,2.2373046875,1.921875,1.109375,1.0
7242,1318,2.2880859375,1.015625,0.5,1.0
7243,1318,1.521484375,0.796875,-0.234375,0.0
7244,1318,-0.033203125,-0.4375,-0.328125,0.0
7245,1319,-0.017578125,-0.203125,-0.125,0.0
7246,1319,-1.060546875,-0.84375,0.9375,0.0
7247,1319,2.078125,1.203125,0.109375,0.0
7248,1319,-1.59765625,-0.640625,2.015625,0.0
7249,1319,1.5068359375,1.84375,-0.703125,0.0
7250,1319,1.83203125,0.484375,0.375,0.0
7251,1319,-1.48046875,-0.734375,-0.46875,0.0
7252,1320,1.802734375,1.453125,0.125,0.0
7253,1320,-0.205078125,1.140625,2.953125,0.0
7254,1320,-1.3779296875,1.359375,2.265625,1.0
7255,1320,1.2783203125,0.21875,-0.03125,1.0
7256,1320,-0.69140625,-0.90625,0.828125,1.0
7257,1320,-0.5712890625,-1.609375,0.734375,1.0
7258,1320,0.8017578125,0.265625,0.796875,1.0
7259,1320,0.4462890625,0.828125,-0.421875,0.0
7260,1321,1.623046875,-0.203125,-0.265625,1.0
7261,1321,1.15234375,-1.3125,-1.390625,1.0
7262,1321,0.376953125,1.046875,0.875,0.0
7263,1322,1.2099609375,1.78125,0.03125,0.0
7264,1322,-1.0810546875,-0.359375,-0.890625,0.0
7265,1322,0.994140625,1.296875,-1.34375,0.0
7266,1322,-2.0185546875,-0.6875,0.28125,1.0
7267,1323,0.6181640625,1.5,0.328125,1.0
7268,1323,-0.677734375,-0.8125,-0.171875,0.0
7269,1323,-1.5068359375,-1.734375,0.90625,1.0
7270,1323,-0.4599609375,-0.0625,-1.140625,0.0
7271,1323,1.6572265625,0.390625,0.4375,0.0
7272,1324,-0.2275390625,-0.03125,0.25,0.0
7273,1324,1.0947265625,0.90625,0.5,1.0
7274,1324,0.87890625,-0.03125,1.09375,0.0
7275,1324,-1.0859375,0.234375,0.875,0.0
7276,1324,0.5849609375,2.03125,1.4375,0.0
7277,1324,0.623046875,1.46875,0.515625,0.0
7278,1325,2.576171875,1.25,1.921875,0.0
7279,1325,2.1416015625,2.5,-0.234375,0.0
7280,1325,0.6953125,0.484375,-1.171875,0.0
7281,1325,-2.7783203125,-1.25,1.609375,0.0
7282,1325,-1.2314453125,-0.96875,0.46875,0.0
7283,1325,0.85546875,2.796875,0.296875,0.0
7284,1325,-1.009765625,0.390625,0.40625,0.0
7285,1326,0.951171875,-0.015625,-1.5,1.0
7286,1326,-0.0166015625,0.796875,-1.25,0.0
7287,1326,-0.6728515625,-0.03125,-1.046875,0.0
7288,1326,-2.7138671875,0.078125,0.0625,0.0
7289,1326,-1.3681640625,-0.28125,0.203125,0.0
7290,1326,-2.537109375,-0.109375,1.0625,1.0
7291,1326,-1.35546875,1.0625,1.078125,0.0
7292,1326,-1.796875,0.109375,-0.125,1.0
7293,1327,1.0263671875,1.3125,-0.296875,0.0
7294,1327,0.451171875,-0.375,0.328125,0.0
7295,1327,-0.498046875,-0.390625,-0.453125,1.0
7296,1328,-0.4892578125,0.15625,0.1875,1.0
7297,1328,-2.16015625,-0.78125,0.484375,0.0
7298,1328,-0.8134765625,-0.171875,-0.0625,0.0
7299,1328,-1.1708984375,-0.46875,-1.90625,1.0
7300,1329,-0.341796875,0.15625,1.265625,0.0
7301,1329,-0.23828125,-1.8125,0.359375,0.0
7302,1329,-1.5380859375,-0.625,2.03125,0.0
7303,1329,-0.25390625,-1.046875,0.6875,1.0
7304,1329,-2.1337890625,-1.0625,0.09375,0.0
7305,1330,1.1640625,-0.5625,1.890625,1.0
7306,1330,0.119140625,-0.015625,0.0,1.0
7307,1330,-0.357421875,0.34375,-1.078125,0.0
7308,1330,0.78515625,0.5,-1.953125,0.0
7309,1330,0.9462890625,-0.125,0.375,1.0
7310,1330,0.2294921875,-0.859375,-0.6875,0.0
7311,1331,1.712890625,1.359375,-1.03125,1.0
7312,1331,-0.90625,-0.484375,0.375,0.0
7313,1331,-0.966796875,-0.96875,-0.921875,0.0
7314,1331,-2.2802734375,-0.640625,1.3125,0.0
7315,1331,1.67578125,0.171875,0.359375,1.0
7316,1331,-0.5771484375,0.65625,1.515625,1.0
7317,1331,0.892578125,1.234375,-3.09375,1.0
7318,1332,-1.3681640625,-0.765625,-0.03125,0.0
7319,1332,-0.30078125,-1.5,-0.84375,1.0
7320,1332,-0.3212890625,1.015625,1.21875,0.0
7321,1332,-3.3271484375,-0.453125,0.640625,0.0
7322,1332,-1.0087890625,-0.640625,-0.171875,0.0
7323,1332,-1.6650390625,-0.375,1.28125,0.0
7324,1332,-0.0888671875,1.875,-0.015625,1.0
7325,1332,-1.875,-0.6875,0.921875,1.0
7326,1333,0.7216796875,0.328125,0.0,1.0
7327,1333,0.4296875,1.328125,0.171875,0.0
7328,1333,0.634765625,-0.28125,0.40625,0.0
7329,1334,0.416015625,0.328125,-2.65625,1.0
7330,1334,1.4609375,-1.265625,-1.328125,0.0
7331,1334,-0.7548828125,-0.09375,-0.765625,0.0
7332,1334,-0.23046875,-0.09375,0.15625,1.0
7333,1335,-2.1796875,-0.71875,0.3125,0.0
7334,1335,0.27734375,-0.328125,-2.359375,0.0
7335,1335,0.494140625,0.953125,-0.671875,0.0
7336,1335,0.0185546875,1.390625,1.59375,0.0
7337,1335,1.095703125,-0.796875,-1.109375,1.0
7338,1336,-0.2041015625,0.90625,0.421875,1.0
7339,1336,-3.71484375,-2.078125,0.09375,1.0
7340,1336,-0.583984375,0.8125,-1.109375,0.0
7341,1336,-1.1201171875,0.0,0.15625,1.0
7342,1336,2.2080078125,0.671875,-0.359375,0.0
7343,1336,0.068359375,1.40625,0.453125,0.0
7344,1337,-0.494140625,-0.921875,1.546875,0.0
7345,1337,1.421875,-0.3125,-0.1875,0.0
7346,1337,0.4814453125,0.84375,0.984375,1.0
7347,1337,-1.544921875,-0.296875,0.8125,0.0
7348,1337,-0.59765625,0.59375,-0.03125,0.0
7349,1337,-1.763671875,-1.375,-0.078125,1.0
7350,1337,-0.509765625,-1.109375,0.59375,1.0
7351,1338,-0.3046875,-0.796875,1.125,1.0
7352,1338,1.0986328125,-0.375,-0.203125,0.0
7353,1338,-0.7353515625,1.265625,2.140625,0.0
7354,1338,-0.0087890625,0.25,0.078125,0.0
7355,1338,-0.0986328125,-0.484375,-0.46875,0.0
7356,1338,0.80859375,0.28125,0.71875,0.0
7357,1338,-0.087890625,0.09375,1.59375,0.0
7358,1338,0.111328125,-0.53125,-0.171875,0.0
7359,1339,2.0341796875,-0.265625,0.296875,1.0
7360,1339,1.255859375,2.0625,2.734375,0.0
7361,1339,-0.0615234375,0.609375,0.640625,0.0
7362,1340,0.7333984375,1.1875,-0.234375,0.0
7363,1340,-0.1552734375,-0.578125,0.78125,1.0
7364,1340,0.3916015625,-0.359375,-1.40625,0.0
7365,1340,-1.076171875,0.4375,-0.140625,0.0
7366,1341,-0.2578125,0.171875,-0.140625,0.0
7367,1341,1.060546875,0.625,-1.234375,0.0
7368,1341,2.60546875,0.546875,-0.703125,0.0
7369,1341,-1.0966796875,0.078125,-0.96875,0.0
7370,1341,-1.2294921875,1.125,0.484375,0.0
7371,1342,0.8896484375,-1.640625,0.828125,1.0
7372,1342,0.392578125,0.859375,-0.328125,1.0
7373,1342,1.28515625,0.421875,0.703125,1.0
7374,1342,1.7265625,1.796875,-0.453125,0.0
7375,1342,1.240234375,0.140625,-3.0625,1.0
7376,1342,1.2060546875,-0.203125,-0.1875,1.0
7377,1343,-0.185546875,0.90625,0.875,0.0
7378,1343,1.0625,-1.171875,0.171875,0.0
7379,1343,1.728515625,1.484375,1.09375,0.0
7380,1343,0.8896484375,-0.28125,0.734375,0.0
7381,1343,-0.1240234375,-0.28125,0.953125,0.0
7382,1343,-0.451171875,0.3125,1.65625,0.0
7383,1343,1.8994140625,0.796875,-1.640625,0.0
7384,1344,0.4677734375,-0.734375,0.65625,0.0
7385,1344,3.4794921875,0.9375,-0.765625,0.0
7386,1344,-0.3173828125,0.703125,-0.71875,0.0
7387,1344,0.43359375,1.125,0.359375,0.0
7388,1344,-4.47265625,-2.46875,1.875,0.0
7389,1344,-0.5048828125,0.34375,-0.546875,0.0
7390,1344,1.15625,0.25,1.28125,1.0
7391,1344,0.5869140625,-0.671875,0.953125,0.0
7392,1345,3.3759765625,1.640625,-0.890625,0.0
7393,1345,-2.3408203125,-1.15625,0.078125,0.0
7394,1345,2.3740234375,0.34375,-1.546875,0.0
7395,1346,0.09765625,0.375,1.078125,0.0
7396,1346,-3.30078125,-1.046875,0.625,0.0
7397,1346,0.05859375,0.390625,0.8125,1.0
7398,1346,-0.25,0.40625,0.15625,0.0
7399,1347,3.1845703125,2.578125,0.40625,1.0
7400,1347,0.185546875,0.34375,0.578125,0.0
7401,1347,0.0869140625,-0.828125,0.109375,0.0
7402,1347,2.6337890625,0.53125,0.53125,1.0
7403,1347,0.615234375,1.09375,1.34375,0.0
7404,1348,1.2275390625,0.78125,0.359375,0.0
7405,1348,2.21484375,1.59375,-1.625,1.0
7406,1348,2.30078125,0.703125,-1.890625,0.0
7407,1348,0.9248046875,-1.546875,-1.203125,0.0
7408,1348,1.4599609375,1.5625,0.65625,0.0
7409,1348,1.4638671875,1.9375,-0.40625,0.0
7410,1349,-3.0537109375,-1.5625,-0.4375,0.0
7411,1349,-2.19921875,-1.078125,-0.953125,1.0
7412,1349,-0.822265625,-1.015625,-1.46875,1.0
7413,1349,-0.8134765625,-0.671875,0.546875,0.0
7414,1349,-1.9951171875,-0.171875,-1.609375,0.0
7415,1349,-1.9609375,-0.859375,0.84375,0.0
7416,1349,-0.5966796875,1.140625,-0.125,0.0
7417,1350,-0.3701171875,0.859375,-0.515625,0.0
7418,1350,-1.3251953125,-0.34375,-0.796875,0.0
7419,1350,0.123046875,-0.1875,-0.40625,0.0
7420,1350,0.990234375,0.03125,-0.546875,1.0
7421,1350,2.8212890625,1.03125,-0.953125,1.0
7422,1350,0.7080078125,-0.0625,1.15625,1.0
7423,1350,-1.6865234375,-1.890625,-0.0625,0.0
7424,1350,1.1904296875,-0.1875,0.84375,1.0
7425,1351,0.52734375,-0.09375,-0.28125,1.0
7426,1351,-0.814453125,-0.390625,0.0625,1.0
7427,1351,1.96875,-1.328125,-0.5,0.0
7428,1352,0.416015625,0.640625,-1.078125,0.0
7429,1352,0.482421875,-0.328125,-1.625,0.0
7430,1352,0.642578125,1.4375,-2.140625,1.0
7431,1352,-0.185546875,0.3125,-1.84375,0.0
7432,1353,1.3603515625,-0.890625,-0.671875,1.0
7433,1353,2.4169921875,0.578125,-0.109375,1.0
7434,1353,0.837890625,1.5625,0.640625,0.0
7435,1353,-0.890625,-0.9375,0.71875,0.0
7436,1353,3.2294921875,1.640625,-2.28125,1.0
7437,1354,-0.421875,0.046875,-0.296875,1.0
7438,1354,-3.2138671875,0.203125,0.84375,0.0
7439,1354,-0.5859375,-0.578125,-1.796875,0.0
7440,1354,0.51171875,-0.59375,0.28125,0.0
7441,1354,2.01171875,0.5,-0.296875,0.0
7442,1354,-0.2001953125,0.359375,-1.140625,0.0
7443,1355,0.5791015625,0.484375,-0.265625,1.0
7444,1355,0.2275390625,0.25,0.453125,1.0
7445,1355,-0.2958984375,0.046875,1.34375,1.0
7446,1355,0.0927734375,-0.40625,-1.765625,0.0
7447,1355,-0.9814453125,-0.09375,0.71875,0.0
7448,1355,0.072265625,-0.046875,-0.46875,0.0
7449,1355,-0.91015625,-1.453125,-0.703125,1.0
7450,1356,-0.8427734375,-1.015625,0.28125,0.0
7451,1356,1.296875,1.984375,-0.015625,1.0
7452,1356,-1.8994140625,-0.25,-0.03125,0.0
7453,1356,-1.302734375,-1.140625,-1.296875,0.0
7454,1356,1.6435546875,0.375,1.453125,0.0
7455,1356,-0.0712890625,0.78125,0.40625,0.0
7456,1356,-0.4443359375,-0.59375,-0.890625,0.0
7457,1356,0.8212890625,-0.03125,-0.828125,0.0
7458,1357,0.5712890625,-0.34375,0.09375,0.0
7459,1357,-4.0078125,-0.40625,0.359375,1.0
7460,1357,-1.0546875,-0.671875,1.71875,0.0
7461,1358,1.373046875,0.40625,0.71875,0.0
7462,1358,-1.38671875,-0.875,0.28125,1.0
7463,1358,0.6591796875,1.609375,1.796875,1.0
7464,1358,-0.8203125,-1.71875,-1.078125,0.0
7465,1359,1.2265625,0.78125,-0.21875,0.0
7466,1359,-0.2041015625,0.328125,0.515625,1.0
7467,1359,1.9658203125,0.609375,-1.15625,1.0
7468,1359,0.1953125,-0.59375,0.390625,0.0
7469,1359,0.4970703125,1.46875,2.046875,0.0
7470,1360,1.064453125,0.671875,-0.015625,1.0
7471,1360,-0.5634765625,-0.515625,1.234375,1.0
7472,1360,-2.5087890625,-1.609375,1.0625,1.0
7473,1360,-0.947265625,-1.09375,-0.28125,0.0
7474,1360,2.796875,-0.1875,0.59375,1.0
7475,1360,0.662109375,1.015625,-1.8125,1.0
7476,1361,0.2958984375,0.984375,0.0625,1.0
7477,1361,-0.7177734375,-1.203125,-1.109375,1.0
7478,1361,-2.2841796875,-0.875,-0.8125,0.0
7479,1361,-2.3154296875,-0.140625,0.765625,1.0
7480,1361,-0.1396484375,0.640625,-1.5,0.0
7481,1361,1.515625,0.390625,-0.296875,0.0
7482,1361,-0.3310546875,0.40625,0.671875,0.0
7483,1362,0.5380859375,-1.28125,-0.484375,0.0
7484,1362,1.6865234375,0.5625,-0.59375,0.0
7485,1362,-0.2578125,-0.484375,0.421875,1.0
7486,1362,1.14453125,-0.265625,0.078125,0.0
7487,1362,0.0205078125,0.828125,1.34375,0.0
7488,1362,-1.626953125,-2.15625,-0.59375,1.0
7489,1362,-1.1416015625,-0.9375,0.84375,0.0
7490,1362,1.2392578125,0.1875,-0.828125,0.0
7491,1363,1.650390625,1.578125,-1.0625,1.0
7492,1363,0.6845703125,0.3125,1.21875,1.0
7493,1363,0.7861328125,0.140625,0.625,0.0
7494,1364,2.2490234375,0.03125,-1.375,0.0
7495,1364,-2.7412109375,-1.328125,-0.046875,0.0
7496,1364,-1.8251953125,-0.84375,0.015625,0.0
7497,1364,0.4658203125,0.765625,1.1875,1.0
7498,1365,-2.4775390625,-0.515625,1.3125,0.0
7499,1365,-0.2216796875,0.28125,-0.046875,0.0
7500,1365,-1.6728515625,-0.953125,-0.359375,1.0
7501,1365,-0.5859375,0.90625,1.1875,0.0
7502,1365,-0.3447265625,0.40625,-0.78125,0.0
7503,1366,-2.158203125,-2.515625,1.515625,0.0
7504,1366,0.2734375,0.53125,0.84375,0.0
7505,1366,-1.6708984375,0.5625,2.078125,0.0
7506,1366,0.8291015625,-0.421875,-0.484375,0.0
7507,1366,0.5185546875,0.265625,0.453125,0.0
7508,1366,0.4169921875,2.0625,0.15625,0.0
7509,1367,0.45703125,0.0,0.125,0.0
7510,1367,1.3515625,0.0625,-1.53125,0.0
7511,1367,-0.341796875,0.34375,-0.84375,0.0
7512,1367,0.5478515625,-0.40625,-2.453125,0.0
7513,1367,3.2724609375,1.1875,1.1875,1.0
7514,1367,1.3857421875,-1.171875,-0.421875,1.0
7515,1367,-0.837890625,0.203125,0.90625,0.0
7516,1368,-0.33984375,-0.921875,-0.359375,0.0
7517,1368,-0.64453125,0.375,-1.46875,0.0
7518,1368,-1.8544921875,-0.375,0.28125,0.0
7519,1368,1.552734375,0.34375,-0.78125,0.0
7520,1368,-0.6201171875,-0.171875,-0.046875,0.0
7521,1368,-1.0537109375,-1.03125,-0.5625,1.0
7522,1368,-0.4677734375,-0.15625,1.09375,1.0
7523,1368,-0.3193359375,1.203125,0.34375,0.0
7524,1369,-0.7041015625,0.671875,-0.078125,0.0
7525,1369,-1.3564453125,-0.09375,1.078125,0.0
7526,1369,-1.0458984375,-0.625,-0.5625,0.0
7527,1370,-1.322265625,-0.765625,-0.109375,0.0
7528,1370,0.3525390625,0.015625,-0.890625,0.0
7529,1370,0.759765625,-0.03125,-0.75,0.0
7530,1370,2.1669921875,1.234375,-0.4375,1.0
7531,1371,-2.1416015625,0.359375,0.765625,0.0
7532,1371,-0.75,-1.203125,-0.859375,0.0
7533,1371,-3.5439453125,-0.109375,0.84375,0.0
7534,1371,1.0615234375,0.171875,-1.484375,0.0
7535,1371,-1.806640625,-0.6875,-0.734375,0.0
7536,1372,3.23828125,1.328125,0.3125,0.0
7537,1372,-1.896484375,-0.765625,0.25,0.0
7538,1372,0.1025390625,0.03125,0.578125,1.0
7539,1372,-1.017578125,-1.234375,-0.9375,1.0
7540,1372,-0.0625,-0.390625,-1.21875,0.0
7541,1372,0.431640625,0.25,0.21875,0.0
7542,1373,3.0615234375,2.390625,-1.25,0.0
7543,1373,1.2763671875,0.125,-1.015625,0.0
7544,1373,-0.1875,-0.234375,0.265625,1.0
7545,1373,-0.208984375,0.078125,-0.796875,0.0
7546,1373,1.794921875,0.765625,-0.203125,1.0
7547,1373,-1.69921875,0.96875,1.578125,0.0
7548,1373,-2.7568359375,-0.71875,-0.015625,1.0
7549,1374,-0.380859375,0.359375,0.203125,1.0
7550,1374,1.4306640625,1.265625,-0.5625,1.0
7551,1374,-0.060546875,-0.421875,0.0625,1.0
7552,1374,1.5087890625,2.046875,-1.59375,1.0
7553,1374,0.3203125,-0.421875,-1.96875,0.0
7554,1374,-2.224609375,-1.859375,1.046875,1.0
7555,1374,1.51953125,1.609375,-0.640625,0.0
7556,1374,-2.4560546875,-2.453125,-0.34375,1.0
7557,1375,1.017578125,0.03125,-0.453125,0.0
7558,1375,-0.4619140625,1.21875,0.375,0.0
7559,1375,-0.80078125,-1.1875,0.875,1.0
7560,1376,-1.025390625,-1.28125,0.28125,0.0
7561,1376,-0.9521484375,1.546875,2.03125,0.0
7562,1376,0.2373046875,1.0625,1.171875,0.0
7563,1376,-1.5107421875,0.828125,2.53125,1.0
7564,1377,0.8046875,-0.578125,0.671875,0.0
7565,1377,0.9609375,-0.921875,0.125,1.0
7566,1377,-2.24609375,-0.375,1.71875,0.0
7567,1377,-0.6044921875,-2.59375,-0.15625,1.0
7568,1377,0.2724609375,0.28125,0.09375,0.0
7569,1378,1.1748046875,0.96875,0.296875,0.0
7570,1378,-1.126953125,-0.078125,1.65625,0.0
7571,1378,0.6435546875,1.015625,0.34375,0.0
7572,1378,-1.921875,-1.328125,0.40625,0.0
7573,1378,2.5478515625,1.5625,-0.96875,0.0
7574,1378,-1.744140625,-1.125,0.5625,0.0
7575,1379,0.35546875,1.328125,0.703125,0.0
7576,1379,-2.4833984375,-0.328125,2.515625,0.0
7577,1379,2.1845703125,1.859375,0.53125,0.0
7578,1379,1.26171875,1.46875,-0.8125,0.0
7579,1379,-0.4423828125,0.34375,1.359375,1.0
7580,1379,0.6357421875,0.671875,0.328125,0.0
7581,1379,-0.7587890625,-0.234375,1.34375,0.0
7582,1380,-0.3837890625,-1.390625,0.125,1.0
7583,1380,-1.90625,-0.609375,0.34375,1.0
7584,1380,-0.33984375,1.71875,-0.1875,1.0
7585,1380,2.71875,1.671875,-1.03125,0.0
7586,1380,1.8505859375,0.5625,-1.34375,0.0
7587,1380,0.9716796875,0.359375,-1.46875,1.0
7588,1380,0.0302734375,-0.015625,0.671875,0.0
7589,1380,-1.9658203125,0.9375,0.625,0.0
7590,1381,0.4560546875,0.640625,-0.0625,0.0
7591,1381,1.3046875,1.265625,0.046875,0.0
7592,1381,3.9501953125,1.375,-2.734375,0.0
7593,1382,1.04296875,0.765625,2.40625,1.0
7594,1382,3.587890625,0.296875,-0.484375,1.0
7595,1382,-0.35546875,-0.796875,1.421875,0.0
7596,1382,0.4775390625,-0.046875,0.859375,0.0
7597,1383,0.8515625,-0.015625,-0.3125,0.0
7598,1383,1.4873046875,-0.421875,-0.09375,0.0
7599,1383,1.421875,0.0,0.328125,1.0
7600,1383,2.2607421875,0.546875,1.25,1.0
7601,1383,1.40625,1.359375,-0.171875,1.0
7602,1384,-0.24609375,-0.75,-1.25,0.0
7603,1384,-1.037109375,0.796875,-0.28125,0.0
7604,1384,1.494140625,2.171875,1.578125,0.0
7605,1384,-0.486328125,0.546875,1.78125,1.0
7606,1384,0.6494140625,-0.03125,-0.6875,1.0
7607,1384,-2.7509765625,-1.359375,2.359375,1.0
7608,1385,-1.75,-0.078125,-0.53125,1.0
7609,1385,0.9716796875,0.84375,0.34375,0.0
7610,1385,0.06640625,-1.09375,-1.0,0.0
7611,1385,-0.87890625,-0.640625,-0.875,1.0
7612,1385,-0.228515625,1.109375,0.640625,1.0
7613,1385,1.0234375,-0.59375,-0.5,0.0
7614,1385,-0.3681640625,0.09375,1.21875,1.0
7615,1386,-0.8525390625,0.109375,0.703125,1.0
7616,1386,1.4462890625,-0.0625,-1.796875,0.0
7617,1386,-1.8935546875,-0.203125,0.984375,0.0
7618,1386,-2.6962890625,-1.40625,-0.296875,0.0
7619,1386,2.724609375,2.0625,-2.1875,1.0
7620,1386,1.5791015625,0.40625,0.125,0.0
7621,1386,1.8125,-0.140625,-0.328125,1.0
7622,1386,2.3955078125,1.5625,0.921875,1.0
7623,1387,-2.2890625,-1.0,-0.34375,0.0
7624,1387,-2.009765625,-1.53125,0.375,0.0
7625,1387,1.8037109375,0.453125,-0.84375,0.0
7626,1388,0.40234375,-0.671875,0.1875,0.0
7627,1388,0.080078125,-0.203125,0.546875,1.0
7628,1388,-0.228515625,0.1875,0.015625,0.0
7629,1388,1.025390625,-0.328125,-0.40625,1.0
7630,1389,0.01171875,0.4375,-0.796875,0.0
7631,1389,0.544921875,-0.359375,1.3125,1.0
7632,1389,1.26171875,0.1875,-1.9375,0.0
7633,1389,0.375,-0.859375,-1.9375,0.0
7634,1389,1.390625,-0.015625,-1.828125,0.0
7635,1390,1.962890625,1.28125,1.484375,1.0
7636,1390,3.2265625,1.796875,0.53125,1.0
7637,1390,1.345703125,0.5,0.5,1.0
7638,1390,-0.69140625,-1.40625,-0.75,0.0
7639,1390,-0.1103515625,-1.0625,0.484375,1.0
7640,1390,-0.908203125,-0.78125,1.609375,0.0
7641,1391,0.8515625,-0.953125,0.109375,1.0
7642,1391,-1.947265625,-1.96875,1.6875,0.0
7643,1391,1.4033203125,0.515625,-1.09375,0.0
7644,1391,3.572265625,0.796875,-0.953125,0.0
7645,1391,-0.5263671875,0.5625,-0.765625,0.0
7646,1391,1.1962890625,0.796875,-0.09375,0.0
7647,1391,0.53515625,1.421875,0.4375,0.0
7648,1392,0.4033203125,0.640625,0.171875,1.0
7649,1392,3.494140625,2.296875,-0.96875,0.0
7650,1392,-0.2880859375,0.5625,0.71875,0.0
7651,1392,0.1728515625,0.984375,-0.609375,1.0
7652,1392,1.404296875,1.640625,1.015625,1.0
7653,1392,0.9599609375,-0.484375,0.5,1.0
7654,1392,1.6474609375,2.59375,0.84375,0.0
7655,1392,1.166015625,0.40625,-0.375,0.0
7656,1393,-2.7880859375,-0.546875,-0.171875,0.0
7657,1393,1.0400390625,-0.265625,-0.546875,1.0
7658,1393,0.1318359375,0.59375,1.140625,0.0
7659,1394,0.0146484375,-0.171875,-0.234375,1.0
7660,1394,-3.3203125,-2.859375,0.234375,0.0
7661,1394,2.173828125,2.1875,-0.65625,1.0
7662,1394,-1.787109375,-1.0625,1.734375,0.0
7663,1395,-0.9765625,0.609375,-0.203125,1.0
7664,1395,1.296875,0.046875,-1.59375,1.0
7665,1395,-2.4892578125,-1.1875,1.359375,1.0
7666,1395,1.4765625,0.796875,-0.203125,0.0
7667,1395,-1.65625,-1.71875,0.03125,0.0
7668,1396,-0.5888671875,-1.265625,0.078125,0.0
7669,1396,-0.4140625,-0.859375,0.140625,1.0
7670,1396,0.23046875,0.015625,0.40625,0.0
7671,1396,0.1416015625,1.296875,1.6875,0.0
7672,1396,-0.6923828125,-0.484375,1.390625,1.0
7673,1396,1.845703125,-0.265625,-0.21875,1.0
7674,1397,0.7021484375,1.078125,-0.359375,0.0
7675,1397,0.212890625,0.4375,0.421875,0.0
7676,1397,-1.759765625,-0.078125,1.140625,0.0
7677,1397,-2.6142578125,-1.53125,-0.3125,1.0
7678,1397,3.060546875,2.578125,-0.84375,0.0
7679,1397,-2.23828125,-2.1875,-0.1875,0.0
7680,1397,2.3134765625,0.140625,-0.421875,1.0
7681,1398,1.3154296875,0.71875,-0.96875,0.0
7682,1398,-0.1318359375,-0.25,1.484375,0.0
7683,1398,1.2744140625,0.46875,0.171875,0.0
7684,1398,2.232421875,0.546875,-0.265625,1.0
7685,1398,1.4716796875,1.6875,1.53125,1.0
7686,1398,-1.7431640625,-0.375,0.46875,0.0
7687,1398,-0.333984375,-0.0625,-0.03125,0.0
7688,1398,1.2216796875,1.015625,0.796875,0.0
7689,1399,-0.97265625,0.0625,0.71875,0.0
7690,1399,-0.255859375,-0.625,-0.9375,0.0
7691,1399,-2.314453125,-0.859375,0.875,0.0
7692,1400,-1.3505859375,0.96875,0.21875,1.0
7693,1400,-0.4111328125,-1.25,0.203125,0.0
7694,1400,1.6611328125,1.8125,0.25,1.0
7695,1400,0.552734375,0.6875,1.03125,0.0
7696,1401,-2.6201171875,-0.9375,-1.46875,1.0
7697,1401,-1.0556640625,-1.546875,-0.78125,1.0
7698,1401,2.4697265625,0.3125,-0.53125,1.0
7699,1401,0.2041015625,-0.296875,-1.1875,1.0
7700,1401,-0.9892578125,-1.5,-2.265625,1.0
7701,1402,1.2021484375,1.484375,-0.03125,1.0
7702,1402,1.369140625,0.109375,-0.109375,0.0
7703,1402,2.2666015625,2.109375,0.671875,0.0
7704,1402,-0.1171875,-0.890625,0.59375,1.0
7705,1402,0.96875,-0.640625,-0.09375,0.0
7706,1402,1.740234375,1.40625,0.34375,0.0
7707,1403,1.630859375,-0.125,-0.015625,0.0
7708,1403,0.9091796875,0.546875,-0.203125,0.0
7709,1403,1.5771484375,1.359375,-0.015625,0.0
7710,1403,1.005859375,-0.21875,0.671875,0.0
7711,1403,2.6689453125,1.140625,-0.640625,0.0
7712,1403,1.79296875,0.046875,-0.625,0.0
7713,1403,1.7451171875,-0.71875,-0.71875,1.0
7714,1404,0.3408203125,0.578125,0.015625,0.0
7715,1404,0.0498046875,-0.296875,0.3125,1.0
7716,1404,-0.2275390625,0.984375,-0.1875,0.0
7717,1404,-0.7421875,-1.71875,0.90625,0.0
7718,1404,0.0107421875,0.71875,0.328125,0.0
7719,1404,0.8564453125,1.265625,-1.546875,0.0
7720,1404,0.541015625,-1.15625,0.015625,0.0
7721,1404,-0.3779296875,-0.03125,0.984375,0.0
7722,1405,2.435546875,0.21875,-1.796875,0.0
7723,1405,-0.443359375,-1.234375,0.34375,1.0
7724,1405,1.6240234375,1.734375,-1.015625,0.0
7725,1406,-1.7451171875,-1.765625,-1.703125,0.0
7726,1406,-1.6708984375,0.53125,-1.703125,0.0
7727,1406,-2.9248046875,-2.5625,0.796875,1.0
7728,1406,-2.404296875,0.03125,1.421875,1.0
7729,1407,1.7060546875,0.796875,-0.421875,1.0
7730,1407,-0.3662109375,-0.0625,0.515625,1.0
7731,1407,-0.1103515625,-1.5625,0.03125,0.0
7732,1407,1.611328125,1.359375,-1.140625,1.0
7733,1407,-0.4560546875,0.15625,1.3125,1.0
7734,1408,-0.693359375,0.765625,2.265625,0.0
7735,1408,0.7265625,-0.109375,-2.078125,0.0
7736,1408,-0.6474609375,-0.65625,-0.015625,1.0
7737,1408,0.0322265625,0.421875,-0.625,0.0
7738,1408,1.3701171875,-0.6875,0.09375,0.0
7739,1408,2.0947265625,0.21875,-2.15625,0.0
7740,1409,-1.4140625,-0.4375,1.359375,0.0
7741,1409,0.7236328125,-0.609375,-0.15625,0.0
7742,1409,1.0126953125,-0.765625,0.375,0.0
7743,1409,1.087890625,0.90625,0.53125,0.0
7744,1409,-0.85546875,-1.875,0.65625,0.0
7745,1409,1.025390625,-1.109375,-0.8125,1.0
7746,1409,-0.3818359375,-0.265625,1.234375,1.0
7747,1410,1.390625,0.296875,0.625,1.0
7748,1410,1.0078125,0.53125,0.921875,0.0
7749,1410,1.2666015625,1.5625,1.078125,0.0
7750,1410,2.2001953125,0.265625,1.421875,0.0
7751,1410,3.9853515625,0.828125,0.140625,1.0
7752,1410,2.388671875,1.15625,-0.546875,0.0
7753,1410,1.9248046875,0.703125,1.078125,0.0
7754,1410,2.6005859375,0.84375,-0.15625,0.0
7755,1411,1.2158203125,-0.640625,-0.59375,0.0
7756,1411,3.208984375,0.0625,-2.0625,1.0
7757,1411,-0.3125,-0.296875,-0.875,0.0
7758,1412,-2.2626953125,-1.015625,1.328125,0.0
7759,1412,2.412109375,1.6875,0.359375,0.0
7760,1412,-0.9228515625,-0.890625,0.4375,0.0
7761,1412,-0.337890625,0.8125,-0.8125,0.0
7762,1413,2.40625,2.46875,0.3125,1.0
7763,1413,0.529296875,1.046875,0.4375,0.0
7764,1413,1.2900390625,0.921875,-1.78125,0.0
7765,1413,0.240234375,0.296875,0.109375,0.0
7766,1413,0.58984375,0.265625,1.0625,0.0
7767,1414,1.1630859375,1.625,-0.609375,0.0
7768,1414,-3.15625,-0.28125,0.90625,1.0
7769,1414,-1.9248046875,-0.328125,0.0,0.0
7770,1414,-0.24609375,0.265625,0.484375,0.0
7771,1414,0.125,0.171875,1.296875,1.0
7772,1414,1.7724609375,1.9375,0.6875,0.0
7773,1415,-0.4248046875,-1.21875,-0.3125,0.0
7774,1415,2.2744140625,0.390625,-0.625,0.0
7775,1415,-1.107421875,-1.25,-0.46875,0.0
7776,1415,1.3818359375,-0.5,-0.5,0.0
7777,1415,1.1494140625,0.359375,0.5,1.0
7778,1415,0.853515625,1.515625,-0.59375,1.0
7779,1415,-0.4423828125,-1.1875,1.203125,0.0
7780,1416,1.7685546875,0.203125,-1.25,0.0
7781,1416,-0.0634765625,0.296875,0.21875,1.0
7782,1416,-0.3828125,-0.140625,-0.203125,0.0
7783,1416,1.1328125,1.625,-0.3125,1.0
7784,1416,3.8642578125,1.265625,-0.828125,0.0
7785,1416,-0.4716796875,1.265625,1.265625,0.0
7786,1416,-1.0537109375,0.546875,1.953125,0.0
7787,1416,0.0634765625,0.28125,1.3125,0.0
7788,1417,1.7919921875,0.578125,-0.59375,1.0
7789,1417,1.173828125,0.171875,0.875,0.0
7790,1417,2.4462890625,0.6875,-0.8125,0.0
7791,1418,1.431640625,0.140625,-1.78125,0.0
7792,1418,1.3046875,1.671875,-0.921875,0.0
7793,1418,0.685546875,0.796875,1.125,0.0
7794,1418,0.2939453125,-1.0,0.640625,0.0
7795,1419,-0.2880859375,-0.609375,1.1875,1.0
7796,1419,-1.734375,-1.734375,0.125,1.0
7797,1419,-1.0146484375,0.265625,1.140625,0.0
7798,1419,1.4091796875,-0.6875,-0.46875,0.0
7799,1419,0.3359375,-0.421875,-0.53125,0.0
7800,1420,-1.1611328125,0.328125,0.703125,0.0
7801,1420,0.3935546875,-0.25,-1.375,0.0
7802,1420,-0.990234375,1.140625,1.359375,0.0
7803,1420,-1.5546875,-1.53125,-0.671875,1.0
7804,1420,-1.15234375,0.3125,-0.359375,0.0
7805,1420,-0.0751953125,1.203125,-1.796875,1.0
7806,1421,3.3720703125,1.484375,-0.15625,1.0
7807,1421,-0.658203125,-1.0,0.609375,1.0
7808,1421,-1.9091796875,-1.109375,0.5,1.0
7809,1421,-1.0048828125,-0.6875,0.171875,0.0
7810,1421,0.900390625,0.96875,-1.21875,0.0
7811,1421,-0.2177734375,1.296875,0.40625,0.0
7812,1421,0.05078125,0.40625,-0.109375,0.0
7813,1422,0.3818359375,-0.21875,0.75,0.0
7814,1422,-0.888671875,-1.09375,1.734375,0.0
7815,1422,0.458984375,0.4375,0.890625,1.0
7816,1422,-0.259765625,-1.5625,0.953125,0.0
7817,1422,-3.3681640625,-0.390625,-0.421875,0.0
7818,1422,1.755859375,0.390625,1.546875,0.0
7819,1422,0.6708984375,2.265625,-0.359375,1.0
7820,1422,1.0439453125,0.09375,0.40625,1.0
7821,1423,-0.353515625,0.234375,-0.28125,1.0
7822,1423,0.80078125,0.03125,-1.671875,1.0
7823,1423,1.43359375,0.5,0.140625,0.0
7824,1424,0.6455078125,-0.359375,-1.15625,1.0
7825,1424,4.408203125,1.671875,-0.59375,0.0
7826,1424,0.7060546875,0.046875,1.25,1.0
7827,1424,2.01171875,-0.625,-0.328125,1.0
7828,1425,3.326171875,1.0625,0.21875,0.0
7829,1425,-0.501953125,-0.8125,-0.546875,0.0
7830,1425,-1.2578125,0.046875,1.328125,0.0
7831,1425,1.4443359375,0.265625,-2.40625,1.0
7832,1425,2.7138671875,0.53125,-1.765625,1.0
7833,1426,-0.626953125,0.46875,-0.421875,0.0
7834,1426,0.9462890625,1.40625,1.1875,0.0
7835,1426,3.158203125,0.953125,-0.78125,0.0
7836,1426,0.2412109375,-0.5625,0.515625,0.0
7837,1426,-0.828125,-0.953125,1.203125,0.0
7838,1426,0.8056640625,0.859375,0.328125,1.0
7839,1427,1.123046875,0.0,-1.109375,0.0
7840,1427,-1.150390625,-0.15625,1.984375,0.0
7841,1427,-0.484375,1.34375,-0.734375,0.0
7842,1427,1.16796875,1.125,-0.625,1.0
7843,1427,-0.453125,0.328125,0.609375,1.0
7844,1427,1.4775390625,0.953125,-0.703125,1.0
7845,1427,-1.59765625,-0.078125,3.3125,0.0
7846,1428,2.20703125,1.21875,1.046875,1.0
7847,1428,0.0693359375,-0.984375,1.484375,0.0
7848,1428,-1.6123046875,-0.84375,0.25,0.0
7849,1428,3.50390625,1.953125,-1.53125,1.0
7850,1428,-1.34765625,-1.8125,0.4375,0.0
7851,1428,0.3134765625,-1.59375,-1.15625,1.0
7852,1428,-1.6005859375,-1.015625,0.171875,0.0
7853,1428,0.5078125,-0.03125,-0.84375,1.0
7854,1429,-1.41796875,0.859375,0.703125,0.0
7855,1429,-0.9951171875,0.328125,1.03125,0.0
7856,1429,-1.3125,-0.53125,0.015625,0.0
7857,1430,-0.18359375,-0.1875,-3.140625,0.0
7858,1430,-2.3779296875,-0.875,2.640625,1.0
7859,1430,-2.48046875,0.03125,1.875,0.0
7860,1430,0.427734375,2.3125,-0.421875,0.0
7861,1431,-0.53125,-0.453125,-1.03125,0.0
7862,1431,-0.3759765625,-0.8125,-1.4375,1.0
7863,1431,0.2236328125,-1.09375,-1.21875,0.0
7864,1431,1.48828125,2.09375,1.125,0.0
7865,1431,0.93359375,1.109375,-0.859375,0.0
7866,1432,0.880859375,0.75,-1.1875,1.0
7867,1432,2.44140625,1.015625,-0.546875,1.0
7868,1432,-0.3701171875,-0.84375,-0.96875,0.0
7869,1432,-2.41796875,-0.171875,1.203125,0.0
7870,1432,-2.06640625,-2.375,0.984375,0.0
7871,1432,-0.8564453125,-0.4375,-0.234375,1.0
7872,1433,1.4482421875,2.671875,-0.1875,0.0
7873,1433,-0.71875,-0.171875,1.75,1.0
7874,1433,0.814453125,-0.21875,-0.515625,1.0
7875,1433,2.0048828125,-0.46875,-0.1875,0.0
7876,1433,-0.662109375,-0.6875,1.90625,0.0
7877,1433,2.6181640625,0.859375,0.84375,0.0
7878,1433,0.2685546875,-0.359375,-0.09375,1.0
7879,1434,1.552734375,0.84375,0.765625,1.0
7880,1434,-0.4970703125,-1.5,-0.46875,0.0
7881,1434,1.87109375,1.140625,0.234375,1.0
7882,1434,-0.0439453125,-0.53125,-0.109375,1.0
7883,1434,1.4716796875,0.46875,-0.390625,0.0
7884,1434,2.13671875,1.125,-0.953125,1.0
7885,1434,-0.4267578125,-2.125,-1.53125,0.0
7886,1434,1.75390625,-0.109375,-1.515625,0.0
7887,1435,-0.7509765625,0.453125,1.453125,0.0
7888,1435,2.2490234375,1.1875,-0.3125,0.0
7889,1435,1.48828125,-0.296875,-1.46875,1.0
7890,1436,1.54296875,0.96875,-0.34375,0.0
7891,1436,0.7001953125,-0.5625,0.4375,1.0
7892,1436,0.12109375,-0.71875,0.375,0.0
7893,1436,-0.9912109375,-0.171875,0.234375,0.0
7894,1437,2.0517578125,1.921875,1.171875,1.0
7895,1437,2.373046875,1.671875,-0.9375,1.0
7896,1437,1.4638671875,1.578125,0.828125,0.0
7897,1437,2.5673828125,0.828125,-0.953125,0.0
7898,1437,1.505859375,1.671875,0.296875,1.0
7899,1438,-0.3857421875,-0.578125,0.125,0.0
7900,1438,-0.3505859375,-0.828125,-1.59375,0.0
7901,1438,2.3193359375,-0.71875,-0.8125,1.0
7902,1438,-0.7890625,-0.125,-1.203125,0.0
7903,1438,-0.5517578125,-0.21875,1.75,0.0
7904,1438,-1.08984375,-1.484375,0.796875,1.0
7905,1439,0.7265625,0.1875,0.265625,0.0
7906,1439,0.5380859375,0.03125,0.46875,1.0
7907,1439,2.783203125,1.0,-1.25,0.0
7908,1439,-2.2666015625,-0.734375,0.34375,0.0
7909,1439,1.4326171875,-0.25,0.296875,1.0
7910,1439,-0.6484375,0.578125,-0.796875,0.0
7911,1439,-1.2919921875,-0.25,-1.3125,0.0
7912,1440,-1.1513671875,0.3125,0.109375,0.0
7913,1440,3.7060546875,-0.15625,-3.15625,0.0
7914,1440,-0.2412109375,0.375,0.484375,1.0
7915,1440,1.3388671875,1.34375,0.09375,0.0
7916,1440,2.099609375,0.046875,-1.703125,1.0
7917,1440,-1.0439453125,-1.734375,1.3125,0.0
7918,1440,-0.025390625,0.125,0.375,0.0
7919,1440,-0.7685546875,-0.90625,-0.09375,0.0
7920,1441,3.623046875,1.25,-0.3125,1.0
7921,1441,1.72265625,1.453125,0.328125,1.0
7922,1441,1.2265625,1.71875,0.359375,0.0
7923,1442,0.44921875,0.75,0.234375,1.0
7924,1442,0.240234375,1.015625,-1.9375,0.0
7925,1442,1.6337890625,1.6875,0.09375,0.0
7926,1442,-1.130859375,-1.234375,0.234375,1.0
7927,1443,0.3955078125,-0.359375,0.796875,0.0
7928,1443,0.0283203125,-1.390625,0.203125,0.0
7929,1443,-0.7216796875,-1.40625,0.9375,0.0
7930,1443,0.927734375,0.46875,0.671875,0.0
7931,1443,2.48828125,1.109375,0.75,1.0
7932,1444,-0.041015625,-0.328125,0.265625,0.0
7933,1444,0.4013671875,-0.109375,0.5,0.0
7934,1444,-1.9462890625,-0.25,1.34375,0.0
7935,1444,1.263671875,0.140625,-0.375,0.0
7936,1444,-0.369140625,-0.953125,1.015625,0.0
7937,1444,-1.2138671875,-0.875,0.546875,1.0
7938,1445,2.384765625,-0.15625,0.390625,1.0
7939,1445,-1.1650390625,-2.203125,1.171875,0.0
7940,1445,1.677734375,-1.578125,0.671875,1.0
7941,1445,0.287109375,-0.484375,1.390625,0.0
7942,1445,-1.462890625,-0.078125,2.59375,1.0
7943,1445,2.240234375,0.140625,-0.171875,1.0
7944,1445,3.0673828125,1.03125,1.0,1.0
7945,1446,-0.4736328125,-0.265625,1.921875,0.0
7946,1446,-2.87890625,-1.65625,0.359375,0.0
7947,1446,0.3662109375,0.953125,1.71875,0.0
7948,1446,2.00390625,-0.390625,-0.046875,0.0
7949,1446,0.5908203125,-1.625,-1.140625,0.0
7950,1446,2.3984375,0.765625,-1.609375,0.0
7951,1446,0.3330078125,0.0625,1.234375,0.0
7952,1446,2.080078125,1.375,-1.25,0.0
7953,1447,-1.4619140625,-0.296875,1.546875,0.0
7954,1447,-0.4853515625,0.671875,0.46875,0.0
7955,1447,0.5478515625,1.03125,-1.25,1.0
7956,1448,2.681640625,0.359375,0.890625,0.0
7957,1448,0.1103515625,-0.5625,1.375,0.0
7958,1448,0.57421875,-0.015625,1.109375,0.0
7959,1448,0.25,-0.65625,0.796875,1.0
7960,1449,-0.060546875,-2.875,0.34375,1.0
7961,1449,2.9013671875,1.1875,-1.90625,1.0
7962,1449,1.59765625,-0.6875,-1.171875,0.0
7963,1449,0.0625,-0.203125,0.484375,1.0
7964,1449,-0.814453125,-0.265625,0.109375,1.0
7965,1450,-0.4267578125,0.203125,-0.953125,0.0
7966,1450,-0.7275390625,-0.40625,0.859375,1.0
7967,1450,-0.4306640625,-0.390625,-0.265625,0.0
7968,1450,-1.05078125,0.40625,0.640625,0.0
7969,1450,-1.171875,0.734375,0.09375,0.0
7970,1450,1.0517578125,-0.390625,-0.59375,1.0
7971,1451,-0.61328125,-0.90625,0.375,0.0
7972,1451,-0.0859375,-1.0625,-0.515625,0.0
7973,1451,1.24609375,1.0625,-0.578125,0.0
7974,1451,-2.2568359375,-0.3125,1.796875,0.0
7975,1451,1.767578125,0.640625,0.28125,0.0
7976,1451,1.5703125,1.84375,0.4375,1.0
7977,1451,2.240234375,1.1875,0.109375,0.0
7978,1452,0.453125,0.859375,-0.046875,0.0
7979,1452,-3.0078125,-0.96875,0.046875,1.0
7980,1452,-1.8291015625,-1.625,0.328125,0.0
7981,1452,-0.4033203125,-1.828125,1.34375,0.0
7982,1452,1.587890625,0.421875,0.046875,0.0
7983,1452,1.3349609375,-0.984375,-0.71875,0.0
7984,1452,2.3583984375,-0.453125,-0.859375,1.0
7985,1452,1.3837890625,0.296875,-1.421875,1.0
7986,1453,0.2548828125,0.109375,-0.578125,0.0
7987,1453,1.5927734375,0.296875,-0.28125,0.0
7988,1453,0.13671875,-0.328125,0.046875,0.0
7989,1454,2.0830078125,0.96875,-0.453125,1.0
7990,1454,-0.361328125,-0.09375,0.0,0.0
7991,1454,-0.2685546875,-0.75,-0.3125,1.0
7992,1454,-0.494140625,-1.15625,-1.078125,0.0
7993,1455,0.5927734375,-0.96875,-1.9375,1.0
7994,1455,1.7802734375,-1.09375,-1.921875,1.0
7995,1455,0.8037109375,0.828125,-0.375,0.0
7996,1455,0.29296875,-0.765625,-0.046875,1.0
7997,1455,0.4111328125,-0.09375,0.203125,0.0
7998,1456,-1.4287109375,-0.46875,0.34375,0.0
7999,1456,0.4619140625,0.078125,-1.0625,0.0
8000,1456,-0.357421875,-0.234375,0.359375,0.0
8001,1456,-0.0771484375,1.34375,-1.640625,1.0
8002,1456,0.7041015625,1.140625,0.734375,0.0
8003,1456,0.2373046875,0.203125,-0.03125,1.0
8004,1457,-0.5205078125,-0.375,-0.765625,0.0
8005,1457,2.1962890625,2.1875,-0.0625,0.0
8006,1457,-3.029296875,-1.84375,0.265625,0.0
8007,1457,2.1650390625,0.015625,-2.265625,1.0
8008,1457,0.083984375,1.40625,-1.84375,0.0
8009,1457,-0.84375,-1.453125,-1.9375,1.0
8010,1457,-1.9140625,-2.03125,-0.21875,0.0
8011,1458,2.5732421875,2.28125,-0.890625,0.0
8012,1458,0.7080078125,0.0,-1.46875,0.0
8013,1458,0.8466796875,1.25,-0.296875,0.0
8014,1458,0.8037109375,-1.34375,-1.234375,1.0
8015,1458,1.134765625,0.0625,-1.09375,0.0
8016,1458,-0.57421875,-0.34375,-0.421875,0.0
8017,1458,0.24609375,-1.765625,-1.203125,0.0
8018,1458,-2.3125,-0.1875,-1.1875,0.0
8019,1459,-2.02734375,-1.546875,1.0,0.0
8020,1459,-2.8232421875,0.015625,1.734375,1.0
8021,1459,-1.224609375,0.71875,-1.8125,1.0
8022,1460,1.9130859375,0.71875,0.53125,0.0
8023,1460,0.9609375,-0.21875,-0.515625,0.0
8024,1460,1.5244140625,0.171875,-0.953125,1.0
8025,1460,-2.0302734375,-0.9375,0.578125,1.0
8026,1461,-0.220703125,0.34375,0.125,0.0
8027,1461,2.666015625,0.5625,-2.671875,0.0
8028,1461,-1.3154296875,-1.546875,1.90625,0.0
8029,1461,-1.33984375,-0.96875,1.78125,0.0
8030,1461,3.615234375,0.390625,-2.890625,0.0
8031,1462,-0.380859375,0.609375,0.8125,1.0
8032,1462,0.5439453125,1.3125,-0.828125,0.0
8033,1462,0.4169921875,-0.28125,0.515625,1.0
8034,1462,1.2861328125,-0.578125,-0.421875,1.0
8035,1462,-0.4033203125,0.46875,-0.59375,1.0
8036,1462,-0.353515625,-0.015625,-0.71875,0.0
8037,1463,-0.5712890625,-1.4375,0.9375,1.0
8038,1463,0.97265625,1.390625,-0.078125,1.0
8039,1463,-0.044921875,-0.328125,1.234375,0.0
8040,1463,-0.9619140625,0.453125,1.6875,0.0
8041,1463,-0.9091796875,0.96875,2.9375,0.0
8042,1463,0.6865234375,-0.46875,-0.3125,0.0
8043,1463,-0.68359375,-1.40625,1.265625,0.0
8044,1464,-2.4501953125,-1.375,-0.6875,0.0
8045,1464,0.30078125,0.703125,1.515625,0.0
8046,1464,-2.6416015625,-0.890625,0.09375,0.0
8047,1464,2.4658203125,-0.640625,-1.625,0.0
8048,1464,-0.6279296875,-0.28125,1.625,1.0
8049,1464,-0.2724609375,-0.734375,-1.1875,0.0
8050,1464,-1.26953125,-0.203125,2.375,0.0
8051,1464,1.755859375,0.84375,-0.84375,1.0
8052,1465,-0.294921875,-0.21875,-0.03125,1.0
8053,1465,0.875,0.609375,-0.5,1.0
8054,1465,3.5234375,2.75,0.9375,0.0
8055,1466,2.7861328125,2.234375,-0.046875,0.0
8056,1466,0.873046875,1.015625,1.9375,1.0
8057,1466,0.3662109375,0.25,2.609375,1.0
8058,1466,1.904296875,0.6875,1.71875,1.0
8059,1467,1.3232421875,0.21875,0.5,1.0
8060,1467,0.353515625,0.84375,-1.84375,0.0
8061,1467,-0.6669921875,-1.296875,0.78125,1.0
8062,1467,-1.1484375,-0.90625,-0.28125,1.0
8063,1467,0.9833984375,-1.15625,-1.1875,0.0
8064,1468,0.9619140625,0.109375,-0.828125,1.0
8065,1468,0.2734375,0.75,0.3125,0.0
8066,1468,2.7333984375,0.78125,0.90625,1.0
8067,1468,0.583984375,-0.671875,-1.71875,0.0
8068,1468,0.720703125,1.96875,-0.59375,1.0
8069,1468,-0.0029296875,-1.03125,-1.0625,1.0
8070,1469,-0.1328125,-0.09375,1.71875,1.0
8071,1469,1.34375,-0.03125,-0.03125,1.0
8072,1469,1.45703125,1.140625,0.109375,0.0
8073,1469,0.46484375,-0.109375,1.0625,0.0
8074,1469,0.3115234375,0.390625,0.90625,1.0
8075,1469,-1.404296875,-1.34375,0.6875,1.0
8076,1469,0.744140625,0.75,0.15625,1.0
8077,1470,-0.08203125,-0.328125,0.796875,0.0
8078,1470,0.1611328125,-0.90625,1.0625,1.0
8079,1470,1.189453125,-0.109375,2.34375,0.0
8080,1470,0.3271484375,0.921875,0.890625,0.0
8081,1470,2.7421875,0.734375,1.015625,0.0
8082,1470,2.302734375,1.875,1.5,1.0
8083,1470,0.2841796875,-0.984375,1.234375,1.0
8084,1470,2.126953125,0.046875,-0.515625,0.0
8085,1471,1.8701171875,1.375,0.5,0.0
8086,1471,1.1396484375,0.21875,0.4375,0.0
8087,1471,1.787109375,-1.390625,0.015625,1.0
8088,1472,-0.9345703125,0.203125,0.953125,1.0
8089,1472,0.0751953125,0.34375,-0.859375,1.0
8090,1472,1.6240234375,0.421875,0.265625,0.0
8091,1472,0.56640625,-0.0625,-0.90625,0.0
8092,1473,0.0322265625,-0.59375,-0.265625,0.0
8093,1473,2.005859375,0.09375,-0.65625,1.0
8094,1473,1.6142578125,1.109375,-1.0625,1.0
8095,1473,1.703125,1.296875,-0.359375,0.0
8096,1473,-0.0947265625,-0.046875,0.21875,1.0
8097,1474,0.1337890625,-0.515625,1.296875,1.0
8098,1474,1.564453125,0.3125,-0.390625,0.0
8099,1474,0.3623046875,-0.5,-0.328125,0.0
8100,1474,-0.21484375,-0.015625,0.671875,0.0
8101,1474,1.0126953125,1.4375,-1.203125,1.0
8102,1474,-1.8515625,-1.796875,-0.0625,0.0
8103,1475,-0.470703125,-0.078125,-0.4375,0.0
8104,1475,-0.4921875,-1.125,-1.3125,0.0
8105,1475,1.5185546875,1.5,0.0625,0.0
8106,1475,0.1259765625,-0.890625,-1.15625,0.0
8107,1475,1.72265625,0.34375,0.578125,0.0
8108,1475,-0.1875,-0.234375,1.8125,0.0
8109,1475,-1.576171875,0.390625,1.046875,1.0
8110,1476,0.5576171875,0.546875,-1.9375,0.0
8111,1476,-4.158203125,-2.15625,0.984375,0.0
8112,1476,0.787109375,-0.984375,-0.90625,0.0
8113,1476,-0.50390625,-0.21875,-0.46875,0.0
8114,1476,0.7529296875,0.46875,0.0,0.0
8115,1476,1.5947265625,1.390625,-0.03125,0.0
8116,1476,-0.3115234375,0.15625,-0.609375,0.0
8117,1476,-0.2666015625,-0.859375,-0.25,1.0
8118,1477,-0.7646484375,-0.234375,-1.703125,0.0
8119,1477,1.5185546875,0.84375,-0.75,1.0
8120,1477,1.1123046875,-0.234375,-0.875,0.0
8121,1478,1.1865234375,1.0,-0.6875,1.0
8122,1478,-0.25,-0.4375,-0.296875,0.0
8123,1478,1.9287109375,-0.109375,-1.46875,1.0
8124,1478,-0.8759765625,0.0625,1.453125,0.0
8125,1479,-0.580078125,-0.546875,0.359375,0.0
8126,1479,-1.1669921875,-0.609375,0.40625,0.0
8127,1479,0.3349609375,-1.203125,-0.1875,0.0
8128,1479,2.587890625,1.296875,-0.5,0.0
8129,1479,0.7109375,-0.015625,-0.484375,0.0
8130,1480,-0.0654296875,-1.265625,0.34375,0.0
8131,1480,-2.369140625,-0.59375,-0.421875,0.0
8132,1480,-0.0390625,-0.015625,-1.234375,1.0
8133,1480,-0.0634765625,0.875,1.46875,1.0
8134,1480,-1.55078125,-0.796875,-0.546875,0.0
8135,1480,-0.45703125,-0.59375,-0.9375,0.0
8136,1481,-2.4111328125,-1.328125,0.78125,0.0
8137,1481,-0.2060546875,1.546875,0.96875,1.0
8138,1481,-0.3701171875,-1.328125,-0.3125,0.0
8139,1481,-1.876953125,-1.9375,0.796875,1.0
8140,1481,0.576171875,2.390625,0.0625,0.0
8141,1481,0.318359375,0.40625,-0.3125,0.0
8142,1481,0.7900390625,0.203125,-0.671875,0.0
8143,1482,-0.376953125,-0.125,0.21875,0.0
8144,1482,2.01171875,1.59375,1.328125,0.0
8145,1482,-0.4560546875,-0.21875,-0.734375,0.0
8146,1482,-0.5615234375,0.421875,-0.40625,1.0
8147,1482,0.58984375,0.28125,-1.125,0.0
8148,1482,0.4306640625,-0.390625,-0.4375,0.0
8149,1482,0.1357421875,1.171875,2.109375,0.0
8150,1482,1.7578125,1.40625,-1.234375,1.0
8151,1483,2.109375,0.765625,-0.75,1.0
8152,1483,1.9814453125,0.390625,-0.0625,0.0
8153,1483,-0.72265625,-1.015625,0.09375,1.0
8154,1484,-0.8798828125,0.046875,0.21875,1.0
8155,1484,-4.138671875,-1.265625,1.359375,0.0
8156,1484,-1.1279296875,-0.359375,0.6875,0.0
8157,1484,0.7275390625,0.21875,-1.28125,1.0
8158,1485,0.6904296875,-0.515625,-0.859375,1.0
8159,1485,-0.115234375,0.171875,-0.46875,0.0
8160,1485,0.43359375,0.28125,-0.828125,0.0
8161,1485,1.5673828125,2.109375,-0.609375,0.0
8162,1485,-0.130859375,0.125,0.421875,0.0
8163,1486,-0.6484375,-1.421875,-0.734375,1.0
8164,1486,0.27734375,-0.203125,-1.203125,1.0
8165,1486,1.416015625,1.578125,-1.515625,0.0
8166,1486,-4.2822265625,-0.25,1.015625,0.0
8167,1486,-1.5751953125,-1.71875,-0.3125,1.0
8168,1486,-2.259765625,0.28125,0.453125,0.0
8169,1487,2.58203125,0.5625,-0.109375,1.0
8170,1487,-0.037109375,-0.25,-1.265625,1.0
8171,1487,1.4990234375,0.046875,-2.09375,0.0
8172,1487,1.064453125,1.78125,-0.21875,1.0
8173,1487,-0.1767578125,-0.484375,0.078125,0.0
8174,1487,-2.9267578125,-1.90625,1.375,0.0
8175,1487,-2.357421875,0.484375,1.203125,1.0
8176,1488,2.3837890625,1.125,-1.046875,1.0
8177,1488,-0.2412109375,0.296875,0.90625,1.0
8178,1488,0.23046875,2.6875,2.9375,0.0
8179,1488,1.376953125,0.375,-0.03125,0.0
8180,1488,2.0009765625,1.34375,0.21875,1.0
8181,1488,-0.974609375,-0.0625,0.671875,1.0
8182,1488,-1.509765625,-0.671875,1.75,1.0
8183,1488,-0.8544921875,-1.03125,-0.3125,1.0
8184,1489,0.4375,1.015625,0.546875,1.0
8185,1489,-0.7412109375,-0.109375,0.875,1.0
8186,1489,0.751953125,2.046875,0.1875,0.0
8187,1490,1.9560546875,-0.015625,-1.359375,1.0
8188,1490,-0.3251953125,1.0,0.78125,0.0
8189,1490,1.8359375,-0.046875,-1.0,1.0
8190,1490,3.546875,1.9375,0.6875,1.0
8191,1491,-0.8349609375,-1.765625,-2.375,1.0
8192,1491,-3.0146484375,-1.546875,0.71875,0.0
8193,1491,-0.8603515625,-0.625,0.96875,1.0
8194,1491,-0.1015625,-0.625,0.875,0.0
8195,1491,0.890625,0.4375,0.59375,0.0
8196,1492,1.935546875,0.9375,-1.96875,1.0
8197,1492,1.30078125,-0.03125,-1.78125,0.0
8198,1492,-2.0029296875,-0.640625,-0.515625,0.0
8199,1492,-1.83984375,-0.921875,-0.796875,0.0
8200,1492,2.2216796875,0.203125,-1.6875,0.0
8201,1492,-0.4580078125,0.28125,-1.3125,0.0
8202,1493,-0.3740234375,0.0,-0.53125,0.0
8203,1493,-0.2333984375,1.609375,1.03125,0.0
8204,1493,1.728515625,0.578125,-0.625,0.0
8205,1493,0.158203125,-0.265625,-0.875,0.0
8206,1493,-0.09765625,0.421875,-0.046875,1.0
8207,1493,-3.3154296875,-0.859375,0.640625,1.0
8208,1493,-0.4833984375,0.390625,0.046875,0.0
8209,1494,-1.10546875,-0.15625,2.875,1.0
8210,1494,-0.4638671875,0.8125,2.046875,0.0
8211,1494,1.1923828125,0.21875,-0.234375,0.0
8212,1494,2.36328125,1.859375,-0.90625,0.0
8213,1494,0.3173828125,1.125,0.59375,0.0
8214,1494,0.1396484375,0.15625,0.4375,1.0
8215,1494,-0.64453125,-0.984375,1.03125,0.0
8216,1494,1.658203125,1.59375,0.484375,0.0
8217,1495,-1.11328125,-0.5,0.21875,1.0
8218,1495,-0.8740234375,-1.109375,-1.296875,0.0
8219,1495,-2.1669921875,-1.765625,0.953125,1.0
8220,1496,-0.4501953125,0.640625,0.4375,0.0
8221,1496,0.833984375,2.46875,-0.328125,0.0
8222,1496,1.5341796875,0.84375,-0.78125,0.0
8223,1496,0.4287109375,-0.21875,-1.421875,0.0
8224,1497,0.6025390625,-1.78125,-0.703125,0.0
8225,1497,0.138671875,-1.0625,-0.609375,0.0
8226,1497,-0.1748046875,1.21875,1.3125,0.0
8227,1497,1.6142578125,0.109375,0.0625,1.0
8228,1497,-0.919921875,-0.453125,-1.15625,0.0
8229,1498,0.91796875,0.515625,0.34375,1.0
8230,1498,0.8115234375,0.15625,-0.359375,1.0
8231,1498,1.8466796875,-0.0625,1.03125,1.0
8232,1498,-0.6064453125,0.203125,-0.046875,0.0
8233,1498,0.728515625,1.0625,-1.546875,0.0
8234,1498,1.0634765625,-0.328125,-0.671875,0.0
8235,1499,1.2685546875,0.109375,-0.546875,1.0
8236,1499,-2.802734375,-1.578125,1.09375,0.0
8237,1499,-2.3681640625,-1.34375,0.328125,0.0
8238,1499,0.115234375,0.8125,0.78125,0.0
8239,1499,0.9765625,0.0,-1.984375,0.0
8240,1499,0.65625,0.984375,0.0625,1.0
8241,1499,0.580078125,0.40625,-0.265625,0.0
8242,1500,0.0810546875,0.296875,1.34375,1.0
8243,1500,1.048828125,-0.671875,-0.109375,0.0
8244,1500,-2.921875,-0.03125,1.46875,0.0
8245,1500,-0.080078125,-0.46875,0.40625,1.0
8246,1500,-0.9345703125,-0.703125,0.296875,0.0
8247,1500,1.8271484375,0.078125,-2.4375,0.0
8248,1500,-0.62109375,-1.109375,-0.109375,1.0
8249,1500,2.1123046875,1.15625,-0.953125,1.0
8250,1501,-1.322265625,-1.53125,-1.234375,1.0
8251,1501,-0.662109375,-1.71875,-1.53125,0.0
8252,1501,-0.6240234375,-0.625,0.34375,1.0
8253,1502,0.1416015625,-1.140625,1.171875,1.0
8254,1502,-0.646484375,-0.453125,-0.359375,0.0
8255,1502,0.2509765625,0.046875,1.578125,1.0
8256,1502,-1.62890625,-1.78125,1.265625,1.0
8257,1503,0.4228515625,0.15625,-1.46875,0.0
8258,1503,2.2880859375,0.71875,0.921875,1.0
8259,1503,0.4111328125,-1.140625,0.625,1.0
8260,1503,-0.142578125,0.296875,1.328125,1.0
8261,1503,0.28515625,-0.671875,-0.59375,1.0
8262,1504,1.580078125,0.765625,0.25,0.0
8263,1504,-0.8583984375,-1.5,-1.53125,1.0
8264,1504,-3.060546875,-0.78125,0.703125,1.0
8265,1504,-2.59765625,-0.734375,1.375,0.0
8266,1504,0.2041015625,0.359375,-1.140625,0.0
8267,1504,-1.3046875,0.359375,-1.328125,0.0
8268,1505,-1.7373046875,0.765625,1.515625,0.0
8269,1505,0.3046875,0.296875,0.25,0.0
8270,1505,1.8037109375,0.984375,0.109375,1.0
8271,1505,-0.9765625,-1.6875,0.765625,0.0
8272,1505,0.162109375,-0.515625,-1.125,1.0
8273,1505,0.51953125,-0.3125,0.359375,0.0
8274,1505,-0.189453125,-0.921875,2.03125,1.0
8275,1506,-1.134765625,-2.1875,0.765625,1.0
8276,1506,0.1162109375,-0.96875,-1.65625,1.0
8277,1506,-1.40625,-0.421875,0.484375,1.0
8278,1506,0.1201171875,0.59375,1.296875,0.0
8279,1506,-0.02734375,-1.03125,0.109375,1.0
8280,1506,-0.279296875,-1.203125,-2.0625,1.0
8281,1506,-3.08203125,-1.125,1.171875,1.0
8282,1506,-0.6025390625,-0.34375,-0.1875,0.0
8283,1507,-1.5048828125,-1.484375,0.515625,0.0
8284,1507,1.072265625,1.046875,0.171875,0.0
8285,1507,-1.0087890625,-1.234375,-0.578125,0.0
8286,1508,-0.755859375,-1.296875,-1.046875,1.0
8287,1508,-0.5849609375,0.609375,0.640625,1.0
8288,1508,-0.2021484375,0.921875,-0.75,0.0
8289,1508,-1.2939453125,-0.90625,0.234375,0.0
8290,1509,2.0048828125,1.203125,-1.296875,0.0
8291,1509,-2.4453125,-1.46875,0.828125,0.0
8292,1509,-4.048828125,-1.90625,1.109375,0.0
8293,1509,-1.1240234375,0.8125,-0.203125,0.0
8294,1509,-0.6455078125,-0.21875,0.296875,1.0
8295,1510,0.4072265625,0.984375,-0.25,0.0
8296,1510,-1.626953125,0.046875,0.578125,0.0
8297,1510,-1.79296875,-0.5,1.0625,0.0
8298,1510,-1.2255859375,-1.140625,-1.171875,0.0
8299,1510,-0.091796875,0.875,-0.40625,1.0
8300,1510,-0.3974609375,0.109375,1.59375,1.0
8301,1511,3.412109375,0.96875,0.03125,1.0
8302,1511,1.3349609375,1.515625,2.34375,0.0
8303,1511,1.814453125,0.484375,0.96875,0.0
8304,1511,1.291015625,0.546875,-0.546875,1.0
8305,1511,3.5009765625,1.328125,-0.5625,0.0
8306,1511,0.1318359375,-1.609375,-1.0625,1.0
8307,1511,3.5791015625,2.15625,-1.546875,1.0
8308,1512,1.962890625,-0.546875,-1.671875,1.0
8309,1512,0.5419921875,0.046875,-1.0,0.0
8310,1512,0.1650390625,0.890625,0.0,0.0
8311,1512,-2.8486328125,0.59375,-0.265625,0.0
8312,1512,1.439453125,0.125,-2.203125,0.0
8313,1512,-1.37890625,-0.328125,0.625,0.0
8314,1512,-0.865234375,-0.234375,0.3125,1.0
8315,1512,0.046875,-0.609375,0.625,1.0
8316,1513,0.564453125,-1.15625,-0.890625,1.0
8317,1513,-1.2158203125,-2.03125,0.921875,0.0
8318,1513,-1.279296875,-0.40625,0.125,1.0
8319,1514,-1.287109375,-0.0625,2.28125,0.0
8320,1514,0.2373046875,-0.28125,0.921875,1.0
8321,1514,0.4921875,-0.875,-0.296875,1.0
8322,1514,0.4697265625,-0.125,1.796875,1.0
8323,1515,1.6171875,1.828125,1.734375,1.0
8324,1515,-0.44921875,-0.328125,2.0625,0.0
8325,1515,0.5830078125,0.0625,-0.640625,0.0
8326,1515,-1.626953125,-0.734375,1.75,0.0
8327,1515,0.78515625,1.453125,1.96875,1.0
8328,1516,1.908203125,0.890625,-0.21875,1.0
8329,1516,-1.0595703125,-0.265625,0.09375,0.0
8330,1516,0.388671875,-0.328125,-0.515625,0.0
8331,1516,-0.462890625,0.375,0.6875,1.0
8332,1516,0.27734375,0.53125,-1.078125,0.0
8333,1516,-1.05078125,-1.109375,-0.4375,0.0
8334,1517,2.009765625,0.96875,-0.328125,0.0
8335,1517,-0.4658203125,0.765625,-0.125,1.0
8336,1517,1.267578125,0.3125,0.25,0.0
8337,1517,-2.5732421875,-2.109375,-0.75,0.0
8338,1517,-0.9375,0.03125,0.78125,0.0
8339,1517,-0.1640625,-0.71875,0.453125,0.0
8340,1517,0.7353515625,-0.5625,0.75,0.0
8341,1518,-0.6552734375,-1.53125,-0.578125,1.0
8342,1518,2.2001953125,0.765625,2.46875,1.0
8343,1518,-1.13671875,-0.890625,-0.421875,0.0
8344,1518,2.7646484375,0.609375,0.828125,1.0
8345,1518,-0.4970703125,-0.734375,0.0,1.0
8346,1518,-0.13671875,-1.015625,0.875,1.0
8347,1518,0.9658203125,1.21875,0.84375,1.0
8348,1518,3.4638671875,0.671875,-1.03125,0.0
8349,1519,-0.57421875,-0.09375,0.390625,0.0
8350,1519,1.33203125,1.171875,1.25,0.0
8351,1519,-2.673828125,-1.078125,1.15625,0.0
8352,1520,-1.0234375,-1.546875,-0.046875,1.0
8353,1520,-0.6845703125,-0.4375,-1.859375,0.0
8354,1520,0.6025390625,-0.015625,-0.9375,1.0
8355,1520,1.0166015625,0.78125,1.3125,0.0
8356,1521,0.0087890625,0.21875,1.21875,0.0
8357,1521,2.6201171875,1.359375,0.3125,0.0
8358,1521,-1.49609375,-0.578125,-0.828125,0.0
8359,1521,0.251953125,-0.296875,-1.515625,0.0
8360,1521,1.2734375,-0.796875,-1.78125,1.0
8361,1522,0.30078125,-0.515625,-2.03125,1.0
8362,1522,-1.349609375,-1.515625,0.46875,1.0
8363,1522,1.7626953125,-0.765625,0.390625,1.0
8364,1522,1.259765625,0.375,0.328125,1.0
8365,1522,0.3076171875,-1.078125,-1.921875,1.0
8366,1522,-0.2783203125,0.53125,-0.140625,1.0
8367,1523,2.1103515625,0.515625,-0.6875,1.0
8368,1523,-0.0078125,0.03125,0.625,0.0
8369,1523,0.2138671875,-0.96875,1.921875,0.0
8370,1523,-1.318359375,-0.375,1.71875,0.0
8371,1523,0.171875,-0.015625,1.96875,1.0
8372,1523,2.4140625,1.84375,0.3125,1.0
8373,1523,2.8603515625,-0.03125,-0.6875,1.0
8374,1524,0.6123046875,-0.125,-2.453125,1.0
8375,1524,-2.8349609375,1.078125,0.671875,0.0
8376,1524,-3.3486328125,-2.25,1.578125,0.0
8377,1524,-1.248046875,-0.96875,1.1875,1.0
8378,1524,0.775390625,1.0,1.03125,0.0
8379,1524,-0.1796875,-1.578125,-0.765625,1.0
8380,1524,-3.220703125,-1.125,2.578125,0.0
8381,1524,-0.056640625,-0.921875,0.453125,0.0
8382,1525,1.7880859375,1.578125,1.71875,0.0
8383,1525,-0.943359375,-0.640625,1.53125,0.0
8384,1525,1.7509765625,0.515625,-0.25,0.0
8385,1526,0.533203125,-0.828125,0.9375,1.0
8386,1526,-1.48046875,-0.921875,0.140625,0.0
8387,1526,-1.4638671875,-0.53125,-0.453125,0.0
8388,1526,1.232421875,0.28125,-0.40625,0.0
8389,1527,-1.4541015625,0.3125,1.125,0.0
8390,1527,-1.5078125,-2.265625,-0.46875,1.0
8391,1527,1.5947265625,0.453125,-2.59375,1.0
8392,1527,2.015625,1.40625,0.515625,0.0
8393,1527,0.77734375,1.109375,-1.390625,0.0
8394,1528,1.11328125,0.90625,0.1875,0.0
8395,1528,2.2685546875,1.203125,-1.859375,0.0
8396,1528,0.31640625,-0.234375,0.609375,0.0
8397,1528,2.1865234375,0.125,-1.296875,0.0
8398,1528,1.736328125,-0.03125,-0.1875,0.0
8399,1528,-0.09375,-1.015625,0.78125,1.0
8400,1529,1.0048828125,0.15625,2.015625,0.0
8401,1529,1.2236328125,0.234375,0.078125,0.0
8402,1529,-0.068359375,-1.5,-0.328125,0.0
8403,1529,1.3388671875,-0.265625,0.625,0.0
8404,1529,-2.5966796875,-1.703125,0.359375,1.0
8405,1529,1.8642578125,1.046875,-0.546875,0.0
8406,1529,-2.08984375,-0.15625,2.3125,0.0
8407,1530,2.4326171875,-0.640625,-1.046875,1.0
8408,1530,-1.009765625,-0.71875,-1.5,0.0
8409,1530,-0.8037109375,0.0625,-0.71875,1.0
8410,1530,0.689453125,0.515625,0.65625,0.0
8411,1530,2.095703125,1.140625,-0.8125,1.0
8412,1530,-0.984375,-0.140625,1.0,1.0
8413,1530,-0.4443359375,-0.796875,-0.375,0.0
8414,1530,-0.2978515625,0.234375,0.78125,0.0
8415,1531,0.4140625,0.78125,-0.359375,0.0
8416,1531,3.75390625,1.25,0.90625,0.0
8417,1531,-1.427734375,-0.21875,0.15625,0.0
8418,1532,0.2607421875,-0.75,-0.765625,1.0
8419,1532,0.119140625,0.75,0.8125,0.0
8420,1532,2.7451171875,1.21875,-0.765625,0.0
8421,1532,1.1376953125,1.0,-0.6875,1.0
8422,1533,-0.748046875,-0.796875,1.109375,0.0
8423,1533,-0.5849609375,0.328125,-0.859375,1.0
8424,1533,-0.962890625,0.359375,0.265625,1.0
8425,1533,1.49609375,0.390625,-0.671875,0.0
8426,1533,1.1533203125,0.71875,-0.046875,1.0
8427,1534,-1.27734375,-0.828125,0.84375,1.0
8428,1534,0.4541015625,0.484375,0.15625,1.0
8429,1534,2.6015625,1.453125,0.65625,0.0
8430,1534,2.7705078125,0.203125,-1.4375,1.0
8431,1534,-2.685546875,-0.9375,1.109375,1.0
8432,1534,-3.12890625,0.1875,1.921875,0.0
8433,1535,1.732421875,2.0,0.3125,0.0
8434,1535,1.2353515625,1.796875,-1.109375,1.0
8435,1535,-1.49609375,-0.578125,-1.03125,1.0
8436,1535,0.9296875,0.453125,0.4375,0.0
8437,1535,0.884765625,1.078125,-0.015625,0.0
8438,1535,-0.75,0.5,-0.53125,1.0
8439,1535,1.162109375,-0.78125,-1.671875,0.0
8440,1536,0.0380859375,-0.109375,0.8125,1.0
8441,1536,1.578125,0.953125,0.96875,1.0
8442,1536,-2.115234375,-1.0,-1.046875,1.0
8443,1536,1.2294921875,1.0625,-0.65625,0.0
8444,1536,-0.271484375,-0.34375,-0.640625,0.0
8445,1536,-0.048828125,-0.34375,0.3125,0.0
8446,1536,1.6796875,0.390625,-1.4375,0.0
8447,1536,-1.2548828125,1.078125,0.875,1.0
8448,1537,-1.6982421875,0.171875,-0.203125,0.0
8449,1537,-0.1796875,0.390625,0.046875,1.0
8450,1537,-0.0634765625,-0.25,0.609375,1.0
8451,1538,-1.181640625,-0.359375,0.265625,0.0
8452,1538,0.7822265625,1.484375,-0.265625,0.0
8453,1538,-1.84375,-1.71875,1.15625,1.0
8454,1538,-0.6767578125,-0.0625,1.734375,1.0
8455,1539,0.353515625,-0.9375,-0.484375,1.0
8456,1539,-0.5166015625,0.046875,-1.640625,0.0
8457,1539,-1.33984375,0.453125,0.34375,0.0
8458,1539,0.0166015625,0.171875,1.15625,0.0
8459,1539,0.3251953125,0.03125,-0.171875,0.0
8460,1540,1.2275390625,0.984375,-0.03125,0.0
8461,1540,1.408203125,1.34375,1.421875,0.0
8462,1540,2.7529296875,1.578125,-0.140625,0.0
8463,1540,0.5712890625,0.8125,-0.25,1.0
8464,1540,-1.12890625,1.203125,0.65625,1.0
8465,1540,2.9609375,1.0625,-0.171875,0.0
8466,1541,1.9970703125,0.328125,-0.203125,1.0
8467,1541,0.5791015625,1.03125,1.09375,0.0
8468,1541,-1.615234375,-0.578125,1.359375,1.0
8469,1541,-2.44921875,-1.328125,0.578125,0.0
8470,1541,2.1240234375,1.3125,-1.140625,0.0
8471,1541,-0.0927734375,0.078125,-1.171875,0.0
8472,1541,0.0546875,-0.890625,1.0,1.0
8473,1542,0.169921875,0.203125,0.296875,1.0
8474,1542,0.1767578125,-1.703125,1.1875,0.0
8475,1542,-1.8251953125,-0.375,0.125,1.0
8476,1542,-0.8212890625,-0.171875,1.671875,1.0
8477,1542,-0.8291015625,1.0,0.890625,0.0
8478,1542,-0.302734375,0.328125,0.40625,0.0
8479,1542,3.5751953125,3.078125,-0.59375,0.0
8480,1542,1.59375,-0.484375,-1.46875,0.0
8481,1543,2.962890625,0.359375,-0.90625,1.0
8482,1543,1.322265625,-0.15625,-0.484375,1.0
8483,1543,-1.0908203125,1.078125,0.5625,0.0
8484,1544,0.34765625,-0.234375,0.5,0.0
8485,1544,-0.71484375,-0.09375,-0.171875,0.0
8486,1544,1.798828125,1.828125,-0.171875,1.0
8487,1544,2.3955078125,2.1875,1.921875,0.0
8488,1545,0.119140625,0.78125,-0.21875,0.0
8489,1545,-0.3408203125,-0.53125,1.390625,0.0
8490,1545,-0.3466796875,0.1875,-0.015625,0.0
8491,1545,2.0791015625,0.265625,-0.671875,0.0
8492,1545,0.5078125,0.59375,0.296875,0.0
8493,1546,-1.9892578125,0.078125,-0.015625,1.0
8494,1546,0.056640625,-1.1875,-1.3125,0.0
8495,1546,-1.66015625,-0.140625,0.703125,1.0
8496,1546,1.525390625,1.046875,-0.15625,0.0
8497,1546,-0.576171875,-0.25,0.59375,1.0
8498,1546,2.6279296875,1.59375,-0.921875,0.0
8499,1547,1.33203125,1.171875,0.421875,1.0
8500,1547,1.2578125,1.4375,0.515625,1.0
8501,1547,-0.0546875,-0.609375,-0.65625,1.0
8502,1547,-0.6826171875,-1.140625,-0.671875,1.0
8503,1547,1.0849609375,1.140625,-0.765625,0.0
8504,1547,1.14453125,-0.328125,0.625,1.0
8505,1547,-0.4609375,-0.359375,-0.53125,0.0
8506,1548,-1.3154296875,-0.984375,0.234375,0.0
8507,1548,-1.65625,-2.921875,0.640625,1.0
8508,1548,-1.4140625,-1.703125,0.3125,1.0
8509,1548,-0.1298828125,-0.703125,0.15625,0.0
8510,1548,-0.4658203125,-0.765625,-0.53125,0.0
8511,1548,0.4580078125,0.953125,-0.734375,0.0
8512,1548,-0.091796875,0.234375,1.234375,0.0
8513,1548,0.3134765625,-0.140625,-0.015625,1.0
8514,1549,-0.50390625,0.6875,0.59375,0.0
8515,1549,1.359375,1.25,-0.03125,0.0
8516,1549,-2.2421875,-1.640625,-0.109375,0.0
8517,1550,2.00390625,1.15625,0.984375,1.0
8518,1550,0.6357421875,-0.421875,-0.25,0.0
8519,1550,1.5849609375,0.984375,1.421875,1.0
8520,1550,-0.2626953125,-0.703125,0.4375,0.0
8521,1551,0.5947265625,-0.328125,-0.046875,1.0
8522,1551,-0.529296875,-0.3125,0.34375,1.0
8523,1551,-1.4384765625,-1.65625,0.265625,1.0
8524,1551,-3.572265625,-0.484375,2.578125,0.0
8525,1551,1.267578125,0.1875,-1.15625,1.0
8526,1552,-0.744140625,-0.328125,0.546875,1.0
8527,1552,0.27734375,0.5,0.453125,0.0
8528,1552,-0.4609375,-0.734375,-1.15625,0.0
8529,1552,-1.1357421875,0.234375,0.0625,0.0
8530,1552,-1.1767578125,-0.515625,0.3125,0.0
8531,1552,2.6376953125,1.8125,-0.984375,0.0
8532,1553,0.1982421875,0.578125,-0.4375,0.0
8533,1553,-2.2978515625,-0.71875,0.65625,0.0
8534,1553,-0.5791015625,-0.109375,0.59375,1.0
8535,1553,1.5654296875,-1.015625,-1.75,1.0
8536,1553,-0.54296875,-0.390625,-0.578125,1.0
8537,1553,-2.1826171875,0.3125,0.96875,0.0
8538,1553,1.6298828125,1.46875,-0.328125,0.0
8539,1554,1.6318359375,0.59375,-0.6875,0.0
8540,1554,1.8056640625,2.3125,1.046875,1.0
8541,1554,0.7685546875,1.1875,0.296875,0.0
8542,1554,0.787109375,0.515625,-0.03125,1.0
8543,1554,0.28125,1.15625,0.484375,1.0
8544,1554,1.083984375,1.640625,-0.0625,0.0
8545,1554,0.708984375,0.9375,-1.0625,0.0
8546,1554,-1.8583984375,-0.40625,0.359375,0.0
8547,1555,-1.64453125,-0.234375,1.21875,0.0
8548,1555,2.8623046875,0.359375,0.171875,1.0
8549,1555,3.11328125,0.921875,-1.234375,1.0
8550,1556,0.119140625,0.46875,1.375,0.0
8551,1556,-0.275390625,0.140625,-0.484375,1.0
8552,1556,2.3583984375,1.28125,-0.25,1.0
8553,1556,1.609375,0.140625,-0.390625,0.0
8554,1557,2.671875,1.46875,0.421875,0.0
8555,1557,-0.3740234375,-1.390625,-0.546875,1.0
8556,1557,0.51171875,1.296875,-0.984375,0.0
8557,1557,1.494140625,-0.40625,0.234375,1.0
8558,1557,0.3857421875,-0.875,-1.75,1.0
8559,1558,-0.2978515625,-0.234375,0.375,0.0
8560,1558,0.2099609375,-0.65625,-0.59375,1.0
8561,1558,-2.625,-1.515625,0.890625,0.0
8562,1558,-0.9306640625,-2.421875,-0.84375,0.0
8563,1558,2.05078125,2.359375,-0.953125,0.0
8564,1558,1.263671875,-1.03125,-0.125,1.0
8565,1559,2.2021484375,0.53125,-0.78125,0.0
8566,1559,-0.8984375,-0.53125,1.609375,1.0
8567,1559,-1.4560546875,-2.671875,2.0,1.0
8568,1559,0.345703125,-1.546875,0.046875,0.0
8569,1559,-3.08203125,-0.484375,1.3125,0.0
8570,1559,1.4873046875,1.109375,0.3125,0.0
8571,1559,1.3974609375,0.90625,-0.6875,0.0
8572,1560,-0.41015625,-0.140625,-0.328125,0.0
8573,1560,-0.9072265625,1.40625,0.921875,0.0
8574,1560,-1.2880859375,-1.65625,-1.109375,0.0
8575,1560,-0.7490234375,-0.921875,-1.0625,0.0
8576,1560,-1.400390625,-0.71875,-0.4375,0.0
8577,1560,-2.125,-1.796875,0.390625,1.0
8578,1560,0.798828125,-0.1875,-0.6875,0.0
8579,1560,0.5166015625,-0.171875,-0.140625,1.0
8580,1561,1.4775390625,0.59375,-0.75,0.0
8581,1561,3.2373046875,0.40625,-0.671875,0.0
8582,1561,-0.646484375,-0.28125,-0.703125,1.0
8583,1562,-0.638671875,-0.234375,0.65625,0.0
8584,1562,-0.7314453125,-0.796875,-1.0,0.0
8585,1562,-0.5908203125,0.078125,0.3125,0.0
8586,1562,1.6005859375,1.3125,-0.3125,1.0
8587,1563,-1.234375,-0.953125,0.15625,1.0
8588,1563,-0.2490234375,-1.015625,0.3125,0.0
8589,1563,0.4052734375,-0.328125,-0.765625,0.0
8590,1563,0.65625,0.03125,0.5625,0.0
8591,1563,0.4462890625,0.03125,-0.328125,0.0
8592,1564,-1.5400390625,-0.609375,2.0,1.0
8593,1564,1.921875,0.0625,-1.203125,1.0
8594,1564,0.18359375,-1.03125,0.21875,0.0
8595,1564,0.939453125,0.4375,-0.03125,0.0
8596,1564,-1.08203125,-0.078125,0.484375,0.0
8597,1564,0.7373046875,0.828125,0.515625,0.0
8598,1565,-0.4912109375,-0.109375,1.078125,0.0
8599,1565,0.7607421875,0.375,-2.234375,1.0
8600,1565,-2.0830078125,-0.40625,-1.171875,0.0
8601,1565,-1.109375,-1.046875,1.46875,0.0
8602,1565,0.5224609375,0.46875,-0.34375,0.0
8603,1565,-0.09765625,0.75,0.65625,0.0
8604,1565,-1.6845703125,0.234375,-0.984375,1.0
8605,1566,-1.96875,-0.265625,0.296875,0.0
8606,1566,2.1484375,-0.046875,-1.5625,1.0
8607,1566,0.8359375,0.21875,-0.21875,0.0
8608,1566,-1.11328125,-0.78125,0.5625,1.0
8609,1566,-0.298828125,-0.96875,-0.546875,0.0
8610,1566,1.396484375,0.5625,-0.984375,1.0
8611,1566,2.4130859375,1.5625,-0.9375,1.0
8612,1566,-0.5068359375,0.125,-0.09375,1.0
8613,1567,-0.5947265625,-0.984375,0.53125,0.0
8614,1567,0.4306640625,0.34375,0.6875,1.0
8615,1567,2.1826171875,1.734375,-0.234375,1.0
8616,1568,-0.0947265625,-1.25,-0.046875,0.0
8617,1568,0.76953125,-0.03125,-0.828125,0.0
8618,1568,0.09375,-2.328125,-2.34375,0.0
8619,1568,1.1279296875,0.015625,1.265625,1.0
8620,1569,0.9736328125,0.40625,-1.5,1.0
8621,1569,-0.712890625,0.921875,-0.6875,0.0
8622,1569,1.3134765625,1.40625,-1.234375,0.0
8623,1569,0.0859375,1.0,-0.671875,1.0
8624,1569,-1.083984375,-0.078125,0.671875,0.0
8625,1570,0.3203125,-0.71875,-1.3125,1.0
8626,1570,-0.5234375,0.125,0.671875,1.0
8627,1570,-1.3583984375,0.875,-0.171875,0.0
8628,1570,-3.0634765625,0.9375,0.953125,0.0
8629,1570,-2.267578125,-0.546875,-0.4375,1.0
8630,1570,1.0068359375,0.234375,-1.484375,1.0
8631,1571,0.650390625,-1.03125,0.203125,1.0
8632,1571,-0.2734375,-0.328125,-1.328125,0.0
8633,1571,0.357421875,-2.21875,-1.265625,1.0
8634,1571,0.3896484375,-0.546875,-0.21875,0.0
8635,1571,-0.150390625,-0.765625,-1.546875,0.0
8636,1571,-1.5751953125,-1.34375,0.5,0.0
8637,1571,1.078125,1.6875,1.140625,0.0
8638,1572,1.0078125,0.609375,-1.75,0.0
8639,1572,-0.2353515625,-0.109375,0.609375,0.0
8640,1572,0.0419921875,-0.1875,-0.65625,0.0
8641,1572,-1.0478515625,0.4375,0.609375,0.0
8642,1572,-0.2119140625,-0.265625,-0.625,0.0
8643,1572,3.3232421875,1.734375,0.234375,1.0
8644,1572,0.9501953125,-0.265625,1.046875,0.0
8645,1572,0.3212890625,0.25,0.140625,0.0
8646,1573,-3.0244140625,-2.609375,1.328125,1.0
8647,1573,0.6201171875,-0.375,-0.25,0.0
8648,1573,1.63671875,0.28125,-0.109375,1.0
8649,1574,-0.373046875,-0.296875,0.515625,0.0
8650,1574,-4.322265625,-1.671875,2.75,0.0
8651,1574,-0.8828125,-1.4375,0.125,0.0
8652,1574,-1.142578125,0.1875,0.171875,0.0
8653,1575,0.2734375,-0.734375,0.375,0.0
8654,1575,-2.6513671875,-2.109375,1.109375,0.0
8655,1575,-0.333984375,-0.40625,-0.875,0.0
8656,1575,1.3251953125,-0.953125,0.09375,1.0
8657,1575,-0.080078125,0.0,-0.03125,0.0
8658,1576,0.7783203125,-0.453125,-0.765625,0.0
8659,1576,-0.337890625,-1.21875,-0.171875,1.0
8660,1576,2.880859375,1.03125,-1.046875,0.0
8661,1576,-0.833984375,-0.390625,0.9375,0.0
8662,1576,1.38671875,0.1875,-0.703125,0.0
8663,1576,-1.7041015625,-1.46875,0.015625,0.0
8664,1577,1.078125,0.8125,0.65625,0.0
8665,1577,-0.265625,-0.46875,1.859375,1.0
8666,1577,-0.61328125,-0.859375,1.375,1.0
8667,1577,-0.3037109375,-0.484375,-0.28125,0.0
8668,1577,1.2861328125,-0.03125,-0.171875,0.0
8669,1577,-0.8642578125,-1.734375,-1.515625,0.0
8670,1577,0.158203125,0.203125,0.140625,0.0
8671,1578,-0.2802734375,-0.765625,0.765625,0.0
8672,1578,0.412109375,-0.828125,-1.53125,1.0
8673,1578,0.6591796875,0.953125,-1.78125,0.0
8674,1578,0.5185546875,0.3125,0.75,0.0
8675,1578,-1.1943359375,0.703125,1.265625,0.0
8676,1578,-1.3740234375,0.390625,0.1875,0.0
8677,1578,-0.8994140625,-0.75,0.546875,0.0
8678,1578,-0.513671875,-0.96875,-0.234375,0.0
8679,1579,-1.9609375,-0.34375,1.125,1.0
8680,1579,-0.5517578125,-0.46875,-0.546875,1.0
8681,1579,-0.490234375,-0.34375,-0.828125,0.0
8682,1580,-0.591796875,1.015625,-0.359375,1.0
8683,1580,0.3798828125,-0.015625,-0.90625,0.0
8684,1580,-2.5625,-0.921875,-0.046875,0.0
8685,1580,-0.5810546875,-1.015625,0.671875,0.0
8686,1581,0.3896484375,-0.734375,-1.046875,0.0
8687,1581,-0.46484375,-0.671875,0.0,1.0
8688,1581,0.4150390625,-1.375,-0.421875,0.0
8689,1581,0.8623046875,0.546875,-0.21875,0.0
8690,1581,1.130859375,0.765625,-0.84375,0.0
8691,1582,-0.0224609375,0.109375,-0.59375,0.0
8692,1582,0.302734375,0.53125,-1.6875,0.0
8693,1582,3.240234375,2.203125,0.34375,0.0
8694,1582,-1.1875,0.25,-0.328125,0.0
8695,1582,0.24609375,-0.078125,-0.796875,1.0
8696,1582,0.1220703125,0.390625,-0.328125,0.0
8697,1583,0.53125,0.734375,-0.3125,1.0
8698,1583,-1.03515625,-1.828125,-0.171875,0.0
8699,1583,-0.1044921875,-0.40625,-1.265625,1.0
8700,1583,0.4755859375,2.28125,1.453125,0.0
8701,1583,-0.564453125,0.515625,-0.21875,1.0
8702,1583,-1.314453125,-0.84375,0.734375,0.0
8703,1583,-1.9990234375,0.40625,0.203125,0.0
8704,1584,-0.2119140625,-0.328125,-0.78125,0.0
8705,1584,1.14453125,0.3125,-1.234375,1.0
8706,1584,1.30078125,2.078125,-1.4375,0.0
8707,1584,-0.8232421875,0.125,0.578125,1.0
8708,1584,-1.7392578125,-0.34375,1.21875,0.0
8709,1584,-2.1240234375,-0.65625,1.03125,0.0
8710,1584,-0.6669921875,0.125,-0.625,1.0
8711,1584,-0.958984375,-0.234375,0.28125,0.0
8712,1585,-1.2353515625,-0.34375,0.484375,0.0
8713,1585,-1.3251953125,0.265625,1.484375,0.0
8714,1585,2.125,0.421875,0.640625,0.0
8715,1586,-2.0078125,-0.6875,-0.78125,1.0
8716,1586,-2.4619140625,-0.9375,-0.96875,0.0
8717,1586,-0.591796875,-0.546875,-0.015625,1.0
8718,1586,-0.7470703125,0.0,-1.34375,1.0
8719,1587,0.4287109375,0.546875,-0.375,0.0
8720,1587,-0.9609375,-0.71875,-0.109375,0.0
8721,1587,-0.48046875,-1.671875,-0.4375,0.0
8722,1587,1.2861328125,1.1875,-1.859375,1.0
8723,1587,-0.9638671875,-0.875,-0.125,1.0
8724,1588,-0.25,-0.65625,-0.21875,1.0
8725,1588,-1.6025390625,-0.734375,0.28125,0.0
8726,1588,-0.91015625,0.015625,-0.21875,0.0
8727,1588,-0.4365234375,1.171875,-0.046875,0.0
8728,1588,0.3388671875,0.421875,-1.640625,1.0
8729,1588,-1.7216796875,-0.484375,-0.109375,0.0
8730,1589,-0.587890625,0.0625,0.5625,0.0
8731,1589,1.13671875,0.578125,-0.125,1.0
8732,1589,4.619140625,2.859375,-1.515625,0.0
8733,1589,-0.052734375,0.125,0.09375,1.0
8734,1589,0.7998046875,-1.109375,-1.5625,0.0
8735,1589,1.7314453125,1.109375,-1.53125,0.0
8736,1589,-1.0517578125,-0.09375,1.359375,1.0
8737,1590,-1.2900390625,-0.96875,0.890625,1.0
8738,1590,0.8515625,0.25,-1.546875,0.0
8739,1590,1.1669921875,0.828125,0.34375,0.0
8740,1590,0.375,-0.484375,0.34375,1.0
8741,1590,-0.1669921875,-1.296875,0.5625,0.0
8742,1590,1.4609375,-1.0625,-0.40625,0.0
8743,1590,1.11328125,0.0,1.203125,0.0
8744,1590,-1.0419921875,-0.875,0.890625,1.0
8745,1591,-0.423828125,-0.078125,0.0625,1.0
8746,1591,-1.8916015625,-0.984375,1.53125,1.0
8747,1591,-1.45703125,0.140625,0.328125,0.0
8748,1592,-1.2578125,-0.53125,0.109375,1.0
8749,1592,0.982421875,-0.859375,-1.828125,0.0
8750,1592,-0.123046875,-0.4375,-0.296875,1.0
8751,1592,0.9970703125,0.21875,0.0625,1.0
8752,1593,0.0166015625,-0.1875,1.8125,1.0
8753,1593,0.2451171875,0.78125,1.765625,1.0
8754,1593,1.7685546875,0.5,1.671875,0.0
8755,1593,-0.9677734375,-1.03125,1.125,0.0
8756,1593,0.0361328125,0.0,0.0,0.0
8757,1594,0.64453125,-0.0625,-0.4375,1.0
8758,1594,0.4462890625,1.171875,0.1875,0.0
8759,1594,-0.0595703125,0.71875,-0.046875,1.0
8760,1594,3.1875,2.59375,-0.21875,0.0
8761,1594,2.0,0.5,1.375,0.0
8762,1594,0.189453125,-0.078125,1.359375,0.0
8763,1595,-0.712890625,0.734375,0.953125,0.0
8764,1595,0.8583984375,-0.4375,1.015625,1.0
8765,1595,2.6357421875,0.09375,-1.28125,0.0
8766,1595,0.12890625,0.453125,1.515625,1.0
8767,1595,0.0146484375,-0.84375,2.953125,1.0
8768,1595,0.3720703125,0.734375,0.1875,0.0
8769,1595,-0.771484375,-0.15625,1.390625,1.0
8770,1596,-2.810546875,-0.953125,1.828125,0.0
8771,1596,-3.1220703125,-1.8125,1.90625,0.0
8772,1596,-2.5830078125,-0.046875,3.0625,0.0
8773,1596,0.9970703125,0.5,-0.390625,0.0
8774,1596,0.5400390625,0.578125,0.4375,1.0
8775,1596,0.0634765625,-0.78125,-0.65625,0.0
8776,1596,0.892578125,0.234375,-0.265625,1.0
8777,1596,0.92578125,-0.28125,-0.375,1.0
8778,1597,-1.5263671875,-0.546875,2.34375,0.0
8779,1597,1.2373046875,0.125,-0.46875,0.0
8780,1597,-1.0771484375,-1.46875,0.15625,0.0
8781,1598,1.669921875,1.59375,0.046875,0.0
8782,1598,1.0146484375,0.171875,-1.09375,0.0
8783,1598,0.158203125,-0.78125,-1.03125,0.0
8784,1598,3.486328125,0.796875,-0.8125,1.0
8785,1599,0.845703125,0.0625,0.71875,0.0
8786,1599,-1.3857421875,0.21875,0.71875,0.0
8787,1599,-0.22265625,-0.234375,-1.171875,1.0
8788,1599,0.576171875,-0.46875,-1.203125,0.0
8789,1599,-1.662109375,0.484375,1.984375,0.0
8790,1600,-0.576171875,-0.453125,-0.09375,0.0
8791,1600,0.74609375,0.671875,-1.125,1.0
8792,1600,1.685546875,0.296875,-0.421875,1.0
8793,1600,-0.5419921875,-1.1875,-0.75,1.0
8794,1600,1.0283203125,0.125,-0.921875,0.0
8795,1600,-0.3427734375,0.34375,-0.09375,1.0
8796,1601,-0.0810546875,1.390625,0.109375,0.0
8797,1601,0.8232421875,-1.296875,-0.53125,0.0
8798,1601,0.42578125,1.484375,0.609375,0.0
8799,1601,-0.0771484375,-1.09375,0.4375,0.0
8800,1601,2.2548828125,1.671875,-0.140625,1.0
8801,1601,2.2587890625,0.796875,0.984375,0.0
8802,1601,-0.5068359375,0.46875,2.453125,0.0
8803,1602,1.73046875,0.9375,-1.3125,1.0
8804,1602,-0.6103515625,0.109375,1.203125,0.0
8805,1602,-0.3623046875,-0.25,-2.09375,0.0
8806,1602,0.9501953125,1.78125,-1.421875,0.0
8807,1602,2.0947265625,-0.078125,-0.8125,0.0
8808,1602,-0.4501953125,0.75,1.609375,1.0
8809,1602,1.7275390625,2.59375,0.125,0.0
8810,1602,0.1455078125,-0.59375,-0.453125,1.0
8811,1603,-3.1142578125,-0.390625,0.890625,0.0
8812,1603,0.7431640625,0.296875,-1.46875,1.0
8813,1603,-2.5595703125,-1.015625,-1.953125,0.0
8814,1604,1.0634765625,0.546875,0.078125,0.0
8815,1604,0.47265625,0.203125,-1.0625,0.0
8816,1604,0.7783203125,-0.515625,-0.09375,0.0
8817,1604,0.15234375,-0.640625,-1.578125,0.0
8818,1605,-0.677734375,1.296875,-0.734375,0.0
8819,1605,1.2841796875,1.171875,-0.71875,0.0
8820,1605,-0.103515625,-0.109375,0.578125,1.0
8821,1605,2.724609375,0.296875,-1.59375,0.0
8822,1605,2.0615234375,1.8125,0.21875,0.0
8823,1606,-0.310546875,-0.40625,1.375,0.0
8824,1606,2.6806640625,0.84375,-1.0,0.0
8825,1606,-1.0859375,-1.015625,0.46875,0.0
8826,1606,-0.2099609375,-0.65625,0.421875,1.0
8827,1606,-1.8173828125,-0.953125,0.40625,0.0
8828,1606,0.69140625,-0.4375,-0.34375,0.0
8829,1607,-1.751953125,-0.09375,0.625,1.0
8830,1607,-2.4521484375,-1.234375,0.078125,0.0
8831,1607,-1.021484375,0.4375,0.25,0.0
8832,1607,2.451171875,1.53125,1.171875,0.0
8833,1607,-1.5859375,-0.171875,0.359375,1.0
8834,1607,0.6220703125,0.078125,0.203125,0.0
8835,1607,-1.4365234375,-1.625,-0.5,0.0
8836,1608,-0.443359375,0.109375,0.375,0.0
8837,1608,-2.64453125,-0.75,2.65625,0.0
8838,1608,2.4482421875,1.59375,0.609375,0.0
8839,1608,0.28125,-1.71875,-1.96875,0.0
8840,1608,-0.17578125,0.84375,0.09375,0.0
8841,1608,-0.03125,-0.984375,-0.34375,0.0
8842,1608,0.2021484375,-0.296875,1.984375,1.0
8843,1608,0.3974609375,-0.015625,0.453125,0.0
8844,1609,-0.0380859375,-0.65625,0.5,1.0
8845,1609,0.5146484375,0.796875,-0.140625,0.0
8846,1609,-0.8701171875,0.140625,0.625,1.0
8847,1610,1.1572265625,1.3125,1.578125,1.0
8848,1610,1.9814453125,2.078125,-0.640625,0.0
8849,1610,-0.30859375,-1.96875,0.015625,1.0
8850,1610,1.033203125,-0.421875,1.421875,0.0
8851,1611,-0.359375,-0.328125,1.84375,1.0
8852,1611,0.111328125,-0.125,0.09375,0.0
8853,1611,2.880859375,0.328125,-2.03125,1.0
8854,1611,-0.5517578125,-0.734375,0.390625,0.0
8855,1611,-0.83203125,-1.0,0.078125,0.0
8856,1612,0.9140625,1.46875,0.828125,0.0
8857,1612,-0.51953125,-0.875,0.28125,0.0
8858,1612,-2.2490234375,-1.171875,-0.90625,0.0
8859,1612,-0.544921875,-1.5625,0.140625,0.0
8860,1612,-1.1826171875,0.015625,-1.265625,0.0
8861,1612,-1.0185546875,-2.296875,-0.21875,1.0
8862,1613,0.15625,0.609375,0.84375,0.0
8863,1613,1.1396484375,-0.328125,-2.203125,1.0
8864,1613,0.41796875,-0.859375,0.828125,0.0
8865,1613,1.361328125,0.0625,-0.484375,0.0
8866,1613,-0.24609375,-1.09375,0.8125,0.0
8867,1613,2.408203125,-0.21875,-0.984375,1.0
8868,1613,-2.8466796875,-2.328125,0.953125,0.0
8869,1614,-1.455078125,-0.9375,1.84375,1.0
8870,1614,1.408203125,0.984375,0.109375,1.0
8871,1614,-0.029296875,-1.546875,1.703125,0.0
8872,1614,3.23046875,0.859375,0.515625,1.0
8873,1614,-0.6181640625,-0.640625,1.203125,1.0
8874,1614,0.7451171875,0.359375,1.453125,0.0
8875,1614,-2.4921875,-0.5625,1.96875,0.0
8876,1614,1.1220703125,0.96875,1.78125,1.0
8877,1615,0.466796875,1.984375,0.953125,0.0
8878,1615,0.2890625,-0.78125,0.5,0.0
8879,1615,1.078125,0.359375,1.171875,0.0
8880,1616,-2.123046875,-0.53125,1.140625,0.0
8881,1616,1.6904296875,-0.625,-3.015625,0.0
8882,1616,1.1396484375,1.078125,-1.078125,1.0
8883,1616,-3.1591796875,0.796875,2.5,0.0
8884,1617,2.5810546875,1.78125,1.15625,1.0
8885,1617,-0.31640625,-1.015625,0.484375,1.0
8886,1617,0.787109375,0.625,0.28125,0.0
8887,1617,-0.216796875,-0.46875,0.234375,0.0
8888,1617,0.619140625,-0.6875,-0.53125,0.0
8889,1618,0.5654296875,1.375,-0.21875,1.0
8890,1618,0.3466796875,-1.046875,0.296875,1.0
8891,1618,-0.580078125,0.171875,-0.375,0.0
8892,1618,-0.1767578125,1.109375,2.859375,0.0
8893,1618,1.5556640625,0.84375,0.453125,0.0
8894,1618,3.3408203125,1.4375,-0.4375,1.0
8895,1619,-0.232421875,-0.8125,-0.15625,0.0
8896,1619,2.58984375,1.859375,-0.046875,1.0
8897,1619,-1.4951171875,-1.515625,2.078125,1.0
8898,1619,-1.396484375,-0.3125,-0.40625,0.0
8899,1619,1.3828125,-0.1875,1.0625,0.0
8900,1619,2.400390625,1.078125,0.09375,1.0
8901,1619,0.5712890625,-1.125,1.078125,1.0
8902,1620,-1.1533203125,-0.5625,-0.921875,0.0
8903,1620,1.8125,1.078125,-0.4375,1.0
8904,1620,-0.6044921875,-1.203125,2.6875,0.0
8905,1620,2.138671875,0.296875,0.328125,0.0
8906,1620,1.4853515625,0.46875,-0.65625,0.0
8907,1620,1.025390625,0.359375,1.28125,0.0
8908,1620,-0.3779296875,-0.09375,-1.546875,0.0
8909,1620,-1.119140625,-0.4375,1.1875,0.0
8910,1621,-0.662109375,-0.75,0.5625,0.0
8911,1621,-1.466796875,-0.28125,-0.578125,1.0
8912,1621,0.73046875,1.203125,0.921875,0.0
8913,1622,1.4921875,-0.921875,-1.046875,0.0
8914,1622,1.6708984375,0.890625,0.265625,0.0
8915,1622,1.2392578125,-0.046875,0.4375,0.0
8916,1622,1.7216796875,0.34375,1.515625,1.0
8917,1623,-3.5419921875,-0.71875,-0.921875,0.0
8918,1623,-1.302734375,-0.734375,-1.3125,0.0
8919,1623,-0.0537109375,-1.671875,-0.265625,0.0
8920,1623,-0.384765625,-0.46875,0.40625,1.0
8921,1623,0.9970703125,0.625,0.171875,1.0
8922,1624,-0.9091796875,-2.203125,0.546875,1.0
8923,1624,-0.470703125,-0.671875,1.734375,0.0
8924,1624,-1.6455078125,-0.03125,1.46875,0.0
8925,1624,-0.54296875,0.78125,-0.296875,0.0
8926,1624,0.3115234375,0.21875,0.484375,1.0
8927,1624,-0.5751953125,0.59375,-1.53125,0.0
8928,1625,0.3369140625,-0.859375,0.90625,0.0
8929,1625,1.48828125,-0.640625,-1.28125,0.0
8930,1625,0.6708984375,-0.46875,1.21875,0.0
8931,1625,0.33984375,0.078125,-0.40625,0.0
8932,1625,1.703125,0.59375,0.03125,1.0
8933,1625,0.2724609375,-0.234375,-0.21875,0.0
8934,1625,0.189453125,0.375,0.53125,0.0
8935,1626,-0.3720703125,-0.265625,1.4375,0.0
8936,1626,-2.4580078125,-1.140625,0.84375,1.0
8937,1626,0.4951171875,0.609375,0.90625,1.0
8938,1626,2.5712890625,1.078125,-1.171875,1.0
8939,1626,1.962890625,1.125,0.140625,1.0
8940,1626,2.162109375,-0.359375,-0.515625,1.0
8941,1626,-1.271484375,-0.296875,0.25,0.0
8942,1626,0.7060546875,-0.671875,0.359375,0.0
8943,1627,-3.6533203125,-1.09375,1.390625,1.0
8944,1627,0.970703125,-0.671875,0.03125,0.0
8945,1627,1.6572265625,1.90625,0.484375,1.0
8946,1628,1.76171875,1.09375,-0.5625,1.0
8947,1628,1.759765625,0.46875,-0.359375,0.0
8948,1628,0.2099609375,-0.515625,-0.25,1.0
8949,1628,1.3935546875,0.578125,-1.28125,0.0
8950,1629,2.2822265625,0.9375,-0.6875,1.0
8951,1629,1.46484375,1.5625,0.109375,1.0
8952,1629,1.1328125,-0.078125,0.265625,0.0
8953,1629,0.1708984375,-0.34375,-0.265625,0.0
8954,1629,0.3251953125,-1.421875,0.078125,0.0
8955,1630,-1.51171875,-1.046875,-0.6875,1.0
8956,1630,-2.62109375,0.390625,1.0,0.0
8957,1630,-1.17578125,0.203125,-1.3125,0.0
8958,1630,0.65625,1.296875,-0.703125,0.0
8959,1630,0.197265625,0.78125,-0.28125,0.0
8960,1630,-0.0478515625,-0.203125,-0.765625,0.0
8961,1631,-0.3388671875,-0.734375,-1.21875,0.0
8962,1631,1.46484375,-0.484375,0.328125,0.0
8963,1631,1.6513671875,-0.546875,0.3125,1.0
8964,1631,0.318359375,-0.0625,0.453125,0.0
8965,1631,0.4189453125,0.125,0.484375,1.0
8966,1631,1.6904296875,-0.40625,0.359375,0.0
8967,1631,-0.8408203125,-2.328125,-0.21875,1.0
8968,1632,-0.4892578125,0.375,-0.71875,0.0
8969,1632,-1.1298828125,-0.15625,1.390625,1.0
8970,1632,2.3544921875,0.265625,-0.125,0.0
8971,1632,0.3828125,-0.390625,-1.609375,1.0
8972,1632,1.3271484375,0.78125,0.4375,0.0
8973,1632,0.8349609375,-0.96875,1.265625,1.0
8974,1632,0.69140625,-0.640625,0.234375,0.0
8975,1632,1.9228515625,0.9375,-0.609375,1.0
8976,1633,3.81640625,1.078125,1.046875,1.0
8977,1633,2.8154296875,0.15625,0.515625,1.0
8978,1633,-0.0341796875,-0.40625,-0.515625,0.0
8979,1634,1.5888671875,-0.515625,-0.34375,0.0
8980,1634,-0.068359375,0.875,1.765625,1.0
8981,1634,1.4462890625,-0.21875,0.40625,1.0
8982,1634,-1.8984375,-1.59375,1.203125,0.0
8983,1635,-0.8408203125,0.15625,-1.140625,0.0
8984,1635,0.5302734375,1.40625,1.734375,0.0
8985,1635,-1.6025390625,0.40625,0.734375,0.0
8986,1635,2.021484375,3.28125,-1.59375,0.0
8987,1635,-1.8603515625,-1.484375,-0.984375,0.0
8988,1636,0.16015625,-0.703125,0.609375,0.0
8989,1636,2.4013671875,0.65625,-0.359375,0.0
8990,1636,-1.6748046875,-0.46875,-0.328125,1.0
8991,1636,0.2880859375,-1.578125,-1.671875,0.0
8992,1636,0.669921875,-0.75,-1.734375,1.0
8993,1636,0.9638671875,0.671875,-0.453125,1.0
8994,1637,0.298828125,1.03125,-0.53125,0.0
8995,1637,-0.0263671875,1.6875,-0.21875,0.0
8996,1637,0.791015625,0.28125,-0.1875,1.0
8997,1637,-0.916015625,-1.078125,0.5625,1.0
8998,1637,-1.283203125,-0.234375,-0.46875,0.0
8999,1637,0.9658203125,1.375,0.421875,0.0
9000,1637,0.4033203125,-0.15625,-1.109375,1.0
9001,1638,-1.3681640625,0.234375,-0.671875,0.0
9002,1638,-3.2822265625,-3.234375,-0.46875,0.0
9003,1638,-2.1845703125,-0.234375,0.09375,0.0
9004,1638,0.3974609375,0.65625,0.265625,1.0
9005,1638,-0.1494140625,0.453125,-0.640625,0.0
9006,1638,0.3095703125,0.734375,-0.4375,0.0
9007,1638,-2.4814453125,-0.71875,-0.625,1.0
9008,1638,2.318359375,2.34375,-0.640625,0.0
9009,1639,2.78515625,1.15625,-0.859375,0.0
9010,1639,0.6552734375,0.5625,0.109375,0.0
9011,1639,2.6455078125,0.421875,-0.953125,1.0
9012,1640,-0.494140625,-0.609375,1.4375,0.0
9013,1640,-1.1123046875,-0.546875,0.328125,0.0
9014,1640,1.001953125,2.28125,2.046875,0.0
9015,1640,-0.8798828125,0.25,1.703125,1.0
9016,1641,-3.0087890625,-1.21875,1.578125,1.0
9017,1641,1.4892578125,0.984375,-0.9375,0.0
9018,1641,-2.234375,-0.546875,-0.765625,1.0
9019,1641,-0.056640625,0.046875,-2.859375,0.0
9020,1641,1.228515625,1.40625,0.15625,0.0
9021,1642,0.244140625,0.0,-0.40625,0.0
9022,1642,0.6552734375,0.65625,-1.09375,1.0
9023,1642,1.4306640625,0.171875,-0.609375,0.0
9024,1642,0.11328125,0.5625,0.46875,0.0
9025,1642,-1.9033203125,-0.609375,0.078125,0.0
9026,1642,1.173828125,1.234375,1.015625,0.0
9027,1643,-0.203125,1.65625,1.359375,1.0
9028,1643,-2.7734375,0.015625,1.59375,0.0
9029,1643,-1.220703125,-0.1875,0.796875,1.0
9030,1643,0.08984375,0.484375,-0.046875,0.0
9031,1643,-2.48828125,-1.671875,0.921875,1.0
9032,1643,2.5517578125,3.5,-0.328125,0.0
9033,1643,0.80859375,1.234375,-0.328125,1.0
9034,1644,-1.7724609375,-1.03125,-0.484375,0.0
9035,1644,0.3056640625,0.03125,-0.921875,0.0
9036,1644,0.880859375,0.171875,-0.453125,0.0
9037,1644,1.3203125,2.359375,0.109375,1.0
9038,1644,-0.556640625,-0.234375,0.109375,0.0
9039,1644,-0.1611328125,-0.1875,-0.34375,1.0
9040,1644,1.0478515625,0.953125,-0.65625,1.0
9041,1644,1.1875,0.734375,-1.03125,0.0
9042,1645,0.091796875,-0.125,-1.09375,1.0
9043,1645,0.3408203125,-0.859375,-1.796875,0.0
9044,1645,-1.5703125,-1.203125,0.03125,0.0
9045,1646,-0.3798828125,-1.03125,-0.140625,0.0
9046,1646,-0.880859375,0.453125,2.09375,0.0
9047,1646,1.572265625,-0.125,-0.140625,0.0
9048,1646,0.6611328125,-0.34375,-0.546875,0.0
9049,1647,2.3896484375,2.5625,-0.578125,0.0
9050,1647,0.296875,0.109375,0.234375,0.0
9051,1647,-0.7509765625,-0.671875,-0.328125,0.0
9052,1647,0.390625,-1.046875,0.171875,0.0
9053,1647,-1.1982421875,2.375,0.609375,1.0
9054,1648,0.876953125,0.0,-0.84375,1.0
9055,1648,-0.2958984375,-0.171875,1.234375,1.0
9056,1648,-1.5966796875,-0.65625,0.390625,0.0
9057,1648,-1.69140625,-0.3125,0.28125,0.0
9058,1648,0.4267578125,1.8125,0.140625,0.0
9059,1648,0.017578125,0.125,-0.671875,1.0
9060,1649,0.912109375,-0.265625,-1.9375,0.0
9061,1649,0.7646484375,0.640625,-0.1875,0.0
9062,1649,-2.203125,-0.984375,-0.171875,0.0
9063,1649,-0.4140625,-0.46875,-0.515625,0.0
9064,1649,0.0439453125,0.640625,1.15625,0.0
9065,1649,2.5615234375,1.921875,-0.8125,1.0
9066,1649,0.154296875,-0.875,-1.5,0.0
9067,1650,-1.4501953125,-0.140625,-0.640625,0.0
9068,1650,0.8330078125,0.171875,-0.578125,1.0
9069,1650,-1.078125,-0.625,-1.65625,1.0
9070,1650,1.9287109375,0.96875,-0.828125,0.0
9071,1650,0.3935546875,1.03125,-0.78125,0.0
9072,1650,1.986328125,0.953125,-1.40625,0.0
9073,1650,-0.1064453125,-0.140625,-0.359375,1.0
9074,1650,-0.7734375,-1.203125,-0.765625,1.0
9075,1651,-1.390625,-0.96875,0.703125,1.0
9076,1651,-1.720703125,0.125,1.1875,0.0
9077,1651,-1.505859375,-1.25,1.21875,0.0
9078,1652,2.583984375,0.0,-1.203125,1.0
9079,1652,0.251953125,-0.421875,0.1875,1.0
9080,1652,-2.23046875,-0.328125,0.484375,1.0
9081,1652,-0.8935546875,-1.5625,0.0625,0.0
9082,1653,0.9755859375,0.96875,-1.40625,0.0
9083,1653,-0.64453125,0.546875,1.3125,1.0
9084,1653,0.76171875,0.390625,-0.171875,0.0
9085,1653,0.904296875,0.296875,0.4375,0.0
9086,1653,-0.84375,0.28125,-0.5625,0.0
9087,1654,0.625,-0.0625,0.296875,0.0
9088,1654,-0.6142578125,0.734375,1.671875,0.0
9089,1654,-0.0634765625,-0.53125,0.421875,1.0
9090,1654,2.3359375,0.734375,0.84375,1.0
9091,1654,0.8994140625,0.671875,1.171875,1.0
9092,1654,-1.5302734375,-1.84375,0.984375,0.0
9093,1655,1.4501953125,0.1875,-2.171875,1.0
9094,1655,-1.6572265625,0.59375,2.375,0.0
9095,1655,0.693359375,1.65625,0.734375,0.0
9096,1655,1.150390625,-0.234375,-1.34375,1.0
9097,1655,2.232421875,0.625,-0.8125,0.0
9098,1655,1.43359375,0.09375,0.078125,1.0
9099,1655,-1.298828125,-2.09375,1.015625,1.0
9100,1656,1.6826171875,0.640625,0.25,0.0
9101,1656,0.2275390625,-0.390625,0.828125,0.0
9102,1656,1.853515625,-0.34375,-0.078125,1.0
9103,1656,0.0693359375,1.640625,-0.765625,0.0
9104,1656,0.84765625,-0.015625,-1.328125,1.0
9105,1656,2.41796875,1.40625,-0.0625,1.0
9106,1656,-1.7158203125,0.265625,1.609375,1.0
9107,1656,2.0263671875,1.953125,-1.890625,1.0
9108,1657,1.9150390625,0.15625,-1.28125,1.0
9109,1657,2.2333984375,0.296875,0.65625,0.0
9110,1657,0.544921875,0.734375,1.0,0.0
9111,1658,-1.001953125,-0.625,0.28125,1.0
9112,1658,1.13671875,0.140625,-1.390625,0.0
9113,1658,0.6923828125,-0.609375,-1.828125,0.0
9114,1658,2.529296875,0.96875,2.28125,1.0
9115,1659,2.552734375,0.515625,-0.171875,0.0
9116,1659,2.3720703125,-0.40625,0.578125,1.0
9117,1659,-0.7275390625,-0.125,0.09375,0.0
9118,1659,-1.7197265625,-1.703125,0.609375,0.0
9119,1659,0.1689453125,-0.421875,-0.40625,1.0
9120,1660,0.3671875,-0.21875,0.84375,0.0
9121,1660,-1.03515625,-0.5,1.1875,0.0
9122,1660,-1.111328125,-1.46875,-0.203125,0.0
9123,1660,0.5068359375,0.09375,0.6875,0.0
9124,1660,-1.5615234375,-1.421875,-0.765625,0.0
9125,1660,0.21484375,0.5,0.6875,1.0
9126,1661,-2.240234375,-0.28125,0.421875,0.0
9127,1661,-2.4462890625,1.296875,0.390625,1.0
9128,1661,-1.009765625,-1.78125,-0.46875,1.0
9129,1661,-0.826171875,0.171875,-1.0625,0.0
9130,1661,0.19140625,0.40625,-1.828125,0.0
9131,1661,0.2412109375,1.0625,0.96875,1.0
9132,1661,-0.1845703125,0.9375,-0.796875,1.0
9133,1662,2.5341796875,0.921875,-1.0,0.0
9134,1662,0.3359375,-0.9375,0.265625,1.0
9135,1662,3.1201171875,1.15625,-0.71875,0.0
9136,1662,0.7216796875,-0.671875,1.171875,0.0
9137,1662,0.8173828125,0.0625,-0.5,1.0
9138,1662,1.345703125,-0.125,-0.328125,0.0
9139,1662,1.5185546875,-0.9375,-1.6875,1.0
9140,1662,1.478515625,1.203125,0.1875,0.0
9141,1663,0.0341796875,-0.9375,-2.484375,0.0
9142,1663,-4.462890625,-2.28125,1.421875,0.0
9143,1663,0.1982421875,0.078125,-1.234375,0.0
9144,1664,1.4931640625,-0.265625,0.984375,0.0
9145,1664,2.1142578125,0.625,-0.984375,0.0
9146,1664,1.7568359375,0.203125,-0.28125,1.0
9147,1664,0.43359375,0.390625,0.46875,1.0
9148,1665,0.720703125,0.59375,1.078125,0.0
9149,1665,-0.7275390625,-0.25,0.0,0.0
9150,1665,-3.4384765625,-1.15625,1.84375,0.0
9151,1665,-0.9150390625,-0.21875,1.59375,0.0
9152,1665,-0.9716796875,-1.15625,0.109375,0.0
9153,1666,1.875,2.53125,0.734375,0.0
9154,1666,1.66015625,-1.25,0.671875,1.0
9155,1666,0.07421875,0.28125,0.734375,1.0
9156,1666,-0.416015625,-1.09375,1.5625,0.0
9157,1666,-0.5634765625,-1.015625,1.640625,0.0
9158,1666,0.869140625,-0.03125,0.4375,0.0
9159,1667,3.2080078125,0.46875,-2.046875,0.0
9160,1667,1.330078125,0.828125,1.046875,0.0
9161,1667,0.2333984375,-0.859375,0.75,1.0
9162,1667,0.69921875,0.71875,-1.28125,1.0
9163,1667,-3.138671875,-0.5625,-0.015625,0.0
9164,1667,-0.318359375,-0.828125,-0.03125,1.0
9165,1667,2.3466796875,1.109375,0.046875,0.0
9166,1668,-2.091796875,-0.125,0.234375,0.0
9167,1668,2.525390625,0.984375,-0.375,0.0
9168,1668,1.11328125,0.484375,-0.046875,0.0
9169,1668,-0.9208984375,-1.234375,-0.6875,0.0
9170,1668,1.083984375,-0.03125,-1.5625,0.0
9171,1668,-0.13671875,-0.484375,-0.3125,1.0
9172,1668,1.0576171875,1.34375,0.921875,1.0
9173,1668,-0.041015625,0.046875,0.625,1.0
9174,1669,1.3515625,1.0,-0.171875,1.0
9175,1669,0.974609375,0.578125,0.65625,1.0
9176,1669,-2.0986328125,-0.875,1.125,1.0
9177,1670,1.755859375,-0.015625,0.53125,1.0
9178,1670,0.66015625,-0.421875,-0.078125,1.0
9179,1670,2.6240234375,1.90625,0.796875,1.0
9180,1670,1.1923828125,-0.453125,1.234375,1.0
9181,1671,-0.08203125,0.640625,-1.59375,0.0
9182,1671,0.015625,-1.515625,-0.765625,0.0
9183,1671,0.9365234375,0.375,0.046875,1.0
9184,1671,-0.1748046875,-1.03125,-0.46875,1.0
9185,1671,-1.59765625,-1.421875,-0.1875,0.0
9186,1672,-0.0244140625,0.1875,-1.671875,1.0
9187,1672,-3.59375,-1.71875,0.859375,0.0
9188,1672,-0.5048828125,0.5,-0.515625,1.0
9189,1672,-1.3232421875,-1.515625,-1.25,1.0
9190,1672,1.2802734375,0.53125,-0.46875,0.0
9191,1672,2.2373046875,1.765625,-2.09375,1.0
9192,1673,0.3994140625,0.203125,0.484375,1.0
9193,1673,0.4833984375,-0.25,-1.234375,1.0
9194,1673,-0.4765625,1.015625,0.15625,0.0
9195,1673,0.3857421875,0.71875,-1.078125,0.0
9196,1673,-1.216796875,1.203125,-0.375,0.0
9197,1673,0.8525390625,-0.046875,-0.921875,0.0
9198,1673,-1.154296875,-0.46875,-0.3125,0.0
9199,1674,-0.1435546875,0.59375,-0.0625,0.0
9200,1674,0.7568359375,-1.3125,-2.203125,0.0
9201,1674,2.142578125,1.265625,0.0,0.0
9202,1674,-0.0,-0.5,0.203125,0.0
9203,1674,0.58203125,-0.640625,0.1875,0.0
9204,1674,0.3125,-0.828125,-0.015625,1.0
9205,1674,-0.9912109375,-0.453125,-0.1875,1.0
9206,1674,-0.0283203125,-0.96875,-1.578125,1.0
9207,1675,-0.9501953125,-0.171875,-0.125,1.0
9208,1675,-0.9521484375,-1.265625,-0.28125,1.0
9209,1675,-0.3310546875,-0.75,-0.34375,0.0
9210,1676,1.4140625,0.0,-0.796875,0.0
9211,1676,0.29296875,-1.4375,-0.171875,0.0
9212,1676,0.498046875,0.25,0.515625,1.0
9213,1676,1.07421875,0.3125,1.046875,0.0
9214,1677,-1.4404296875,-0.8125,-0.90625,0.0
9215,1677,2.029296875,1.390625,-0.71875,0.0
9216,1677,-0.4189453125,-0.359375,-1.578125,1.0
9217,1677,-0.3046875,0.109375,1.109375,1.0
9218,1677,1.15625,-0.03125,-2.203125,1.0
9219,1678,1.150390625,0.59375,-0.796875,1.0
9220,1678,0.4765625,-0.703125,0.421875,1.0
9221,1678,-1.8134765625,-2.4375,1.109375,0.0
9222,1678,-1.49609375,-1.34375,-0.5625,0.0
9223,1678,-0.5517578125,-0.0625,-0.09375,1.0
9224,1678,4.3271484375,1.953125,-2.203125,0.0
9225,1679,-2.0732421875,-0.828125,1.3125,0.0
9226,1679,-0.33203125,0.140625,-0.875,0.0
9227,1679,0.408203125,1.53125,-0.71875,0.0
9228,1679,1.0224609375,0.8125,-1.15625,1.0
9229,1679,1.666015625,0.390625,-2.703125,0.0
9230,1679,0.1025390625,-0.4375,-1.296875,0.0
9231,1679,-1.2900390625,-0.625,-1.375,1.0
9232,1680,-0.765625,0.03125,0.03125,0.0
9233,1680,0.3388671875,0.890625,0.140625,1.0
9234,1680,-0.310546875,-0.09375,0.890625,0.0
9235,1680,-1.00390625,-0.953125,0.03125,0.0
9236,1680,0.65234375,0.046875,-0.53125,1.0
9237,1680,-0.0068359375,-0.796875,1.046875,1.0
9238,1680,-1.6162109375,-1.234375,-0.671875,1.0
9239,1680,3.353515625,0.234375,0.28125,0.0
9240,1681,-0.078125,0.0625,1.25,0.0
9241,1681,0.658203125,0.453125,0.34375,0.0
9242,1681,1.3671875,0.875,-0.890625,0.0
9243,1682,0.76953125,0.84375,0.453125,0.0
9244,1682,1.0732421875,0.5,0.21875,0.0
9245,1682,1.3486328125,0.765625,-0.4375,0.0
9246,1682,-0.439453125,-0.515625,0.796875,1.0
9247,1683,0.7412109375,0.203125,-0.484375,1.0
9248,1683,-1.96875,0.15625,-0.953125,1.0
9249,1683,-3.0498046875,-1.6875,0.65625,1.0
9250,1683,0.146484375,-0.125,-1.59375,1.0
9251,1683,1.5185546875,0.71875,-1.96875,1.0
9252,1684,-1.0673828125,-0.3125,-0.6875,0.0
9253,1684,-1.7236328125,-1.515625,-0.0625,1.0
9254,1684,-0.1298828125,0.328125,-0.171875,0.0
9255,1684,0.2109375,-1.28125,-0.875,0.0
9256,1684,-0.0849609375,0.0,-1.765625,1.0
9257,1684,-3.783203125,-1.171875,-0.171875,0.0
9258,1685,2.96875,0.953125,-1.546875,0.0
9259,1685,-0.6201171875,-1.34375,-1.03125,1.0
9260,1685,0.708984375,2.90625,0.9375,1.0
9261,1685,-0.5205078125,0.390625,-0.09375,0.0
9262,1685,-2.65234375,-0.65625,0.03125,0.0
9263,1685,0.3115234375,0.09375,-0.28125,1.0
9264,1685,-0.83984375,-0.984375,-0.84375,1.0
9265,1686,2.126953125,1.71875,-1.78125,0.0
9266,1686,-0.98046875,0.34375,-1.046875,1.0
9267,1686,-3.1728515625,-1.703125,0.671875,1.0
9268,1686,0.9150390625,-0.40625,-0.96875,0.0
9269,1686,0.185546875,-0.03125,-0.296875,1.0
9270,1686,1.3115234375,-0.59375,-0.890625,0.0
9271,1686,0.8583984375,2.234375,-0.953125,0.0
9272,1686,-1.8525390625,-2.328125,-2.921875,1.0
9273,1687,-0.8037109375,-0.5625,0.828125,0.0
9274,1687,-1.138671875,0.5625,1.640625,0.0
9275,1687,-1.6416015625,0.53125,-0.03125,0.0
9276,1688,-1.7958984375,0.171875,0.71875,1.0
9277,1688,-1.146484375,0.25,-0.765625,0.0
9278,1688,2.6962890625,2.140625,-2.109375,0.0
9279,1688,-0.3427734375,-0.109375,0.140625,1.0
9280,1689,1.09765625,0.078125,-1.15625,1.0
9281,1689,-1.974609375,-0.09375,0.140625,1.0
9282,1689,-0.9208984375,-1.328125,-0.796875,1.0
9283,1689,3.337890625,0.875,-0.625,1.0
9284,1689,0.09765625,-0.578125,-0.140625,0.0
9285,1690,0.0478515625,0.359375,-0.6875,1.0
9286,1690,0.1943359375,-0.203125,-0.46875,0.0
9287,1690,-0.1171875,0.140625,0.171875,0.0
9288,1690,1.58203125,0.796875,0.078125,0.0
9289,1690,1.7744140625,1.703125,-1.171875,0.0
9290,1690,1.533203125,0.84375,-2.3125,0.0
9291,1691,-0.3974609375,-0.375,0.609375,0.0
9292,1691,0.5361328125,0.6875,-1.171875,1.0
9293,1691,0.6318359375,0.09375,-0.234375,1.0
9294,1691,-3.9560546875,-0.125,2.015625,0.0
9295,1691,0.47265625,1.125,1.15625,1.0
9296,1691,1.302734375,1.15625,-0.296875,1.0
9297,1691,-0.2783203125,-0.265625,1.078125,1.0
9298,1692,1.625,0.375,-0.390625,0.0
9299,1692,1.6171875,0.90625,-0.53125,0.0
9300,1692,2.4248046875,1.71875,0.0,0.0
9301,1692,0.73828125,-0.296875,-0.890625,0.0
9302,1692,2.21875,0.140625,0.21875,1.0
9303,1692,1.7001953125,0.0,-0.34375,1.0
9304,1692,0.15625,0.953125,-0.40625,0.0
9305,1692,1.7509765625,-0.421875,-1.9375,1.0
9306,1693,-0.8271484375,-1.375,0.4375,0.0
9307,1693,-1.3759765625,-0.671875,-0.609375,1.0
9308,1693,2.466796875,1.203125,-1.375,0.0
9309,1694,0.4287109375,1.46875,1.328125,1.0
9310,1694,-0.0263671875,0.609375,-0.8125,0.0
9311,1694,-2.0869140625,-1.875,-0.703125,1.0
9312,1694,-2.576171875,-0.875,0.90625,0.0
9313,1695,-0.6005859375,0.984375,1.015625,0.0
9314,1695,-1.0166015625,-0.640625,1.21875,1.0
9315,1695,0.7548828125,-0.84375,-2.5625,0.0
9316,1695,0.3349609375,0.1875,-1.078125,0.0
9317,1695,-0.208984375,-0.640625,0.125,1.0
9318,1696,-0.0380859375,0.984375,-0.3125,0.0
9319,1696,0.9951171875,0.578125,-0.859375,1.0
9320,1696,-1.4853515625,-0.796875,1.75,0.0
9321,1696,0.7021484375,1.125,-0.578125,1.0
9322,1696,-0.3056640625,0.15625,-0.21875,0.0
9323,1696,1.896484375,1.609375,-0.65625,0.0
9324,1697,2.8046875,0.09375,-1.015625,1.0
9325,1697,2.7373046875,0.203125,-1.625,1.0
9326,1697,-1.42578125,-0.046875,0.109375,0.0
9327,1697,0.9501953125,1.171875,1.5625,0.0
9328,1697,-1.3759765625,-2.03125,0.15625,0.0
9329,1697,0.2431640625,-0.859375,-0.125,1.0
9330,1697,0.9736328125,0.359375,-0.15625,0.0
9331,1698,-0.158203125,-0.46875,-1.25,0.0
9332,1698,0.3818359375,0.046875,0.21875,0.0
9333,1698,3.388671875,1.28125,2.25,1.0
9334,1698,-1.779296875,-0.46875,-0.234375,0.0
9335,1698,3.076171875,0.59375,-0.90625,0.0
9336,1698,-0.9599609375,1.28125,1.15625,1.0
9337,1698,-2.0,-1.640625,-0.96875,1.0
9338,1698,-1.65234375,-1.4375,0.0625,0.0
9339,1699,-0.3984375,-0.296875,0.109375,1.0
9340,1699,-0.1630859375,0.09375,-1.515625,0.0
9341,1699,0.873046875,1.125,0.109375,1.0
9342,1700,0.037109375,-1.0,1.09375,0.0
9343,1700,-0.2734375,0.078125,0.203125,1.0
9344,1700,0.7666015625,-0.328125,-0.65625,0.0
9345,1700,1.64453125,-0.578125,0.796875,0.0
9346,1701,-0.1533203125,0.75,-0.921875,1.0
9347,1701,-0.08984375,0.515625,-0.828125,0.0
9348,1701,0.85546875,-1.28125,0.1875,1.0
9349,1701,-0.650390625,-0.328125,-1.71875,0.0
9350,1701,-0.7412109375,0.953125,-1.984375,0.0
9351,1702,-1.185546875,-1.0625,0.3125,1.0
9352,1702,1.2998046875,0.671875,-0.5625,0.0
9353,1702,1.2958984375,0.421875,-1.65625,0.0
9354,1702,-0.0087890625,-0.671875,-0.484375,1.0
9355,1702,1.3916015625,1.046875,-2.109375,0.0
9356,1702,0.494140625,1.59375,0.859375,0.0
9357,1703,0.94921875,0.59375,1.203125,1.0
9358,1703,0.4677734375,-0.390625,-0.890625,0.0
9359,1703,1.3603515625,2.328125,0.828125,0.0
9360,1703,3.53125,0.765625,-1.265625,0.0
9361,1703,0.4619140625,0.078125,0.984375,1.0
9362,1703,1.185546875,0.75,-2.453125,1.0
9363,1703,0.4345703125,0.765625,1.0625,1.0
9364,1704,0.025390625,-1.703125,0.8125,0.0
9365,1704,0.912109375,0.234375,0.9375,0.0
9366,1704,1.013671875,0.765625,-0.3125,0.0
9367,1704,-0.6123046875,-0.75,3.03125,0.0
9368,1704,-1.5556640625,-0.703125,0.90625,0.0
9369,1704,0.015625,-0.375,-0.296875,1.0
9370,1704,0.3681640625,0.53125,0.78125,0.0
9371,1704,1.0849609375,1.015625,1.234375,1.0
9372,1705,-0.90234375,-1.75,0.1875,1.0
9373,1705,-0.34375,0.171875,0.46875,0.0
9374,1705,-2.607421875,-2.8125,-0.375,1.0
9375,1706,1.380859375,2.828125,1.234375,0.0
9376,1706,0.033203125,1.109375,0.703125,0.0
9377,1706,-1.69921875,-0.890625,0.765625,1.0
9378,1706,2.517578125,0.328125,-0.28125,0.0
9379,1707,1.08984375,0.515625,0.828125,0.0
9380,1707,2.1796875,0.578125,-1.171875,0.0
9381,1707,-0.68359375,-0.0625,-0.625,0.0
9382,1707,0.6669921875,-1.15625,0.640625,0.0
9383,1707,0.1826171875,0.375,1.5625,1.0
9384,1708,2.7763671875,-0.5625,-1.46875,1.0
9385,1708,1.537109375,-0.234375,0.09375,0.0
9386,1708,0.7001953125,-0.484375,0.4375,0.0
9387,1708,0.369140625,-0.3125,-0.1875,1.0
9388,1708,-0.353515625,-0.09375,0.34375,0.0
9389,1708,1.2744140625,1.765625,0.921875,1.0
9390,1709,1.869140625,0.21875,-0.453125,1.0
9391,1709,-2.2119140625,-1.359375,1.265625,1.0
9392,1709,0.30859375,1.0625,0.921875,0.0
9393,1709,2.0595703125,-1.03125,-1.171875,1.0
9394,1709,3.4296875,0.96875,0.09375,1.0
9395,1709,-0.412109375,0.078125,1.515625,0.0
9396,1709,1.796875,-0.90625,0.4375,0.0
9397,1710,-0.3349609375,-1.390625,-0.234375,1.0
9398,1710,2.279296875,0.203125,-0.546875,0.0
9399,1710,1.6357421875,0.703125,0.40625,1.0
9400,1710,0.5791015625,0.453125,0.859375,1.0
9401,1710,0.115234375,-0.453125,-0.65625,1.0
9402,1710,0.6318359375,-0.890625,-1.015625,1.0
9403,1710,1.2109375,0.6875,-0.9375,0.0
9404,1710,0.4560546875,1.21875,0.578125,1.0
9405,1711,-0.03125,0.328125,1.1875,0.0
9406,1711,0.3330078125,0.75,-0.328125,0.0
9407,1711,-1.4453125,-0.140625,-0.140625,0.0
9408,1712,1.357421875,0.59375,1.265625,1.0
9409,1712,-1.03515625,-1.203125,-0.65625,0.0
9410,1712,-0.052734375,-1.296875,-1.125,1.0
9411,1712,-0.5859375,-0.296875,-0.8125,0.0
9412,1713,1.53515625,0.78125,0.015625,1.0
9413,1713,2.0068359375,0.703125,0.984375,1.0
9414,1713,-0.5302734375,0.53125,1.078125,1.0
9415,1713,1.0087890625,-0.734375,-0.015625,0.0
9416,1713,1.5546875,0.75,0.640625,0.0
9417,1714,1.767578125,1.234375,1.015625,0.0
9418,1714,0.666015625,1.546875,-0.46875,1.0
9419,1714,1.73046875,0.265625,-1.21875,1.0
9420,1714,0.375,-0.296875,-1.015625,0.0
9421,1714,1.8935546875,-1.21875,-1.40625,0.0
9422,1714,-0.4013671875,-0.8125,0.765625,1.0
9423,1715,-2.00390625,-0.828125,1.078125,1.0
9424,1715,-1.255859375,-0.609375,1.8125,1.0
9425,1715,1.3115234375,0.28125,0.671875,0.0
9426,1715,-1.6015625,-1.5,-0.484375,0.0
9427,1715,-2.0146484375,-0.078125,1.75,0.0
9428,1715,1.244140625,0.625,-2.21875,0.0
9429,1715,0.927734375,0.8125,-0.46875,1.0
9430,1716,-0.94921875,0.046875,0.421875,1.0
9431,1716,0.16015625,-0.625,-1.234375,0.0
9432,1716,0.857421875,-0.21875,-2.5625,1.0
9433,1716,-1.5791015625,-0.953125,0.46875,0.0
9434,1716,0.666015625,1.953125,1.265625,0.0
9435,1716,1.939453125,0.78125,0.6875,0.0
9436,1716,0.357421875,-0.765625,-1.859375,0.0
9437,1716,-1.43359375,-1.359375,-1.0,1.0
9438,1717,-0.658203125,0.03125,1.0625,1.0
9439,1717,0.9404296875,-0.296875,-0.84375,1.0
9440,1717,1.8408203125,1.328125,-0.578125,0.0
9441,1718,0.1181640625,1.59375,0.703125,1.0
9442,1718,-0.55859375,-0.203125,2.046875,0.0
9443,1718,0.2021484375,0.421875,0.375,1.0
9444,1718,1.8505859375,0.09375,0.296875,0.0
9445,1719,0.169921875,-0.859375,-0.65625,1.0
9446,1719,1.185546875,-1.515625,-0.703125,0.0
9447,1719,-0.26953125,-0.4375,-0.34375,1.0
9448,1719,-1.7177734375,-1.34375,0.359375,0.0
9449,1719,-0.76953125,-0.78125,1.6875,0.0
9450,1720,0.05859375,1.328125,-0.40625,0.0
9451,1720,-1.220703125,-0.46875,-0.59375,0.0
9452,1720,1.0869140625,1.234375,0.140625,1.0
9453,1720,0.0791015625,-2.109375,-0.421875,0.0
9454,1720,-1.2392578125,-0.40625,0.296875,0.0
9455,1720,-2.0927734375,-0.453125,-0.6875,0.0
9456,1721,-0.853515625,0.546875,0.515625,1.0
9457,1721,0.9443359375,0.59375,0.015625,1.0
9458,1721,-0.7119140625,0.046875,-1.875,1.0
9459,1721,0.2177734375,-0.140625,-0.546875,1.0
9460,1721,-0.255859375,-1.125,-0.265625,1.0
9461,1721,-1.763671875,1.21875,-0.09375,0.0
9462,1721,2.064453125,1.890625,-0.90625,0.0
9463,1722,-1.6376953125,0.34375,0.734375,0.0
9464,1722,-1.1201171875,-0.40625,-0.671875,0.0
9465,1722,-1.7373046875,-0.90625,1.4375,0.0
9466,1722,-0.93359375,-0.03125,0.890625,0.0
9467,1722,-2.36328125,0.109375,0.609375,0.0
9468,1722,3.5205078125,2.15625,-0.546875,0.0
9469,1722,-1.3955078125,-0.4375,0.453125,0.0
9470,1722,-1.23828125,-0.765625,0.828125,0.0
9471,1723,-1.7080078125,-0.15625,0.875,0.0
9472,1723,-0.06640625,-0.40625,-0.984375,0.0
9473,1723,1.150390625,1.484375,0.015625,0.0
9474,1724,0.0166015625,0.09375,0.328125,1.0
9475,1724,0.1474609375,-0.875,-0.8125,0.0
9476,1724,0.2646484375,1.59375,0.046875,0.0
9477,1724,-0.529296875,-1.578125,-0.109375,0.0
9478,1725,0.396484375,-1.21875,-1.140625,1.0
9479,1725,0.353515625,0.5625,0.140625,0.0
9480,1725,2.1064453125,0.96875,-1.890625,0.0
9481,1725,0.9453125,-0.109375,-0.984375,1.0
9482,1725,0.455078125,0.421875,-0.75,0.0
9483,1726,1.001953125,2.796875,2.28125,0.0
9484,1726,-1.1826171875,-2.375,-0.9375,0.0
9485,1726,0.7294921875,-0.265625,0.21875,0.0
9486,1726,-1.01953125,-2.546875,-1.53125,1.0
9487,1726,0.671875,1.203125,-0.015625,0.0
9488,1726,-2.2333984375,-1.5625,1.0625,0.0
9489,1727,1.640625,-0.109375,-0.90625,0.0
9490,1727,1.3759765625,0.390625,0.109375,0.0
9491,1727,1.40625,-0.703125,-1.140625,1.0
9492,1727,0.869140625,-1.265625,0.109375,1.0
9493,1727,0.5419921875,-1.171875,-0.109375,1.0
9494,1727,2.388671875,1.6875,0.9375,0.0
9495,1727,1.7783203125,-0.078125,-1.9375,0.0
9496,1728,-0.2275390625,-0.4375,1.203125,0.0
9497,1728,-0.904296875,0.65625,-2.234375,1.0
9498,1728,2.3916015625,1.109375,-4.140625,0.0
9499,1728,-2.1396484375,-0.15625,0.59375,1.0
9500,1728,-1.1767578125,-1.234375,0.015625,0.0
9501,1728,-1.458984375,-1.234375,-0.125,1.0
9502,1728,0.9140625,1.03125,-1.390625,1.0
9503,1728,1.19921875,0.171875,0.28125,1.0
9504,1729,1.5849609375,-0.25,0.1875,0.0
9505,1729,-0.2587890625,-0.25,-0.171875,0.0
9506,1729,1.3896484375,1.8125,0.375,0.0
9507,1730,-0.78125,-0.625,-0.28125,1.0
9508,1730,-1.119140625,0.15625,-0.40625,0.0
9509,1730,-0.037109375,-0.6875,0.53125,0.0
9510,1730,1.8994140625,1.828125,-1.625,0.0
9511,1731,-0.0888671875,-0.734375,-0.625,0.0
9512,1731,-1.7421875,-0.09375,-1.71875,1.0
9513,1731,-1.546875,-1.53125,-0.515625,0.0
9514,1731,-0.6455078125,-0.953125,0.859375,0.0
9515,1731,-0.8779296875,0.5,-1.21875,1.0
9516,1732,-0.9609375,-0.421875,2.546875,0.0
9517,1732,2.6650390625,0.765625,-0.203125,1.0
9518,1732,1.2900390625,1.140625,0.34375,1.0
9519,1732,0.3896484375,0.015625,0.140625,0.0
9520,1732,2.818359375,-0.6875,-1.84375,1.0
9521,1732,-1.3818359375,0.234375,1.1875,0.0
9522,1733,-3.12109375,-1.484375,1.9375,1.0
9523,1733,0.3798828125,-1.328125,-0.359375,1.0
9524,1733,0.3427734375,1.8125,-0.046875,0.0
9525,1733,-0.45703125,-0.953125,-0.953125,0.0
9526,1733,-0.28125,-0.984375,-1.1875,1.0
9527,1733,-1.4697265625,-0.984375,0.15625,0.0
9528,1733,0.048828125,0.40625,1.0625,1.0
9529,1734,0.966796875,1.265625,-0.15625,1.0
9530,1734,1.2197265625,1.03125,-0.4375,0.0
9531,1734,0.884765625,0.109375,-2.015625,0.0
9532,1734,2.3291015625,1.359375,-0.84375,0.0
9533,1734,-1.9990234375,0.28125,2.421875,0.0
9534,1734,-3.8193359375,-1.359375,0.40625,0.0
9535,1734,-0.787109375,0.890625,1.1875,1.0
9536,1734,0.505859375,1.453125,-0.671875,0.0
9537,1735,-0.203125,-0.15625,-1.40625,1.0
9538,1735,-0.26171875,-0.28125,-0.875,0.0
9539,1735,-1.5908203125,-1.84375,-0.546875,0.0
9540,1736,-1.3076171875,-1.34375,-0.046875,0.0
9541,1736,0.001953125,-0.15625,0.96875,1.0
9542,1736,-1.923828125,-0.578125,1.65625,0.0
9543,1736,2.712890625,2.09375,1.015625,0.0
9544,1737,0.2783203125,0.4375,1.0625,0.0
9545,1737,-0.88671875,-0.625,-0.46875,0.0
9546,1737,-2.3154296875,-0.609375,0.5625,0.0
9547,1737,-1.7607421875,-1.671875,0.203125,1.0
9548,1737,1.591796875,-0.078125,-0.5,1.0
9549,1738,0.1806640625,-1.15625,-1.109375,0.0
9550,1738,-1.2978515625,-0.0625,-0.953125,1.0
9551,1738,1.5205078125,0.84375,-1.671875,0.0
9552,1738,-0.4931640625,0.6875,-0.375,0.0
9553,1738,-2.28125,-1.234375,1.203125,0.0
9554,1738,-0.798828125,-0.5625,-1.34375,0.0
9555,1739,-1.3828125,-0.5,0.15625,0.0
9556,1739,2.138671875,0.484375,0.59375,0.0
9557,1739,0.4140625,-0.875,0.5,0.0
9558,1739,1.3154296875,-0.8125,-2.140625,0.0
9559,1739,1.2216796875,2.46875,0.515625,1.0
9560,1739,-0.29296875,-0.078125,0.421875,0.0
9561,1739,1.6826171875,-0.4375,0.890625,1.0
9562,1740,1.8642578125,0.3125,1.265625,1.0
9563,1740,0.802734375,-0.265625,0.328125,0.0
9564,1740,3.6689453125,1.9375,0.46875,0.0
9565,1740,0.216796875,-0.6875,0.03125,0.0
9566,1740,-0.962890625,-2.1875,-0.1875,0.0
9567,1740,-0.5537109375,-0.703125,1.703125,1.0
9568,1740,-1.197265625,-1.5,-0.109375,0.0
9569,1740,-0.2998046875,-0.921875,0.703125,0.0
9570,1741,1.373046875,-0.53125,0.125,1.0
9571,1741,-0.775390625,0.15625,1.875,1.0
9572,1741,0.7734375,-1.875,0.03125,1.0
9573,1742,-1.080078125,0.875,0.765625,1.0
9574,1742,-0.1318359375,1.09375,-1.328125,0.0
9575,1742,-0.31640625,-0.125,-0.421875,1.0
9576,1742,-1.5458984375,0.09375,-1.015625,0.0
9577,1743,0.208984375,0.484375,0.125,0.0
9578,1743,-0.5126953125,-0.296875,2.03125,1.0
9579,1743,0.2294921875,-0.546875,-1.328125,1.0
9580,1743,1.6025390625,0.484375,-0.3125,1.0
9581,1743,1.7744140625,0.34375,-2.796875,0.0
9582,1744,1.41796875,0.03125,0.21875,0.0
9583,1744,-1.2529296875,-1.421875,0.34375,1.0
9584,1744,1.56640625,-1.359375,-0.328125,1.0
9585,1744,-0.458984375,-0.125,1.046875,0.0
9586,1744,-0.154296875,0.265625,1.203125,0.0
9587,1744,-1.70703125,-2.0625,-0.703125,1.0
9588,1745,-1.583984375,-0.5625,1.109375,0.0
9589,1745,3.7099609375,2.59375,0.609375,0.0
9590,1745,2.1640625,-0.609375,0.4375,1.0
9591,1745,0.5673828125,-0.09375,0.546875,0.0
9592,1745,-0.365234375,-0.25,0.609375,0.0
9593,1745,1.5263671875,0.0,-0.234375,1.0
9594,1745,0.5185546875,0.03125,1.9375,1.0
9595,1746,0.7080078125,-0.0625,-0.421875,1.0
9596,1746,-1.6865234375,-0.046875,0.34375,0.0
9597,1746,1.2431640625,1.828125,-0.390625,0.0
9598,1746,0.189453125,0.375,-1.0625,0.0
9599,1746,0.8583984375,0.359375,-2.109375,0.0
9600,1746,-0.240234375,0.296875,-2.125,0.0
9601,1746,-1.939453125,-0.984375,-1.03125,0.0
9602,1746,-2.0546875,-2.296875,0.453125,1.0
9603,1747,-0.0380859375,0.71875,1.265625,0.0
9604,1747,0.681640625,1.75,2.140625,0.0
9605,1747,0.064453125,1.015625,0.234375,0.0
9606,1748,0.8818359375,0.3125,-0.046875,1.0
9607,1748,0.6572265625,1.453125,-0.453125,1.0
9608,1748,0.3603515625,-0.078125,1.359375,0.0
9609,1748,1.224609375,0.75,-0.578125,0.0
9610,1749,2.9775390625,1.625,-0.234375,0.0
9611,1749,0.5458984375,-1.09375,0.171875,0.0
9612,1749,1.0,1.953125,1.796875,1.0
9613,1749,0.580078125,-0.390625,0.421875,1.0
9614,1749,0.486328125,-0.203125,2.0,0.0
9615,1750,-1.8115234375,0.96875,-0.109375,0.0
9616,1750,-1.55078125,-1.3125,-0.078125,0.0
9617,1750,-0.80078125,-1.578125,-1.8125,0.0
9618,1750,0.2333984375,-1.703125,-0.40625,1.0
9619,1750,-1.173828125,-1.421875,0.78125,1.0
9620,1750,2.4228515625,0.375,-1.890625,1.0
9621,1751,-2.5390625,-1.6875,1.625,1.0
9622,1751,2.0400390625,1.921875,0.8125,0.0
9623,1751,-0.1767578125,0.6875,1.484375,0.0
9624,1751,1.4326171875,-0.40625,-0.328125,1.0
9625,1751,-0.9970703125,-2.53125,0.984375,1.0
9626,1751,-1.12890625,-1.09375,0.578125,0.0
9627,1751,1.9326171875,1.203125,0.4375,0.0
9628,1752,-3.416015625,-1.21875,0.953125,1.0
9629,1752,-0.322265625,0.640625,-0.734375,0.0
9630,1752,0.4609375,0.125,-3.046875,0.0
9631,1752,-1.7236328125,-0.921875,0.4375,0.0
9632,1752,-2.14453125,0.171875,0.96875,0.0
9633,1752,0.3232421875,1.28125,0.8125,0.0
9634,1752,0.6435546875,0.28125,0.203125,0.0
9635,1752,-0.2451171875,-0.46875,-0.40625,1.0
9636,1753,-0.349609375,-0.0625,1.046875,0.0
9637,1753,-1.78515625,-2.5625,0.0625,0.0
9638,1753,0.94140625,0.25,0.65625,1.0
9639,1754,1.63671875,0.8125,0.328125,1.0
9640,1754,-0.5771484375,-1.9375,2.25,0.0
9641,1754,-0.2421875,-0.28125,-0.265625,0.0
9642,1754,0.248046875,-0.390625,1.28125,0.0
9643,1755,-1.8193359375,-0.046875,-1.875,0.0
9644,1755,-1.693359375,-0.3125,-1.359375,1.0
9645,1755,-0.9267578125,1.34375,0.078125,0.0
9646,1755,-2.908203125,-0.5625,0.75,1.0
9647,1755,-0.970703125,0.671875,-0.3125,1.0
9648,1756,-1.498046875,-0.46875,0.671875,0.0
9649,1756,1.8359375,1.0,-0.765625,0.0
9650,1756,0.359375,-0.03125,1.171875,1.0
9651,1756,1.7978515625,0.765625,1.0,1.0
9652,1756,0.4208984375,-0.828125,-0.078125,0.0
9653,1756,-1.5576171875,0.21875,0.0625,0.0
9654,1757,-2.2783203125,-0.71875,-0.640625,1.0
9655,1757,2.1494140625,1.578125,-2.375,0.0
9656,1757,-1.650390625,-0.71875,0.6875,0.0
9657,1757,-0.1796875,0.234375,-1.359375,0.0
9658,1757,-1.642578125,-0.859375,-1.234375,0.0
9659,1757,0.123046875,1.5625,-0.21875,0.0
9660,1757,-0.4423828125,0.8125,0.765625,1.0
9661,1758,0.5634765625,-2.203125,-0.0625,1.0
9662,1758,0.4873046875,0.453125,0.40625,1.0
9663,1758,1.3310546875,0.921875,-1.421875,0.0
9664,1758,0.2607421875,0.671875,-0.109375,1.0
9665,1758,2.2529296875,1.609375,1.234375,1.0
9666,1758,-3.404296875,-1.234375,0.46875,1.0
9667,1758,0.55859375,-0.5625,0.40625,0.0
9668,1758,1.533203125,0.46875,0.28125,0.0
9669,1759,-1.275390625,0.59375,0.328125,1.0
9670,1759,0.1572265625,-0.265625,-1.40625,0.0
9671,1759,-0.0009765625,-0.203125,-1.765625,1.0
9672,1760,3.380859375,1.546875,-0.859375,1.0
9673,1760,0.5576171875,-0.359375,-0.1875,0.0
9674,1760,-0.0068359375,-0.484375,-0.046875,1.0
9675,1760,1.3740234375,-0.015625,-0.171875,0.0
9676,1761,-1.138671875,-1.703125,0.40625,1.0
9677,1761,2.2021484375,1.6875,-0.21875,0.0
9678,1761,1.7041015625,-0.8125,0.703125,1.0
9679,1761,0.7626953125,0.65625,0.078125,0.0
9680,1761,2.6103515625,1.46875,1.015625,0.0
9681,1762,0.6484375,0.5,-0.796875,1.0
9682,1762,0.876953125,-0.703125,0.9375,0.0
9683,1762,-1.263671875,-0.78125,0.640625,0.0
9684,1762,-1.416015625,0.765625,1.71875,0.0
9685,1762,0.3212890625,-0.015625,0.3125,0.0
9686,1762,1.193359375,0.859375,1.09375,1.0
9687,1763,-1.6318359375,-1.359375,0.828125,1.0
9688,1763,-0.15234375,0.65625,0.15625,0.0
9689,1763,-1.568359375,-1.90625,0.171875,1.0
9690,1763,-3.130859375,-2.34375,0.6875,0.0
9691,1763,-2.0439453125,-1.234375,0.703125,0.0
9692,1763,0.837890625,0.140625,-2.328125,1.0
9693,1763,-1.5078125,-0.71875,-0.515625,1.0
9694,1764,-3.9892578125,0.5,2.328125,0.0
9695,1764,-1.2900390625,0.4375,-1.125,0.0
9696,1764,-1.23046875,-0.953125,-0.390625,0.0
9697,1764,-1.783203125,0.15625,-0.375,0.0
9698,1764,-0.4599609375,-0.734375,0.203125,1.0
9699,1764,-1.7802734375,-0.515625,0.140625,0.0
9700,1764,0.4677734375,0.40625,-0.984375,1.0
9701,1764,-1.19921875,-0.546875,0.5625,0.0
9702,1765,-2.392578125,-0.28125,0.5,1.0
9703,1765,-0.5302734375,-0.375,-0.609375,0.0
9704,1765,0.8564453125,-0.578125,0.90625,1.0
9705,1766,0.7421875,0.640625,-0.6875,1.0
9706,1766,-2.412109375,-2.0625,-0.71875,1.0
9707,1766,-1.626953125,-0.46875,0.5,0.0
9708,1766,1.90234375,1.578125,0.890625,1.0
9709,1767,-1.8837890625,-1.21875,-0.65625,0.0
9710,1767,-1.75390625,0.28125,-0.53125,0.0
9711,1767,1.216796875,0.53125,-0.640625,0.0
9712,1767,0.5478515625,0.359375,-0.328125,0.0
9713,1767,0.169921875,0.75,-0.15625,1.0
9714,1768,0.458984375,-1.609375,-1.390625,1.0
9715,1768,2.6611328125,0.484375,-0.421875,1.0
9716,1768,0.9453125,0.890625,0.1875,0.0
9717,1768,-1.1748046875,-1.09375,-0.5,0.0
9718,1768,3.22265625,2.234375,-0.6875,1.0
9719,1768,0.044921875,-0.40625,-0.03125,1.0
9720,1769,-1.3359375,0.09375,1.875,0.0
9721,1769,3.296875,0.90625,-0.265625,0.0
9722,1769,2.05078125,2.453125,-1.546875,0.0
9723,1769,0.734375,0.6875,-0.109375,0.0
9724,1769,0.2041015625,0.25,-0.125,1.0
9725,1769,0.0361328125,0.3125,0.375,0.0
9726,1769,0.634765625,0.765625,0.53125,0.0
9727,1770,-1.4658203125,0.15625,-1.03125,0.0
9728,1770,0.49609375,0.28125,0.671875,0.0
9729,1770,-1.83203125,0.046875,1.328125,0.0
9730,1770,-0.28515625,0.46875,-0.390625,1.0
9731,1770,-0.44921875,1.0625,1.6875,0.0
9732,1770,-2.103515625,0.09375,0.15625,0.0
9733,1770,0.00390625,1.671875,-0.96875,0.0
9734,1770,-0.51171875,-0.78125,1.265625,1.0
9735,1771,-1.1123046875,-1.40625,-0.265625,1.0
9736,1771,-2.0615234375,-1.125,0.40625,0.0
9737,1771,1.0185546875,0.46875,-0.65625,1.0
9738,1772,1.8134765625,1.390625,-1.734375,0.0
9739,1772,-2.7978515625,-0.171875,1.015625,0.0
9740,1772,-0.5068359375,-0.765625,-0.421875,0.0
9741,1772,0.314453125,0.4375,-0.59375,1.0
9742,1773,0.7451171875,-0.703125,0.484375,1.0
9743,1773,-3.296875,-2.765625,1.109375,0.0
9744,1773,-2.583984375,-1.515625,1.390625,1.0
9745,1773,0.1689453125,0.484375,1.46875,1.0
9746,1773,0.05078125,0.78125,2.234375,0.0
9747,1774,0.9990234375,-1.0625,-1.4375,1.0
9748,1774,1.806640625,1.53125,-1.03125,0.0
9749,1774,-1.375,-1.171875,0.578125,0.0
9750,1774,-0.015625,1.34375,0.171875,1.0
9751,1774,1.5322265625,0.21875,-0.78125,0.0
9752,1774,1.009765625,-0.890625,-1.3125,1.0
9753,1775,3.126953125,2.4375,-0.4375,0.0
9754,1775,0.6611328125,-1.015625,-1.5,0.0
9755,1775,0.7451171875,1.640625,0.875,1.0
9756,1775,0.197265625,0.828125,0.203125,1.0
9757,1775,-1.1923828125,0.28125,0.515625,0.0
9758,1775,1.0908203125,2.859375,1.03125,0.0
9759,1775,0.28125,-0.578125,-1.546875,0.0
9760,1776,1.4287109375,0.078125,-0.1875,0.0
9761,1776,-1.3642578125,-0.234375,-0.5625,0.0
9762,1776,-0.6015625,-0.015625,0.234375,0.0
9763,1776,0.029296875,1.65625,0.234375,0.0
9764,1776,-0.1748046875,1.3125,-0.8125,0.0
9765,1776,-0.892578125,-0.40625,1.109375,1.0
9766,1776,-2.263671875,1.046875,1.359375,0.0
9767,1776,0.86328125,0.671875,-1.0,0.0
9768,1777,-1.365234375,-1.859375,0.9375,0.0
9769,1777,1.6650390625,0.65625,-0.3125,1.0
9770,1777,-2.12109375,-0.625,0.421875,0.0
9771,1778,-0.974609375,-0.953125,0.28125,0.0
9772,1778,-0.1044921875,-0.09375,0.140625,0.0
9773,1778,-3.515625,-1.5625,0.828125,0.0
9774,1778,-0.365234375,-1.859375,-0.171875,1.0
9775,1779,-1.3388671875,-0.671875,1.28125,0.0
9776,1779,2.7197265625,0.859375,-1.65625,1.0
9777,1779,0.646484375,0.453125,0.671875,0.0
9778,1779,1.3369140625,1.6875,1.25,1.0
9779,1779,-0.712890625,0.9375,0.03125,1.0
9780,1780,2.5703125,1.984375,0.8125,0.0
9781,1780,-0.705078125,-0.296875,-1.40625,0.0
9782,1780,-0.4677734375,0.640625,-0.8125,1.0
9783,1780,0.0283203125,-0.34375,-0.9375,1.0
9784,1780,1.79296875,1.28125,0.5,0.0
9785,1780,2.11328125,0.234375,0.03125,1.0
9786,1781,0.3974609375,1.09375,-0.875,1.0
9787,1781,2.203125,1.0625,-2.640625,1.0
9788,1781,-1.0576171875,-1.234375,-1.171875,0.0
9789,1781,1.896484375,0.640625,-1.359375,1.0
9790,1781,-1.7294921875,0.078125,-0.140625,1.0
9791,1781,-0.8095703125,-0.609375,-0.609375,1.0
9792,1781,-0.814453125,-0.6875,-1.921875,1.0
9793,1782,2.72265625,0.40625,0.703125,1.0
9794,1782,-3.37890625,-1.796875,-0.484375,0.0
9795,1782,-2.0595703125,-1.625,-1.03125,1.0
9796,1782,2.369140625,1.109375,0.671875,1.0
9797,1782,-2.4853515625,-0.921875,1.328125,1.0
9798,1782,-0.5947265625,0.1875,-0.59375,1.0
9799,1782,-0.8515625,0.890625,2.21875,1.0
9800,1782,-1.6630859375,-1.546875,0.40625,1.0
9801,1783,2.6533203125,1.65625,0.609375,1.0
9802,1783,-0.177734375,1.109375,1.4375,0.0
9803,1783,0.4169921875,1.46875,0.265625,0.0
9804,1784,-0.1845703125,0.34375,0.1875,1.0
9805,1784,-0.580078125,1.078125,1.28125,1.0
9806,1784,0.318359375,-0.15625,1.296875,1.0
9807,1784,0.11328125,-0.5,-0.75,0.0
9808,1785,-2.21484375,-0.96875,0.328125,0.0
9809,1785,0.767578125,0.203125,-1.40625,1.0
9810,1785,0.556640625,-0.078125,-0.34375,1.0
9811,1785,-1.1845703125,0.234375,-0.984375,0.0
9812,1785,0.349609375,-0.171875,0.09375,0.0
9813,1786,1.8916015625,-0.171875,-1.21875,0.0
9814,1786,1.47265625,1.734375,-0.8125,0.0
9815,1786,-0.71484375,-0.03125,-0.0625,0.0
9816,1786,0.8427734375,0.171875,-0.109375,0.0
9817,1786,-1.0126953125,-0.875,-0.65625,1.0
9818,1786,-0.021484375,-0.875,-0.578125,1.0
9819,1787,2.0654296875,1.21875,-0.078125,0.0
9820,1787,0.6640625,0.203125,0.34375,0.0
9821,1787,1.181640625,1.46875,1.46875,1.0
9822,1787,1.6884765625,1.90625,0.875,0.0
9823,1787,-0.3779296875,-0.5625,0.6875,0.0
9824,1787,-0.35546875,0.1875,0.578125,1.0
9825,1787,1.9931640625,1.546875,1.25,0.0
9826,1788,-1.8720703125,-1.0625,0.703125,1.0
9827,1788,0.11328125,-1.6875,-0.75,0.0
9828,1788,0.0400390625,-0.453125,0.84375,0.0
9829,1788,-0.517578125,-1.25,-0.25,0.0
9830,1788,1.05859375,1.875,-0.28125,0.0
9831,1788,-0.07421875,-0.53125,-0.9375,0.0
9832,1788,2.142578125,1.84375,0.484375,0.0
9833,1788,1.66796875,0.9375,-0.796875,1.0
9834,1789,0.7568359375,0.65625,0.59375,0.0
9835,1789,1.529296875,1.828125,-0.859375,0.0
9836,1789,0.0439453125,-0.5625,-0.15625,1.0
9837,1790,-0.314453125,-0.421875,-0.75,0.0
9838,1790,-0.10546875,0.4375,1.328125,1.0
9839,1790,-2.9228515625,-1.375,-1.171875,0.0
9840,1790,0.25,1.125,1.0625,1.0
9841,1791,3.7822265625,1.421875,-1.875,0.0
9842,1791,0.439453125,-0.046875,0.359375,1.0
9843,1791,0.5830078125,-1.25,-1.671875,1.0
9844,1791,0.986328125,0.28125,-0.875,1.0
9845,1791,0.1103515625,0.46875,-0.75,0.0
9846,1792,-0.916015625,-0.90625,0.71875,0.0
9847,1792,0.91015625,0.15625,1.15625,0.0
9848,1792,-0.236328125,-0.21875,2.3125,1.0
9849,1792,-1.8759765625,-1.390625,1.71875,0.0
9850,1792,0.4404296875,-0.359375,-0.421875,0.0
9851,1792,2.4111328125,0.8125,0.359375,0.0
9852,1793,2.123046875,2.4375,-0.15625,0.0
9853,1793,0.521484375,0.1875,1.125,1.0
9854,1793,2.01171875,0.4375,-1.859375,0.0
9855,1793,0.587890625,0.359375,0.1875,1.0
9856,1793,1.2021484375,2.109375,1.140625,1.0
9857,1793,-1.296875,-0.34375,0.390625,0.0
9858,1793,-1.95703125,0.0,1.171875,0.0
9859,1794,-0.697265625,0.328125,1.375,0.0
9860,1794,0.4921875,0.34375,-1.3125,1.0
9861,1794,0.7705078125,0.125,-0.328125,0.0
9862,1794,-2.39453125,-0.390625,-1.90625,0.0
9863,1794,0.521484375,0.015625,1.328125,1.0
9864,1794,-1.9873046875,-1.03125,0.6875,0.0
9865,1794,2.6630859375,-0.0625,-1.0,0.0
9866,1794,-1.3837890625,0.015625,0.265625,0.0
9867,1795,0.453125,1.0625,1.921875,1.0
9868,1795,0.7490234375,0.6875,0.28125,0.0
9869,1795,-0.0302734375,0.890625,0.609375,1.0
9870,1796,1.9228515625,0.515625,-1.046875,1.0
9871,1796,-0.8427734375,-1.375,1.421875,1.0
9872,1796,-0.7333984375,0.34375,1.109375,1.0
9873,1796,1.193359375,1.8125,2.15625,0.0
9874,1797,-1.134765625,-1.28125,-0.96875,1.0
9875,1797,-0.748046875,0.21875,-1.484375,0.0
9876,1797,0.7958984375,1.375,-0.34375,0.0
9877,1797,-0.75390625,-0.1875,-0.84375,0.0
9878,1797,1.1396484375,0.75,-1.03125,0.0
9879,1798,2.791015625,1.015625,-0.40625,0.0
9880,1798,-1.970703125,-0.8125,1.609375,0.0
9881,1798,-0.34765625,-1.0,-0.484375,0.0
9882,1798,0.884765625,0.109375,-1.0,0.0
9883,1798,2.8125,0.3125,-1.171875,1.0
9884,1798,0.912109375,1.234375,-0.3125,0.0
9885,1799,0.884765625,0.046875,-0.34375,1.0
9886,1799,-2.05859375,-0.671875,-1.140625,0.0
9887,1799,-0.3203125,-1.4375,0.625,1.0
9888,1799,0.6015625,1.515625,0.265625,0.0
9889,1799,-0.66015625,0.15625,-0.84375,0.0
9890,1799,-0.705078125,-0.09375,-0.171875,1.0
9891,1799,-0.3330078125,0.671875,-0.8125,1.0
9892,1800,-1.9541015625,-0.921875,0.375,1.0
9893,1800,-0.90234375,-3.078125,-1.390625,1.0
9894,1800,1.0849609375,0.234375,0.09375,0.0
9895,1800,1.4970703125,1.78125,0.96875,1.0
9896,1800,-0.0234375,-0.21875,-0.5625,0.0
9897,1800,0.287109375,0.296875,-0.09375,0.0
9898,1800,2.0478515625,2.28125,-0.28125,0.0
9899,1800,0.8720703125,0.453125,0.515625,0.0
9900,1801,-0.9541015625,-0.34375,0.59375,1.0
9901,1801,-0.671875,0.75,-0.046875,0.0
9902,1801,-2.197265625,-2.484375,0.78125,1.0
9903,1802,2.9404296875,2.0625,0.515625,1.0
9904,1802,1.36328125,-0.6875,-0.15625,0.0
9905,1802,1.2119140625,0.40625,-0.828125,1.0
9906,1802,-0.8447265625,-2.53125,-1.96875,0.0
9907,1803,0.419921875,0.140625,0.0,0.0
9908,1803,-0.5302734375,-0.921875,-1.09375,0.0
9909,1803,-1.97265625,0.046875,2.828125,1.0
9910,1803,-1.935546875,-0.75,0.875,0.0
9911,1803,0.763671875,1.140625,0.734375,1.0
9912,1804,-1.8505859375,-0.515625,1.390625,0.0
9913,1804,-0.123046875,0.6875,2.15625,0.0
9914,1804,-0.9365234375,-1.171875,1.078125,0.0
9915,1804,1.208984375,-0.15625,-1.6875,0.0
9916,1804,0.6083984375,-0.078125,1.25,1.0
9917,1804,1.51953125,0.796875,-0.625,0.0
9918,1805,1.0244140625,1.0,1.484375,1.0
9919,1805,0.509765625,0.046875,1.984375,0.0
9920,1805,1.9384765625,1.6875,2.21875,0.0
9921,1805,0.921875,-1.28125,-0.21875,1.0
9922,1805,0.490234375,0.328125,0.328125,0.0
9923,1805,-0.3642578125,0.109375,-0.328125,1.0
9924,1805,-0.388671875,-1.53125,-0.25,0.0
9925,1806,-0.24609375,-0.734375,-0.515625,0.0
9926,1806,0.154296875,-2.046875,-0.875,0.0
9927,1806,-1.2001953125,-1.796875,-0.390625,1.0
9928,1806,2.060546875,0.546875,0.515625,0.0
9929,1806,2.6826171875,1.21875,-0.140625,0.0
9930,1806,-0.380859375,0.734375,-1.390625,1.0
9931,1806,1.24609375,-0.5625,-0.984375,0.0
9932,1806,0.4248046875,-0.96875,0.203125,0.0
9933,1807,-0.5224609375,0.203125,-2.0,0.0
9934,1807,0.3828125,0.390625,0.78125,0.0
9935,1807,-1.662109375,-0.8125,0.625,1.0
9936,1808,-1.1083984375,0.28125,-0.140625,1.0
9937,1808,0.076171875,0.734375,-2.703125,0.0
9938,1808,-1.05859375,-0.875,-1.140625,1.0
9939,1808,-2.4306640625,0.25,-0.609375,0.0
9940,1809,2.4248046875,0.609375,0.6875,1.0
9941,1809,1.16796875,1.875,1.703125,1.0
9942,1809,-0.296875,-0.296875,1.046875,0.0
9943,1809,1.8369140625,0.5625,1.15625,0.0
9944,1809,-1.833984375,-0.71875,1.84375,1.0
9945,1810,2.1982421875,1.765625,0.21875,1.0
9946,1810,0.025390625,-0.71875,0.453125,0.0
9947,1810,-1.5859375,-0.0625,0.6875,0.0
9948,1810,0.8388671875,0.9375,-0.109375,1.0
9949,1810,0.23046875,-0.453125,1.375,0.0
9950,1810,0.65625,-0.125,0.375,0.0
9951,1811,-0.8515625,-0.671875,1.046875,0.0
9952,1811,1.513671875,-0.21875,-1.734375,0.0
9953,1811,0.2890625,0.671875,-0.078125,0.0
9954,1811,1.5302734375,0.625,-0.546875,1.0
9955,1811,-0.841796875,0.15625,-1.109375,0.0
9956,1811,1.474609375,0.96875,-0.015625,0.0
9957,1811,3.7236328125,0.34375,-0.828125,1.0
9958,1812,-2.4052734375,-0.46875,-0.109375,0.0
9959,1812,0.41015625,1.140625,-0.875,0.0
9960,1812,-2.1005859375,-2.15625,-1.390625,1.0
9961,1812,-1.0224609375,-1.265625,1.15625,1.0
9962,1812,-1.0478515625,0.59375,0.09375,0.0
9963,1812,-0.3095703125,0.671875,-0.53125,0.0
9964,1812,1.798828125,0.203125,-2.203125,0.0
9965,1812,-0.7041015625,-0.046875,0.484375,1.0
9966,1813,0.01171875,-0.34375,-0.109375,0.0
9967,1813,-3.197265625,-1.703125,1.046875,0.0
9968,1813,-0.5625,-1.15625,0.328125,0.0
9969,1814,0.1181640625,-0.328125,0.859375,1.0
9970,1814,1.3134765625,0.515625,-0.046875,0.0
9971,1814,0.7294921875,0.421875,-0.328125,0.0
9972,1814,-1.056640625,-0.015625,2.09375,1.0
9973,1815,0.228515625,0.09375,-0.140625,0.0
9974,1815,1.1357421875,0.15625,-1.125,1.0
9975,1815,-0.9765625,-0.359375,0.453125,0.0
9976,1815,-0.2255859375,0.21875,0.34375,0.0
9977,1815,-0.2900390625,0.515625,-0.421875,1.0
9978,1816,-1.9912109375,-0.9375,0.71875,0.0
9979,1816,-1.5146484375,0.046875,0.1875,0.0
9980,1816,-1.310546875,-1.625,0.0,0.0
9981,1816,-1.0166015625,0.609375,1.4375,0.0
9982,1816,-0.896484375,0.5625,-0.234375,1.0
9983,1816,-2.50390625,-0.53125,1.015625,0.0
9984,1817,-0.0556640625,-0.125,-0.78125,0.0
9985,1817,1.1240234375,-0.640625,-1.859375,0.0
9986,1817,-0.71875,-0.140625,1.34375,1.0
9987,1817,-1.5068359375,-0.390625,1.1875,0.0
9988,1817,0.7099609375,1.875,0.546875,1.0
9989,1817,1.34765625,1.078125,-1.03125,0.0
9990,1817,0.1318359375,0.03125,-2.03125,0.0
9991,1818,-0.0576171875,1.40625,0.75,1.0
9992,1818,-0.0478515625,0.09375,-1.140625,0.0
9993,1818,-1.3720703125,0.015625,0.1875,0.0
9994,1818,-0.8759765625,-0.265625,-0.21875,0.0
9995,1818,3.125,0.890625,1.234375,0.0
9996,1818,-1.529296875,-0.234375,-0.796875,0.0
9997,1818,-0.654296875,1.03125,1.28125,0.0
9998,1818,-1.1474609375,0.25,-0.671875,1.0
9999,1819,-1.9482421875,-1.703125,1.375,0.0
10000,1819,-1.7197265625,-2.140625,-0.578125,1.0
10001,1819,-1.408203125,-1.21875,0.65625,0.0
10002,1820,2.0634765625,1.046875,-0.625,1.0
10003,1820,-1.2783203125,-0.5625,1.421875,1.0
10004,1820,-0.0263671875,0.59375,1.34375,0.0
10005,1820,-0.8681640625,-2.53125,-0.578125,0.0
10006,1821,0.6025390625,0.640625,1.140625,1.0
10007,1821,1.001953125,0.25,-1.328125,0.0
10008,1821,-0.7255859375,-0.125,0.09375,0.0
10009,1821,-1.4091796875,-1.3125,-1.609375,0.0
10010,1821,1.2734375,0.234375,0.3125,0.0
10011,1822,0.4345703125,-0.34375,-0.65625,0.0
10012,1822,-1.5146484375,-0.78125,-0.734375,0.0
10013,1822,-0.28125,-0.140625,-0.03125,1.0
10014,1822,-1.1337890625,-0.765625,0.484375,1.0
10015,1822,3.0966796875,1.46875,-0.640625,1.0
10016,1822,-1.3017578125,-0.625,0.40625,0.0
10017,1823,0.7412109375,0.09375,0.796875,1.0
10018,1823,-1.626953125,-0.671875,-1.015625,0.0
10019,1823,-3.6611328125,-1.21875,1.65625,0.0
10020,1823,-1.44921875,-0.640625,-0.5,1.0
10021,1823,-1.32421875,-1.078125,0.234375,0.0
10022,1823,0.3046875,-0.84375,-1.03125,1.0
10023,1823,-1.890625,-0.640625,0.78125,1.0
10024,1824,-0.3037109375,-0.890625,-1.5,1.0
10025,1824,0.37890625,-0.59375,0.375,0.0
10026,1824,1.03515625,-0.546875,-2.078125,0.0
10027,1824,-3.8251953125,-1.46875,2.53125,1.0
10028,1824,1.103515625,0.25,-0.078125,0.0
10029,1824,1.537109375,-1.4375,-0.53125,1.0
10030,1824,1.03125,-0.921875,-1.59375,1.0
10031,1824,0.052734375,0.4375,-0.265625,0.0
10032,1825,-1.5458984375,-1.25,1.1875,0.0
10033,1825,-0.9892578125,0.59375,0.609375,0.0
10034,1825,-0.7470703125,-1.015625,-2.078125,0.0
10035,1826,0.5830078125,1.546875,1.03125,0.0
10036,1826,3.197265625,1.140625,0.046875,0.0
10037,1826,0.3369140625,-0.28125,0.359375,1.0
10038,1826,-0.435546875,0.1875,0.703125,0.0
10039,1827,1.1357421875,0.71875,0.71875,0.0
10040,1827,2.2939453125,0.078125,-1.59375,1.0
10041,1827,0.197265625,-0.046875,0.28125,0.0
10042,1827,1.0048828125,-0.296875,-0.359375,0.0
10043,1827,1.0625,-1.28125,-0.75,0.0
10044,1828,-1.220703125,-0.1875,1.578125,0.0
10045,1828,0.47265625,0.46875,-0.71875,1.0
10046,1828,0.6875,0.609375,-0.546875,0.0
10047,1828,-0.91015625,-0.5,0.71875,0.0
10048,1828,0.3720703125,0.078125,0.0625,0.0
10049,1828,-0.1552734375,-0.25,0.03125,0.0
10050,1829,1.453125,0.234375,-0.484375,0.0
10051,1829,-0.5263671875,-0.609375,1.59375,0.0
10052,1829,0.064453125,0.9375,1.421875,0.0
10053,1829,1.931640625,0.359375,-0.328125,1.0
10054,1829,2.9345703125,0.75,-0.296875,1.0
10055,1829,1.009765625,0.515625,0.09375,1.0
10056,1829,0.5400390625,0.453125,0.40625,0.0
10057,1830,-0.3837890625,-1.9375,1.203125,0.0
10058,1830,-2.275390625,-2.25,0.84375,1.0
10059,1830,-3.1640625,-1.25,1.125,0.0
10060,1830,-0.908203125,-0.15625,0.15625,0.0
10061,1830,0.646484375,2.078125,0.859375,0.0
10062,1830,0.953125,-1.9375,-1.65625,0.0
10063,1830,0.4814453125,0.71875,-0.09375,1.0
10064,1830,-0.7412109375,-0.3125,2.0625,0.0
10065,1831,-0.3359375,0.03125,1.59375,1.0
10066,1831,-0.1298828125,-1.09375,1.09375,1.0
10067,1831,0.5888671875,0.390625,-0.34375,1.0
10068,1832,-1.0439453125,-0.171875,0.421875,1.0
10069,1832,1.7587890625,0.171875,-1.65625,1.0
10070,1832,-1.79296875,-1.609375,-0.453125,0.0
10071,1832,1.8427734375,0.625,-1.125,0.0
10072,1833,0.640625,-0.71875,-0.171875,0.0
10073,1833,2.634765625,1.84375,-0.421875,0.0
10074,1833,0.333984375,-0.3125,-0.453125,0.0
10075,1833,1.330078125,0.234375,-0.5,1.0
10076,1833,1.1318359375,0.765625,0.75,0.0
10077,1834,0.2890625,0.15625,-1.40625,0.0
10078,1834,1.5771484375,1.046875,-1.375,1.0
10079,1834,-0.7001953125,0.578125,0.28125,0.0
10080,1834,1.64453125,1.640625,-1.09375,0.0
10081,1834,0.560546875,-0.53125,-1.71875,0.0
10082,1834,-0.974609375,0.609375,-0.421875,0.0
10083,1835,1.8740234375,1.484375,-1.9375,1.0
10084,1835,-2.3095703125,-1.59375,-0.328125,0.0
10085,1835,0.6328125,0.25,0.484375,1.0
10086,1835,-0.1630859375,0.8125,-0.953125,1.0
10087,1835,-0.9072265625,-0.390625,-1.0625,0.0
10088,1835,-1.8896484375,-0.375,0.328125,1.0
10089,1835,0.3779296875,0.109375,-0.53125,1.0
10090,1836,-1.5107421875,-0.203125,1.515625,0.0
10091,1836,-0.462890625,-0.359375,1.03125,0.0
10092,1836,-0.9365234375,-1.953125,0.28125,1.0
10093,1836,-1.6904296875,-2.03125,-1.0625,0.0
10094,1836,-0.38671875,-0.1875,0.453125,1.0
10095,1836,-0.759765625,-0.421875,-0.109375,0.0
10096,1836,2.31640625,0.9375,-0.15625,0.0
10097,1836,-0.69921875,0.28125,-0.46875,0.0
10098,1837,-1.0419921875,-0.09375,2.1875,0.0
10099,1837,-2.576171875,-0.8125,0.765625,1.0
10100,1837,-0.904296875,-0.53125,0.34375,0.0
10101,1838,-2.609375,-1.53125,-0.046875,1.0
10102,1838,-1.6025390625,0.40625,1.90625,0.0
10103,1838,1.037109375,1.9375,-1.75,0.0
10104,1838,-1.2431640625,0.1875,-0.140625,0.0
10105,1839,-1.3984375,-1.96875,-0.4375,1.0
10106,1839,-0.3603515625,0.5,-0.21875,0.0
10107,1839,-1.4072265625,1.75,0.203125,0.0
10108,1839,-0.3447265625,0.984375,0.265625,0.0
10109,1839,0.0546875,0.25,-1.703125,0.0
10110,1840,-3.2998046875,-0.609375,-0.8125,1.0
10111,1840,-1.6904296875,0.25,1.546875,1.0
10112,1840,-0.3974609375,-0.0625,1.109375,0.0
10113,1840,0.6533203125,-0.46875,0.09375,1.0
10114,1840,-0.0185546875,0.421875,0.125,1.0
10115,1840,2.376953125,1.796875,-2.078125,1.0
10116,1841,2.451171875,0.03125,-2.203125,0.0
10117,1841,-2.59765625,-1.828125,0.90625,0.0
10118,1841,-2.984375,-0.734375,1.453125,0.0
10119,1841,-0.05859375,0.21875,-0.640625,0.0
10120,1841,0.439453125,1.453125,0.1875,1.0
10121,1841,-0.103515625,-0.71875,1.21875,1.0
10122,1841,0.8056640625,-0.375,0.515625,1.0
10123,1842,2.1171875,0.875,-0.328125,0.0
10124,1842,-0.5263671875,0.125,0.296875,0.0
10125,1842,1.1533203125,0.421875,0.75,0.0
10126,1842,1.0537109375,-0.3125,-0.421875,0.0
10127,1842,-1.306640625,1.03125,1.71875,0.0
10128,1842,-0.9951171875,-1.640625,-0.671875,0.0
10129,1842,1.1015625,0.09375,-0.890625,0.0
10130,1842,-0.5068359375,-2.484375,-1.796875,0.0
10131,1843,-1.291015625,0.125,1.640625,1.0
10132,1843,-0.390625,0.8125,2.21875,0.0
10133,1843,1.5966796875,0.953125,-1.328125,0.0
10134,1844,0.974609375,0.125,1.46875,0.0
10135,1844,-1.8203125,0.296875,-1.5,0.0
10136,1844,-0.8447265625,-0.25,0.609375,0.0
10137,1844,-0.544921875,-0.953125,-0.0625,0.0
10138,1845,0.6416015625,-0.203125,0.78125,1.0
10139,1845,-1.544921875,-2.421875,1.609375,0.0
10140,1845,-1.068359375,-0.3125,1.6875,0.0
10141,1845,0.396484375,0.0,3.0625,0.0
10142,1845,2.4130859375,0.1875,0.078125,0.0
10143,1846,-1.369140625,-2.0,0.140625,0.0
10144,1846,-1.890625,-0.765625,-0.6875,0.0
10145,1846,-1.169921875,-1.5,-0.6875,1.0
10146,1846,0.986328125,-0.59375,-2.15625,0.0
10147,1846,1.1650390625,0.703125,0.46875,0.0
10148,1846,0.2763671875,-0.140625,-0.984375,0.0
10149,1847,-1.2548828125,-0.015625,0.34375,0.0
10150,1847,1.52734375,0.0625,-2.1875,1.0
10151,1847,-2.3955078125,-1.015625,1.265625,0.0
10152,1847,0.1796875,1.46875,1.0,0.0
10153,1847,-2.1689453125,-2.09375,-0.328125,0.0
10154,1847,1.2158203125,1.1875,-1.625,0.0
10155,1847,-0.79296875,0.484375,0.90625,1.0
10156,1848,2.166015625,1.140625,-1.640625,1.0
10157,1848,-0.7314453125,-0.375,0.21875,1.0
10158,1848,-0.412109375,-0.4375,-0.140625,1.0
10159,1848,2.744140625,1.78125,0.5,1.0
10160,1848,1.26171875,1.375,0.0625,1.0
10161,1848,-1.0771484375,-1.234375,-0.125,0.0
10162,1848,0.2158203125,-0.015625,0.03125,0.0
10163,1848,-1.7138671875,-1.328125,-0.71875,0.0
10164,1849,-0.51953125,0.21875,0.359375,1.0
10165,1849,0.1416015625,-0.46875,-0.75,0.0
10166,1849,-2.6826171875,-1.09375,1.75,0.0
10167,1850,1.724609375,1.046875,-0.640625,0.0
10168,1850,0.0810546875,0.984375,-1.5,1.0
10169,1850,-1.013671875,-0.15625,1.828125,0.0
10170,1850,-1.1494140625,-0.046875,-1.53125,1.0
10171,1851,-0.6572265625,0.21875,0.03125,1.0
10172,1851,1.572265625,-0.421875,0.78125,1.0
10173,1851,-0.853515625,-0.296875,0.828125,0.0
10174,1851,-1.1171875,0.890625,0.296875,1.0
10175,1851,-2.8232421875,-1.4375,2.171875,1.0
10176,1852,0.8193359375,1.390625,2.390625,1.0
10177,1852,2.57421875,0.46875,-1.46875,0.0
10178,1852,0.4111328125,0.015625,-0.796875,0.0
10179,1852,-0.7265625,0.296875,-0.265625,0.0
10180,1852,0.189453125,1.421875,1.984375,0.0
10181,1852,-2.080078125,-2.359375,1.46875,1.0
10182,1853,0.23046875,0.40625,0.5625,0.0
10183,1853,2.2333984375,1.875,1.59375,1.0
10184,1853,-0.251953125,0.078125,0.453125,0.0
10185,1853,1.0908203125,0.40625,0.671875,0.0
10186,1853,1.697265625,0.296875,-2.046875,1.0
10187,1853,-1.740234375,-1.8125,0.1875,0.0
10188,1853,0.361328125,-0.5,-1.109375,0.0
10189,1854,-0.814453125,-0.53125,-0.375,0.0
10190,1854,1.17578125,0.90625,0.125,1.0
10191,1854,0.224609375,0.0,1.875,0.0
10192,1854,-0.044921875,0.171875,-0.15625,1.0
10193,1854,-1.3447265625,-0.703125,0.5,0.0
10194,1854,1.32421875,0.59375,-1.21875,0.0
10195,1854,2.7236328125,2.15625,0.109375,1.0
10196,1854,0.14453125,-1.28125,-0.390625,1.0
10197,1855,-0.0615234375,-0.515625,0.25,0.0
10198,1855,0.123046875,0.234375,0.296875,0.0
10199,1855,-1.1455078125,-0.484375,1.5625,0.0
10200,1856,-0.3857421875,1.109375,-0.125,0.0
10201,1856,3.2392578125,0.515625,-2.03125,0.0
10202,1856,0.4169921875,-0.703125,-0.125,1.0
10203,1856,-2.30859375,-1.796875,0.59375,1.0
10204,1857,-0.6552734375,1.484375,0.640625,1.0
10205,1857,2.5478515625,1.96875,0.53125,1.0
10206,1857,-2.22265625,-1.375,-0.171875,1.0
10207,1857,0.3193359375,0.03125,-0.265625,1.0
10208,1857,1.9794921875,1.140625,0.09375,0.0
10209,1858,0.388671875,0.421875,-1.40625,1.0
10210,1858,-1.0654296875,-1.078125,-0.859375,1.0
10211,1858,-0.1376953125,-0.25,1.578125,0.0
10212,1858,-2.05859375,0.296875,-0.359375,0.0
10213,1858,1.02734375,0.921875,-1.453125,1.0
10214,1858,1.3603515625,1.71875,-0.0625,0.0
10215,1859,-1.12890625,-1.125,-0.953125,1.0
10216,1859,-2.2646484375,-1.046875,-0.4375,0.0
10217,1859,-2.552734375,-1.328125,-0.421875,1.0
10218,1859,-2.0224609375,0.40625,0.296875,0.0
10219,1859,0.6708984375,-1.109375,0.46875,0.0
10220,1859,-0.138671875,-0.09375,-1.375,0.0
10221,1859,-0.8251953125,0.671875,-0.8125,1.0
10222,1860,0.9736328125,-0.140625,0.953125,1.0
10223,1860,0.064453125,-1.078125,-0.09375,1.0
10224,1860,2.130859375,-0.265625,0.21875,1.0
10225,1860,-0.0517578125,-0.484375,1.40625,1.0
10226,1860,-0.7001953125,-0.84375,0.0625,0.0
10227,1860,0.9169921875,1.125,0.546875,1.0
10228,1860,-0.1279296875,-0.578125,-0.078125,0.0
10229,1860,0.904296875,0.84375,-0.875,1.0
10230,1861,-0.630859375,-0.015625,0.421875,0.0
10231,1861,1.818359375,0.9375,1.75,1.0
10232,1861,0.7978515625,0.171875,1.203125,0.0
10233,1862,0.5634765625,-0.25,-1.296875,1.0
10234,1862,0.060546875,-0.71875,-0.859375,0.0
10235,1862,0.873046875,-0.859375,-1.34375,0.0
10236,1862,-0.73046875,0.0,-1.140625,1.0
10237,1863,-1.4345703125,0.34375,1.0625,1.0
10238,1863,0.4541015625,1.140625,-0.421875,0.0
10239,1863,-2.9521484375,-1.5625,0.875,0.0
10240,1863,0.806640625,0.640625,0.40625,0.0
10241,1863,-1.8955078125,-3.171875,0.296875,0.0
10242,1864,0.6767578125,-0.0625,-1.09375,0.0
10243,1864,3.6083984375,0.734375,-1.921875,1.0
10244,1864,-0.052734375,0.5625,-0.578125,0.0
10245,1864,-0.794921875,-0.625,0.96875,0.0
10246,1864,-0.150390625,-1.171875,0.3125,0.0
10247,1864,-0.1142578125,-0.84375,0.875,0.0
10248,1865,2.3935546875,-1.515625,-1.53125,0.0
10249,1865,1.046875,0.546875,1.390625,1.0
10250,1865,-1.0947265625,-2.125,0.875,1.0
10251,1865,2.9130859375,1.140625,-0.453125,0.0
10252,1865,3.7001953125,0.4375,-0.734375,1.0
10253,1865,-1.953125,-2.328125,0.953125,0.0
10254,1865,3.908203125,2.28125,-0.25,0.0
10255,1866,-3.1005859375,-0.84375,1.75,0.0
10256,1866,-1.3095703125,-0.4375,-0.25,0.0
10257,1866,-0.423828125,0.671875,-1.671875,0.0
10258,1866,-1.541015625,-0.6875,1.03125,1.0
10259,1866,-1.0380859375,-1.75,-0.171875,0.0
10260,1866,0.3125,1.796875,-1.1875,0.0
10261,1866,0.3486328125,-0.921875,-1.328125,0.0
10262,1866,-1.384765625,-0.640625,0.234375,0.0
10263,1867,-0.9296875,-0.234375,0.4375,1.0
10264,1867,-1.884765625,-0.421875,-1.453125,1.0
10265,1867,1.904296875,-0.21875,-1.6875,1.0
10266,1868,-0.9296875,-1.328125,0.015625,1.0
10267,1868,1.1884765625,-1.34375,-2.125,1.0
10268,1868,-1.0263671875,1.71875,1.109375,0.0
10269,1868,1.03515625,-0.671875,-1.796875,1.0
10270,1869,2.30078125,0.46875,-0.984375,0.0
10271,1869,1.1630859375,0.625,2.40625,0.0
10272,1869,-1.1875,-1.734375,0.65625,1.0
10273,1869,-0.5791015625,0.59375,-0.046875,0.0
10274,1869,1.533203125,-0.265625,-1.375,1.0
10275,1870,-0.6650390625,-0.65625,-0.859375,0.0
10276,1870,-0.6826171875,1.375,0.28125,0.0
10277,1870,-0.7607421875,-0.546875,-0.125,1.0
10278,1870,0.0341796875,1.03125,1.625,1.0
10279,1870,1.0,0.359375,-1.640625,0.0
10280,1870,0.0126953125,-0.6875,-0.765625,0.0
10281,1871,-1.4931640625,-2.484375,0.71875,0.0
10282,1871,-2.423828125,-1.40625,0.046875,1.0
10283,1871,0.83203125,-0.90625,-0.625,1.0
10284,1871,0.1181640625,0.21875,-1.71875,0.0
10285,1871,-0.0859375,-0.984375,-0.46875,1.0
10286,1871,-2.2978515625,-0.8125,0.59375,1.0
10287,1871,-0.8896484375,0.703125,0.21875,0.0
10288,1872,-0.869140625,-1.734375,0.234375,0.0
10289,1872,-0.396484375,-1.0,0.59375,0.0
10290,1872,1.84375,-0.609375,-1.984375,1.0
10291,1872,-0.7021484375,0.21875,0.171875,1.0
10292,1872,-1.8828125,-0.9375,1.6875,1.0
10293,1872,2.2373046875,0.671875,1.09375,0.0
10294,1872,-0.8125,-0.25,1.40625,1.0
10295,1872,3.3818359375,1.5,0.171875,1.0
10296,1873,-1.00390625,-0.03125,0.90625,0.0
10297,1873,2.958984375,1.359375,-0.5,0.0
10298,1873,0.47265625,0.875,-0.78125,1.0
10299,1874,-2.5029296875,-1.671875,1.171875,0.0
10300,1874,-0.4931640625,0.25,-0.375,0.0
10301,1874,-5.416015625,-3.390625,-0.15625,1.0
10302,1874,-2.45703125,-0.984375,2.078125,0.0
10303,1875,0.2470703125,-0.90625,-0.75,1.0
10304,1875,1.1708984375,-0.078125,0.109375,0.0
10305,1875,0.890625,0.1875,0.015625,0.0
10306,1875,-1.2021484375,-0.78125,-1.421875,0.0
10307,1875,-0.3154296875,0.59375,-0.796875,0.0
10308,1876,-1.7158203125,-0.34375,-0.140625,0.0
10309,1876,-5.2216796875,-2.625,0.984375,0.0
10310,1876,0.908203125,-0.671875,-0.703125,1.0
10311,1876,-1.6875,-0.671875,-0.359375,1.0
10312,1876,-0.5859375,0.421875,0.546875,0.0
10313,1876,-3.39453125,-1.90625,1.71875,1.0
10314,1877,0.5615234375,0.484375,0.359375,0.0
10315,1877,-1.2294921875,-0.90625,0.578125,0.0
10316,1877,-1.759765625,-1.234375,-0.078125,0.0
10317,1877,0.400390625,-0.921875,0.234375,0.0
10318,1877,0.744140625,2.34375,1.84375,0.0
10319,1877,-0.0576171875,0.328125,-0.21875,1.0
10320,1877,0.7978515625,-1.375,-0.046875,0.0
10321,1878,-0.337890625,-0.6875,0.390625,0.0
10322,1878,0.4384765625,-0.171875,1.90625,0.0
10323,1878,2.595703125,1.8125,0.109375,0.0
10324,1878,0.9541015625,0.609375,-0.984375,0.0
10325,1878,0.24609375,-2.609375,-0.78125,0.0
10326,1878,0.076171875,-0.78125,-1.25,0.0
10327,1878,-0.0224609375,-0.609375,0.859375,0.0
10328,1878,-1.5712890625,-1.359375,0.640625,1.0
10329,1879,1.5869140625,-0.0625,-1.09375,1.0
10330,1879,2.369140625,2.734375,0.4375,1.0
10331,1879,-1.9638671875,-1.796875,-1.59375,0.0
10332,1880,-1.2529296875,-1.515625,0.5625,1.0
10333,1880,-3.47265625,-1.390625,-0.765625,0.0
10334,1880,0.7470703125,0.71875,-0.3125,1.0
10335,1880,0.591796875,-0.359375,-1.21875,0.0
10336,1881,-2.2568359375,-2.96875,0.640625,1.0
10337,1881,-1.607421875,-1.359375,0.890625,0.0
10338,1881,-0.4296875,-0.796875,1.203125,1.0
10339,1881,-0.51171875,-0.9375,0.484375,0.0
10340,1881,-0.1748046875,1.0625,0.0625,1.0
10341,1882,-0.7490234375,-0.78125,1.28125,1.0
10342,1882,0.0693359375,0.703125,1.21875,0.0
10343,1882,2.1796875,1.765625,0.953125,1.0
10344,1882,-0.3984375,0.03125,-0.453125,0.0
10345,1882,1.80859375,-0.609375,-0.984375,1.0
10346,1882,2.3857421875,0.625,-1.671875,1.0
10347,1883,2.671875,0.875,0.65625,0.0
10348,1883,1.146484375,1.359375,0.421875,0.0
10349,1883,-1.5263671875,0.0625,-0.671875,0.0
10350,1883,1.345703125,1.265625,0.25,0.0
10351,1883,1.703125,0.5,-2.75,0.0
10352,1883,-1.3955078125,-1.125,-0.171875,1.0
10353,1883,0.1474609375,-0.25,1.0,0.0
10354,1884,2.1298828125,-0.796875,-0.390625,1.0
10355,1884,4.0048828125,3.1875,-0.140625,0.0
10356,1884,1.4619140625,0.578125,-0.203125,0.0
10357,1884,0.9638671875,-0.40625,1.234375,1.0
10358,1884,1.9677734375,0.515625,-0.03125,0.0
10359,1884,3.5107421875,-0.109375,-0.890625,0.0
10360,1884,2.7470703125,1.546875,-0.546875,0.0
10361,1884,1.5595703125,0.875,0.4375,1.0
10362,1885,0.123046875,0.515625,1.375,0.0
10363,1885,-1.107421875,-0.734375,0.328125,0.0
10364,1885,2.4658203125,0.390625,-1.859375,0.0
10365,1886,-1.037109375,-0.65625,-0.828125,1.0
10366,1886,-1.974609375,-0.5625,0.453125,0.0
10367,1886,0.27734375,-0.03125,-0.515625,0.0
10368,1886,0.171875,-0.140625,0.296875,0.0
10369,1887,-0.51171875,0.125,1.09375,1.0
10370,1887,0.7177734375,2.421875,0.53125,0.0
10371,1887,2.2119140625,1.546875,-0.390625,0.0
10372,1887,-0.0849609375,-0.0625,-0.6875,0.0
10373,1887,0.2353515625,0.203125,-0.796875,0.0
10374,1888,0.349609375,0.296875,-1.578125,1.0
10375,1888,0.0654296875,0.765625,-0.3125,1.0
10376,1888,2.8427734375,1.21875,-0.84375,0.0
10377,1888,2.208984375,0.53125,0.03125,0.0
10378,1888,-0.576171875,-0.015625,-1.53125,0.0
10379,1888,-0.775390625,-0.15625,1.078125,0.0
10380,1889,-0.775390625,1.0625,0.765625,0.0
10381,1889,0.5205078125,1.546875,-0.71875,1.0
10382,1889,0.814453125,0.25,-1.21875,0.0
10383,1889,-0.4169921875,1.4375,-1.0625,0.0
10384,1889,0.771484375,1.375,0.5625,0.0
10385,1889,-0.841796875,-0.625,-1.375,0.0
10386,1889,-0.4931640625,-0.71875,0.265625,0.0
10387,1890,0.015625,0.140625,0.3125,1.0
10388,1890,0.9267578125,-0.671875,0.59375,1.0
10389,1890,1.5576171875,0.015625,-1.71875,0.0
10390,1890,1.8759765625,-0.53125,-0.21875,0.0
10391,1890,0.8642578125,0.1875,0.59375,0.0
10392,1890,-0.677734375,-0.171875,0.984375,0.0
10393,1890,-0.5595703125,0.578125,0.09375,0.0
10394,1890,2.0263671875,0.921875,-0.109375,1.0
10395,1891,-0.5830078125,0.984375,3.0,0.0
10396,1891,-3.2890625,-1.796875,2.484375,0.0
10397,1891,3.087890625,-0.03125,-0.609375,1.0
10398,1892,0.193359375,-1.5,-0.25,1.0
10399,1892,2.6865234375,0.25,0.84375,0.0
10400,1892,0.5810546875,0.015625,0.796875,1.0
10401,1892,1.3984375,1.765625,0.859375,0.0
10402,1893,-0.9970703125,0.265625,-0.359375,0.0
10403,1893,-1.0693359375,-0.4375,-0.40625,0.0
10404,1893,-1.0732421875,-0.875,0.8125,1.0
10405,1893,0.11328125,1.5625,-0.671875,1.0
10406,1893,-1.658203125,-0.609375,0.84375,0.0
10407,1894,0.4951171875,-1.015625,0.71875,1.0
10408,1894,-3.041015625,-2.640625,0.875,0.0
10409,1894,0.7978515625,-0.625,-2.25,1.0
10410,1894,-0.3232421875,-1.078125,-0.96875,1.0
10411,1894,0.064453125,0.140625,-0.71875,1.0
10412,1894,1.2158203125,0.109375,-1.375,0.0
10413,1895,0.3310546875,-1.109375,-0.46875,0.0
10414,1895,1.1064453125,0.53125,-1.296875,0.0
10415,1895,0.9189453125,-1.0,-0.890625,1.0
10416,1895,-0.5263671875,0.09375,0.1875,0.0
10417,1895,-0.0,0.078125,0.65625,1.0
10418,1895,1.794921875,0.28125,0.46875,0.0
10419,1895,-1.8583984375,-0.796875,0.171875,1.0
10420,1896,0.587890625,-0.109375,0.75,1.0
10421,1896,-0.2548828125,-0.09375,-0.34375,0.0
10422,1896,1.197265625,0.140625,-1.296875,1.0
10423,1896,1.4404296875,-0.3125,-1.046875,1.0
10424,1896,-1.8056640625,-0.125,1.40625,0.0
10425,1896,-1.3876953125,-0.984375,0.171875,0.0
10426,1896,0.341796875,-0.421875,-0.84375,1.0
10427,1896,0.86328125,0.296875,0.296875,0.0
10428,1897,1.4404296875,0.1875,0.015625,1.0
10429,1897,2.22265625,-0.03125,-0.0625,0.0
10430,1897,1.697265625,1.046875,1.03125,0.0
10431,1898,0.966796875,0.25,0.546875,0.0
10432,1898,0.6552734375,0.171875,0.890625,1.0
10433,1898,-0.2451171875,-0.734375,-2.09375,0.0
10434,1898,-0.3515625,-0.59375,-1.125,1.0
10435,1899,1.3525390625,-0.078125,-1.90625,1.0
10436,1899,-1.009765625,1.734375,0.265625,0.0
10437,1899,0.1845703125,0.546875,-0.1875,0.0
10438,1899,-1.193359375,-0.21875,0.28125,0.0
10439,1899,-1.7001953125,-1.546875,0.640625,0.0
10440,1900,0.3896484375,0.671875,0.4375,1.0
10441,1900,-0.7060546875,-0.171875,-0.03125,1.0
10442,1900,1.484375,0.90625,-0.703125,0.0
10443,1900,-1.0078125,0.28125,1.46875,1.0
10444,1900,0.2958984375,0.703125,0.96875,0.0
10445,1900,0.412109375,0.140625,-1.453125,0.0
10446,1901,-0.546875,-0.21875,1.484375,0.0
10447,1901,0.7568359375,0.703125,-0.125,0.0
10448,1901,1.375,0.296875,-2.265625,0.0
10449,1901,3.67578125,1.09375,-2.546875,0.0
10450,1901,-0.7470703125,-0.21875,0.203125,1.0
10451,1901,0.0771484375,0.953125,0.390625,1.0
10452,1901,-0.78125,-1.5,0.046875,1.0
10453,1902,1.537109375,1.34375,-3.40625,0.0
10454,1902,-1.1728515625,-0.53125,1.25,0.0
10455,1902,1.06640625,-0.40625,0.640625,1.0
10456,1902,0.5849609375,-1.203125,-1.5625,0.0
10457,1902,0.4619140625,-0.15625,-1.0,0.0
10458,1902,-1.830078125,-1.21875,3.578125,1.0
10459,1902,1.474609375,-1.328125,-0.546875,0.0
10460,1902,1.2685546875,0.625,0.84375,0.0
10461,1903,-0.7607421875,-1.765625,-0.796875,0.0
10462,1903,0.18359375,-1.21875,-0.625,0.0
10463,1903,0.9169921875,0.84375,0.453125,0.0
10464,1904,-0.5517578125,-0.0625,1.125,0.0
10465,1904,0.833984375,-0.875,-1.109375,1.0
10466,1904,0.2451171875,0.671875,0.421875,0.0
10467,1904,1.736328125,-0.28125,0.5625,1.0
10468,1905,0.6669921875,-2.09375,-1.375,0.0
10469,1905,-0.048828125,0.40625,0.078125,0.0
10470,1905,0.1826171875,-0.359375,-2.0,1.0
10471,1905,-2.26953125,-1.265625,0.65625,1.0
10472,1905,2.3876953125,-0.0625,0.890625,1.0
10473,1906,-0.7646484375,-1.65625,-2.125,0.0
10474,1906,0.1806640625,-1.46875,-0.796875,1.0
10475,1906,-1.892578125,-0.65625,0.703125,0.0
10476,1906,2.4951171875,0.65625,-0.15625,1.0
10477,1906,0.75390625,0.703125,-0.984375,0.0
10478,1906,0.20703125,-0.203125,-1.6875,1.0
10479,1907,0.2529296875,-0.46875,-0.109375,0.0
10480,1907,-0.673828125,0.734375,0.546875,0.0
10481,1907,-1.8408203125,-1.109375,1.09375,0.0
10482,1907,0.2978515625,-1.40625,-0.40625,0.0
10483,1907,-1.6845703125,-0.3125,2.125,0.0
10484,1907,1.087890625,1.265625,-0.015625,0.0
10485,1907,-0.140625,0.203125,-0.75,0.0
10486,1908,0.3046875,0.78125,1.328125,0.0
10487,1908,-1.7373046875,0.046875,1.015625,0.0
10488,1908,0.447265625,0.625,0.640625,0.0
10489,1908,0.494140625,0.484375,-0.34375,1.0
10490,1908,-0.908203125,-0.078125,0.203125,0.0
10491,1908,1.8955078125,3.265625,0.828125,1.0
10492,1908,-0.232421875,-0.015625,1.921875,0.0
10493,1908,-0.2177734375,0.0,-0.109375,1.0
10494,1909,1.1796875,0.953125,-0.46875,1.0
10495,1909,0.1826171875,-0.109375,-0.203125,1.0
10496,1909,0.8251953125,0.828125,0.953125,0.0
10497,1910,1.9755859375,1.625,0.890625,0.0
10498,1910,2.7763671875,1.328125,-1.796875,0.0
10499,1910,1.5732421875,0.359375,-0.734375,0.0
10500,1910,1.8603515625,0.625,-1.5,1.0
10501,1911,-2.587890625,-0.046875,-0.25,1.0
10502,1911,0.4814453125,0.859375,0.40625,0.0
10503,1911,-2.078125,-0.96875,0.0625,0.0
10504,1911,-3.5390625,-1.625,-1.078125,1.0
10505,1911,0.4150390625,0.4375,0.265625,0.0
10506,1912,1.9755859375,1.78125,-1.109375,0.0
10507,1912,-1.8408203125,-0.84375,0.25,0.0
10508,1912,1.0751953125,1.03125,-0.09375,1.0
10509,1912,-3.482421875,-1.8125,2.046875,0.0
10510,1912,1.1845703125,0.1875,1.546875,0.0
10511,1912,-0.0751953125,1.765625,0.4375,0.0
10512,1913,-1.0625,0.03125,0.703125,0.0
10513,1913,1.673828125,0.546875,-2.90625,1.0
10514,1913,0.263671875,0.046875,0.390625,0.0
10515,1913,1.201171875,0.796875,-1.734375,0.0
10516,1913,0.54296875,1.828125,-0.90625,1.0
10517,1913,-1.587890625,0.28125,-0.59375,0.0
10518,1913,0.5458984375,0.71875,-1.171875,0.0
10519,1914,2.0732421875,0.03125,-0.671875,0.0
10520,1914,-1.7958984375,-1.640625,0.640625,1.0
10521,1914,-0.3984375,-0.359375,0.375,1.0
10522,1914,0.9951171875,0.46875,0.484375,1.0
10523,1914,-0.13671875,0.515625,0.453125,0.0
10524,1914,2.3798828125,0.5,1.515625,1.0
10525,1914,-3.1103515625,-1.0625,0.046875,0.0
10526,1914,0.802734375,-0.28125,1.078125,0.0
10527,1915,0.25390625,0.65625,0.875,0.0
10528,1915,-1.99609375,-1.96875,0.71875,1.0
10529,1915,1.11328125,0.875,0.734375,0.0
10530,1916,2.3115234375,0.3125,-0.359375,0.0
10531,1916,1.40625,-0.671875,-0.265625,0.0
10532,1916,-1.7939453125,-0.34375,0.5625,0.0
10533,1916,1.8623046875,1.296875,0.109375,0.0
10534,1917,2.0283203125,-0.375,0.015625,0.0
10535,1917,-1.482421875,-1.078125,0.25,0.0
10536,1917,-0.44140625,0.375,-0.828125,0.0
10537,1917,0.1767578125,-0.109375,0.609375,0.0
10538,1917,0.75,0.3125,0.109375,0.0
10539,1918,0.48828125,-0.90625,-1.046875,0.0
10540,1918,0.0478515625,1.390625,0.765625,0.0
10541,1918,0.1845703125,0.609375,0.328125,0.0
10542,1918,2.5283203125,0.953125,0.0625,0.0
10543,1918,-0.1650390625,-0.09375,-0.671875,0.0
10544,1918,-0.25,0.1875,-0.34375,1.0
10545,1919,-1.3125,-0.234375,0.359375,1.0
10546,1919,0.228515625,-0.515625,0.15625,1.0
10547,1919,-2.046875,0.140625,0.71875,0.0
10548,1919,-0.6826171875,-1.328125,-0.484375,1.0
10549,1919,-0.1708984375,-0.109375,1.0,0.0
10550,1919,-1.6103515625,0.921875,1.609375,0.0
10551,1919,1.1748046875,0.53125,-1.421875,0.0
10552,1920,3.798828125,1.453125,0.125,1.0
10553,1920,-1.41015625,-0.53125,-0.703125,0.0
10554,1920,1.4345703125,0.390625,0.234375,0.0
10555,1920,-0.11328125,-0.421875,-0.734375,1.0
10556,1920,0.63671875,1.9375,0.296875,0.0
10557,1920,0.080078125,0.09375,1.0,0.0
10558,1920,0.5634765625,0.15625,-0.203125,1.0
10559,1920,1.0244140625,0.8125,0.359375,0.0
10560,1921,-1.19921875,0.234375,0.015625,0.0
10561,1921,0.662109375,0.015625,0.015625,1.0
10562,1921,0.421875,-1.796875,-1.71875,0.0
10563,1922,1.802734375,1.671875,-0.96875,1.0
10564,1922,-1.708984375,-0.953125,-0.53125,1.0
10565,1922,-0.1025390625,-0.015625,-0.71875,1.0
10566,1922,0.3388671875,-0.046875,-0.484375,0.0
10567,1923,-1.1884765625,-1.125,-0.375,0.0
10568,1923,2.6796875,1.078125,-1.546875,0.0
10569,1923,1.05859375,0.078125,0.0,1.0
10570,1923,0.826171875,1.046875,1.234375,1.0
10571,1923,0.57421875,-1.21875,-0.4375,1.0
10572,1924,2.7998046875,1.296875,-0.6875,1.0
10573,1924,0.5791015625,-0.75,-0.859375,0.0
10574,1924,0.6650390625,-0.6875,-0.234375,0.0
10575,1924,0.78125,0.4375,0.703125,0.0
10576,1924,0.3232421875,0.171875,-0.515625,1.0
10577,1924,1.306640625,0.625,0.125,0.0
10578,1925,-0.1591796875,0.828125,0.6875,0.0
10579,1925,0.50390625,0.28125,-0.46875,0.0
10580,1925,-0.8876953125,1.015625,0.375,1.0
10581,1925,2.125,0.734375,-0.8125,0.0
10582,1925,3.955078125,1.796875,-1.875,1.0
10583,1925,0.40625,0.71875,2.375,1.0
10584,1925,0.720703125,1.046875,0.234375,1.0
10585,1926,0.44140625,0.625,0.171875,0.0
10586,1926,1.5625,1.25,-0.171875,0.0
10587,1926,3.7861328125,0.03125,-1.671875,0.0
10588,1926,-0.033203125,-0.296875,0.578125,1.0
10589,1926,-0.935546875,-1.421875,1.34375,0.0
10590,1926,0.8125,-0.015625,-0.484375,0.0
10591,1926,3.1865234375,0.359375,-0.40625,1.0
10592,1926,-1.5361328125,-0.875,-0.515625,1.0
10593,1927,-1.9970703125,-0.953125,-0.765625,1.0
10594,1927,0.3544921875,1.046875,-0.21875,1.0
10595,1927,-0.0517578125,1.46875,0.53125,1.0
10596,1928,-0.53515625,-2.078125,0.1875,1.0
10597,1928,1.595703125,0.875,-1.765625,0.0
10598,1928,1.2861328125,0.71875,-1.15625,1.0
10599,1928,0.15625,0.046875,-0.125,1.0
10600,1929,2.30078125,0.046875,-1.6875,1.0
10601,1929,1.5654296875,0.078125,0.21875,0.0
10602,1929,0.982421875,-0.28125,1.859375,1.0
10603,1929,1.134765625,1.0,0.703125,1.0
10604,1929,-0.072265625,-1.0625,0.6875,0.0
10605,1930,1.197265625,1.4375,1.53125,1.0
10606,1930,-0.3564453125,-0.234375,1.6875,0.0
10607,1930,3.0576171875,2.578125,1.375,1.0
10608,1930,-0.0244140625,0.046875,-0.140625,0.0
10609,1930,0.3837890625,-1.484375,0.140625,1.0
10610,1930,1.9677734375,0.5625,-0.71875,0.0
10611,1931,1.748046875,1.078125,-1.90625,0.0
10612,1931,-1.4833984375,-0.234375,-0.96875,0.0
10613,1931,0.5595703125,-0.109375,-0.46875,0.0
10614,1931,-2.4443359375,-0.1875,0.53125,0.0
10615,1931,-0.064453125,1.0,2.109375,1.0
10616,1931,-1.0126953125,-0.828125,-0.28125,0.0
10617,1931,2.2119140625,1.234375,-1.328125,0.0
10618,1932,1.6318359375,-0.125,-0.5,1.0
10619,1932,0.6806640625,-1.1875,-1.453125,0.0
10620,1932,3.4560546875,2.5625,0.9375,0.0
10621,1932,-0.8291015625,-0.921875,0.234375,0.0
10622,1932,-0.9150390625,0.0,0.28125,0.0
10623,1932,1.6640625,0.453125,-0.640625,0.0
10624,1932,2.7744140625,-0.6875,-0.28125,0.0
10625,1932,3.056640625,-1.015625,0.1875,1.0
10626,1933,1.28125,1.625,-0.96875,0.0
10627,1933,2.73828125,1.203125,-1.078125,1.0
10628,1933,0.1103515625,-0.484375,-1.703125,0.0
10629,1934,-0.0244140625,1.03125,0.828125,1.0
10630,1934,-0.6552734375,0.828125,0.265625,1.0
10631,1934,-0.5947265625,-0.453125,0.078125,0.0
10632,1934,-0.2939453125,1.0625,0.578125,0.0
10633,1935,0.8369140625,-1.1875,-0.5,1.0
10634,1935,-1.208984375,-0.21875,-0.671875,1.0
10635,1935,2.515625,2.015625,-0.59375,1.0
10636,1935,-0.375,-0.640625,-0.0625,1.0
10637,1935,-1.76953125,-0.390625,0.296875,0.0
10638,1936,2.3759765625,-0.5,0.578125,1.0
10639,1936,0.0634765625,0.703125,0.46875,0.0
10640,1936,1.4697265625,-0.6875,-0.171875,0.0
10641,1936,3.1630859375,0.4375,-0.203125,0.0
10642,1936,3.2412109375,0.203125,-0.8125,0.0
10643,1936,-0.2607421875,-0.3125,0.25,0.0
10644,1937,-1.1533203125,0.859375,-1.28125,0.0
10645,1937,-0.3720703125,-1.734375,-0.265625,1.0
10646,1937,-1.751953125,0.625,-0.515625,1.0
10647,1937,1.6201171875,0.578125,-2.640625,1.0
10648,1937,-0.921875,0.234375,-0.234375,0.0
10649,1937,2.25390625,1.265625,-1.875,1.0
10650,1937,2.3828125,2.8125,-1.4375,0.0
10651,1938,-2.1298828125,-2.3125,-0.609375,1.0
10652,1938,0.5791015625,1.15625,1.3125,0.0
10653,1938,2.3828125,1.015625,-1.71875,0.0
10654,1938,1.83984375,1.5625,-1.140625,0.0
10655,1938,-2.1865234375,-1.28125,-0.234375,0.0
10656,1938,0.2958984375,-0.046875,-0.765625,1.0
10657,1938,1.0078125,0.03125,0.328125,1.0
10658,1938,1.5771484375,0.984375,-0.609375,0.0
10659,1939,1.658203125,1.15625,-0.640625,0.0
10660,1939,-1.578125,-2.484375,-1.421875,0.0
10661,1939,-2.0439453125,-1.140625,-0.84375,0.0
10662,1940,-1.4814453125,-0.921875,1.90625,1.0
10663,1940,0.2353515625,0.140625,-0.703125,0.0
10664,1940,1.9892578125,1.21875,-0.96875,1.0
10665,1940,-0.958984375,-0.34375,0.5,0.0
10666,1941,1.615234375,1.0,1.265625,1.0
10667,1941,2.173828125,0.78125,-0.234375,0.0
10668,1941,0.373046875,-0.09375,-0.4375,0.0
10669,1941,-2.1845703125,-1.765625,0.65625,0.0
10670,1941,-1.1044921875,-0.28125,-0.5,0.0
10671,1942,0.8037109375,0.328125,-0.59375,1.0
10672,1942,0.2060546875,0.796875,0.90625,0.0
10673,1942,1.232421875,0.40625,0.078125,0.0
10674,1942,1.119140625,1.375,0.65625,1.0
10675,1942,-2.75,0.15625,1.796875,0.0
10676,1942,0.658203125,0.984375,0.375,0.0
10677,1943,0.541015625,0.34375,-1.9375,0.0
10678,1943,0.2626953125,-0.390625,0.703125,1.0
10679,1943,0.3310546875,-0.546875,-0.453125,1.0
10680,1943,-0.7890625,-0.453125,-1.0,0.0
10681,1943,0.7158203125,0.5,-0.71875,1.0
10682,1943,-0.4951171875,-0.84375,0.4375,1.0
10683,1943,-1.4208984375,-0.4375,-0.46875,1.0
10684,1944,0.369140625,-0.421875,-1.078125,0.0
10685,1944,-2.2333984375,-0.765625,-2.09375,0.0
10686,1944,0.9912109375,-0.59375,-0.390625,1.0
10687,1944,-2.509765625,-0.4375,0.21875,0.0
10688,1944,2.4609375,1.09375,-1.484375,0.0
10689,1944,1.2275390625,1.609375,0.5625,0.0
10690,1944,0.2685546875,0.03125,0.90625,1.0
10691,1944,0.6591796875,0.734375,0.921875,0.0
10692,1945,-1.7802734375,-0.515625,-0.53125,0.0
10693,1945,0.9765625,-0.28125,-0.59375,0.0
10694,1945,-0.0048828125,-0.8125,-0.046875,1.0
10695,1946,0.0283203125,1.90625,-0.4375,1.0
10696,1946,0.5986328125,0.671875,-1.609375,0.0
10697,1946,0.076171875,2.75,-0.03125,0.0
10698,1946,-0.068359375,-0.359375,-0.96875,1.0
10699,1947,3.740234375,0.65625,0.09375,0.0
10700,1947,-0.025390625,-0.390625,-0.234375,1.0
10701,1947,1.21484375,1.65625,0.703125,1.0
10702,1947,0.03515625,-0.703125,0.40625,1.0
10703,1947,0.248046875,-0.671875,-0.46875,0.0
10704,1948,-0.4033203125,0.859375,0.375,0.0
10705,1948,-0.7177734375,-0.21875,-0.671875,1.0
10706,1948,0.3310546875,0.84375,-1.0625,1.0
10707,1948,1.3984375,1.1875,-0.078125,0.0
10708,1948,3.048828125,1.296875,0.375,0.0
10709,1948,1.0458984375,-0.4375,0.25,0.0
10710,1949,-0.1630859375,-0.703125,-0.75,0.0
10711,1949,1.4072265625,1.796875,-0.921875,1.0
10712,1949,0.837890625,1.109375,-1.25,1.0
10713,1949,0.857421875,0.875,0.359375,0.0
10714,1949,-0.09375,-0.375,-0.28125,1.0
10715,1949,-0.5126953125,-0.484375,0.015625,0.0
10716,1949,-1.0830078125,-0.84375,0.109375,1.0
10717,1950,-0.3076171875,0.875,-0.171875,1.0
10718,1950,1.3974609375,1.59375,-0.546875,0.0
10719,1950,1.3505859375,0.96875,-1.09375,1.0
10720,1950,-0.455078125,-0.484375,-2.609375,0.0
10721,1950,0.666015625,0.1875,-2.046875,1.0
10722,1950,-2.791015625,-0.421875,-0.40625,0.0
10723,1950,-0.5869140625,-0.9375,-0.75,1.0
10724,1950,-1.19140625,0.15625,1.109375,0.0
10725,1951,-1.9287109375,0.046875,0.703125,1.0
10726,1951,-0.83984375,0.203125,0.375,0.0
10727,1951,-1.689453125,-1.828125,-0.53125,1.0
10728,1952,1.0380859375,1.640625,-1.421875,1.0
10729,1952,-2.869140625,-1.5,0.0,1.0
10730,1952,-0.4111328125,0.515625,0.015625,1.0
10731,1952,-0.3896484375,-0.859375,1.328125,0.0
10732,1953,-0.8271484375,0.3125,0.28125,1.0
10733,1953,0.95703125,1.0625,1.203125,0.0
10734,1953,0.373046875,0.375,-0.3125,0.0
10735,1953,0.0712890625,0.6875,-0.953125,0.0
10736,1953,1.0439453125,0.609375,-0.328125,1.0
10737,1954,0.4091796875,0.75,1.515625,0.0
10738,1954,-1.283203125,-1.5625,0.265625,0.0
10739,1954,-0.5615234375,-0.328125,-0.40625,0.0
10740,1954,-1.068359375,-0.90625,0.515625,0.0
10741,1954,1.18359375,-0.359375,0.515625,1.0
10742,1954,1.28515625,1.21875,-0.390625,0.0
10743,1955,-0.837890625,0.234375,1.390625,1.0
10744,1955,2.080078125,2.140625,0.28125,0.0
10745,1955,0.4775390625,0.546875,0.46875,0.0
10746,1955,0.1044921875,0.15625,1.9375,0.0
10747,1955,-0.5419921875,-0.78125,0.6875,0.0
10748,1955,0.17578125,-0.9375,-0.265625,0.0
10749,1955,4.3896484375,1.140625,-1.65625,0.0
10750,1956,0.7373046875,0.40625,1.140625,0.0
10751,1956,-0.85546875,-0.65625,0.03125,0.0
10752,1956,-1.1328125,0.15625,1.53125,0.0
10753,1956,-1.36328125,-1.4375,-0.8125,0.0
10754,1956,3.0810546875,1.171875,0.5,1.0
10755,1956,-1.73828125,-1.09375,-0.78125,0.0
10756,1956,-0.8486328125,-1.390625,1.203125,0.0
10757,1956,-0.6669921875,-0.09375,0.765625,1.0
10758,1957,1.5068359375,0.6875,-0.5,0.0
10759,1957,0.630859375,0.203125,1.78125,0.0
10760,1957,2.17578125,-0.796875,0.390625,0.0
10761,1958,-0.298828125,-0.1875,-0.203125,1.0
10762,1958,1.5166015625,1.015625,-0.59375,1.0
10763,1958,-1.6767578125,0.03125,0.0,1.0
10764,1958,-0.8046875,-0.0625,1.109375,0.0
10765,1959,-0.0615234375,-0.0625,-0.171875,0.0
10766,1959,1.13671875,0.578125,0.5,1.0
10767,1959,2.4892578125,0.96875,-0.3125,0.0
10768,1959,2.23046875,1.46875,-0.59375,0.0
10769,1959,0.30078125,-0.53125,-1.25,0.0
10770,1960,1.5322265625,0.875,0.828125,0.0
10771,1960,-2.1083984375,-1.625,-0.453125,0.0
10772,1960,0.8828125,0.40625,0.078125,0.0
10773,1960,-0.357421875,-0.09375,0.84375,0.0
10774,1960,1.888671875,1.296875,-0.390625,0.0
10775,1960,0.232421875,-1.703125,0.078125,0.0
10776,1961,-0.94140625,-0.1875,0.53125,1.0
10777,1961,0.697265625,0.796875,0.59375,0.0
10778,1961,-1.435546875,-0.625,1.234375,1.0
10779,1961,1.146484375,1.828125,0.75,0.0
10780,1961,0.0283203125,-0.40625,-0.484375,0.0
10781,1961,0.228515625,-0.078125,0.609375,0.0
10782,1961,1.669921875,0.21875,-0.046875,1.0
10783,1962,0.3720703125,0.578125,1.5625,0.0
10784,1962,2.392578125,1.6875,-0.21875,0.0
10785,1962,2.150390625,0.921875,0.671875,0.0
10786,1962,1.705078125,0.03125,0.671875,0.0
10787,1962,2.8203125,1.109375,-1.671875,1.0
10788,1962,0.015625,-0.296875,1.84375,0.0
10789,1962,1.173828125,0.859375,-0.421875,1.0
10790,1962,1.28125,-0.046875,-0.890625,1.0
10791,1963,0.919921875,-0.859375,0.953125,1.0
10792,1963,2.431640625,-0.234375,-0.515625,1.0
10793,1963,3.6767578125,0.078125,-1.125,1.0
10794,1964,-1.1416015625,-0.140625,0.171875,1.0
10795,1964,-0.4248046875,-0.3125,0.078125,0.0
10796,1964,0.9267578125,1.890625,-0.5,0.0
10797,1964,-0.3837890625,-0.484375,-0.140625,0.0
10798,1965,0.654296875,0.8125,-0.21875,0.0
10799,1965,-1.787109375,-1.8125,0.140625,0.0
10800,1965,1.216796875,0.296875,1.765625,0.0
10801,1965,0.892578125,-0.796875,1.015625,1.0
10802,1965,-1.908203125,-0.859375,1.09375,1.0
10803,1966,-1.0810546875,-1.921875,-0.25,0.0
10804,1966,-2.923828125,0.71875,1.875,0.0
10805,1966,-0.8515625,-0.796875,-0.28125,1.0
10806,1966,-1.1904296875,-1.328125,2.359375,1.0
10807,1966,-0.15625,-0.59375,-0.015625,0.0
10808,1966,-2.5869140625,-0.109375,0.46875,0.0
10809,1967,2.794921875,1.609375,0.578125,1.0
10810,1967,-0.4541015625,-1.265625,0.546875,0.0
10811,1967,-0.298828125,-0.078125,-1.03125,0.0
10812,1967,-0.12109375,0.65625,-0.265625,1.0
10813,1967,0.0078125,-1.640625,0.734375,0.0
10814,1967,-0.6826171875,0.46875,-0.71875,0.0
10815,1967,0.978515625,-0.46875,-1.484375,1.0
10816,1968,3.3271484375,0.625,-2.171875,1.0
10817,1968,1.0126953125,-0.71875,1.171875,0.0
10818,1968,1.4814453125,-0.03125,-0.84375,0.0
10819,1968,1.0380859375,1.171875,0.4375,1.0
10820,1968,-0.990234375,0.515625,1.109375,0.0
10821,1968,0.958984375,0.59375,-0.3125,1.0
10822,1968,2.9365234375,0.34375,-0.515625,1.0
10823,1968,-1.08203125,0.875,0.921875,0.0
10824,1969,-0.6845703125,-0.984375,0.0625,0.0
10825,1969,-0.2392578125,0.796875,2.796875,1.0
10826,1969,0.7060546875,-0.40625,0.71875,1.0
10827,1970,-1.6455078125,0.53125,-0.1875,0.0
10828,1970,-3.1337890625,-0.265625,0.3125,1.0
10829,1970,0.0185546875,0.265625,-1.203125,0.0
10830,1970,-0.888671875,-0.546875,-1.84375,0.0
10831,1971,-0.12890625,-0.953125,-0.140625,1.0
10832,1971,0.400390625,-1.390625,-0.65625,1.0
10833,1971,0.1875,-1.859375,0.0,1.0
10834,1971,-0.8828125,-0.6875,0.03125,0.0
10835,1971,0.5849609375,0.515625,-0.78125,0.0
10836,1972,-1.158203125,0.328125,1.578125,0.0
10837,1972,1.3173828125,0.28125,0.546875,0.0
10838,1972,1.4521484375,0.578125,0.0625,0.0
10839,1972,1.8857421875,1.25,-0.65625,1.0
10840,1972,-0.8427734375,-1.390625,-0.125,0.0
10841,1972,-0.15234375,1.046875,1.78125,0.0
10842,1973,-0.9814453125,0.296875,1.15625,1.0
10843,1973,-2.7060546875,0.1875,-0.53125,0.0
10844,1973,0.4287109375,0.421875,-3.046875,0.0
10845,1973,0.4873046875,-0.78125,-0.78125,1.0
10846,1973,-2.1748046875,-0.5625,0.0625,1.0
10847,1973,-1.98828125,-0.421875,-1.3125,1.0
10848,1973,-0.8447265625,0.59375,0.015625,1.0
10849,1974,-1.3212890625,-0.796875,-0.671875,1.0
10850,1974,0.267578125,1.359375,0.09375,0.0
10851,1974,0.6171875,0.40625,-2.78125,1.0
10852,1974,1.291015625,1.59375,-1.6875,0.0
10853,1974,2.1513671875,1.546875,0.28125,0.0
10854,1974,-0.248046875,0.71875,-0.484375,0.0
10855,1974,-0.7314453125,-1.0,-1.234375,1.0
10856,1974,-1.2275390625,-0.171875,0.171875,0.0
10857,1975,-0.3798828125,-0.171875,0.5625,1.0
10858,1975,2.0830078125,1.9375,-0.703125,0.0
10859,1975,-1.19921875,-0.6875,-0.890625,0.0
10860,1976,-0.6611328125,0.28125,-0.96875,0.0
10861,1976,0.0810546875,-0.890625,-0.921875,1.0
10862,1976,0.03515625,0.59375,1.8125,1.0
10863,1976,4.0361328125,3.375,-1.03125,1.0
10864,1977,-0.408203125,1.53125,-0.546875,0.0
10865,1977,1.7939453125,0.21875,0.84375,1.0
10866,1977,0.2578125,-0.3125,0.65625,1.0
10867,1977,1.1728515625,3.125,0.65625,1.0
10868,1977,1.998046875,-0.640625,-2.078125,0.0
10869,1978,0.26171875,0.375,-0.359375,1.0
10870,1978,0.39453125,-0.6875,0.34375,0.0
10871,1978,-0.267578125,1.171875,-0.421875,0.0
10872,1978,0.96875,0.3125,0.03125,0.0
10873,1978,-0.4423828125,-0.765625,0.09375,0.0
10874,1978,-3.05078125,-0.953125,-1.09375,0.0
10875,1979,-2.291015625,-0.625,-0.15625,1.0
10876,1979,1.279296875,1.75,-1.28125,0.0
10877,1979,2.3798828125,0.671875,0.078125,0.0
10878,1979,1.0498046875,-0.28125,-0.625,1.0
10879,1979,-0.15625,-0.046875,-0.28125,0.0
10880,1979,-0.3994140625,-0.46875,0.921875,1.0
10881,1979,1.087890625,0.921875,1.640625,1.0
10882,1980,-0.0927734375,-0.1875,-0.546875,1.0
10883,1980,0.0625,-1.375,-0.84375,1.0
10884,1980,-0.447265625,-0.34375,-0.265625,1.0
10885,1980,-0.99609375,-1.078125,-0.3125,0.0
10886,1980,-0.060546875,-0.03125,0.296875,0.0
10887,1980,0.76953125,-0.5625,-0.546875,0.0
10888,1980,0.7734375,-0.359375,1.8125,1.0
10889,1980,0.458984375,-0.015625,0.15625,1.0
10890,1981,0.6494140625,-1.078125,-1.15625,0.0
10891,1981,2.5244140625,1.34375,-0.671875,0.0
10892,1981,1.388671875,0.296875,-0.296875,1.0
10893,1982,-0.755859375,0.328125,-0.84375,0.0
10894,1982,-1.833984375,-1.609375,0.96875,0.0
10895,1982,-0.7353515625,0.0625,0.4375,0.0
10896,1982,-1.2216796875,-1.03125,0.390625,0.0
10897,1983,-1.318359375,-1.296875,0.765625,0.0
10898,1983,-0.486328125,-1.046875,-2.265625,0.0
10899,1983,1.626953125,2.515625,-0.140625,0.0
10900,1983,-1.9443359375,-2.1875,-0.546875,1.0
10901,1983,-0.0703125,-1.046875,0.328125,1.0
10902,1984,-2.1318359375,-1.125,1.09375,1.0
10903,1984,-1.9755859375,-0.0625,0.828125,0.0
10904,1984,-1.611328125,-0.921875,0.234375,0.0
10905,1984,-0.826171875,1.453125,-0.4375,1.0
10906,1984,-0.3486328125,-0.015625,1.25,0.0
10907,1984,3.5263671875,1.96875,-0.265625,0.0
10908,1985,-0.17578125,0.765625,2.984375,0.0
10909,1985,1.0595703125,-1.03125,0.625,1.0
10910,1985,1.875,0.1875,-0.953125,0.0
10911,1985,-1.0712890625,-1.21875,1.015625,1.0
10912,1985,2.064453125,-0.375,-1.09375,0.0
10913,1985,0.578125,-0.84375,-0.3125,1.0
10914,1985,1.7431640625,0.765625,-0.78125,1.0
10915,1986,-1.8623046875,-1.59375,1.078125,1.0
10916,1986,-2.4501953125,-0.828125,0.546875,0.0
10917,1986,1.7021484375,1.953125,-0.359375,0.0
10918,1986,1.5087890625,-0.65625,-2.984375,0.0
10919,1986,0.34375,-0.5625,-0.390625,0.0
10920,1986,-0.2587890625,-1.953125,-0.515625,1.0
10921,1986,-0.2421875,0.3125,0.796875,0.0
10922,1986,1.5654296875,0.421875,0.03125,1.0
10923,1987,0.4443359375,-0.9375,-1.515625,0.0
10924,1987,1.3251953125,-0.1875,-0.9375,0.0
10925,1987,1.2880859375,-0.234375,-1.28125,1.0
10926,1988,0.8125,-0.078125,-1.828125,0.0
10927,1988,0.0234375,0.34375,-1.03125,0.0
10928,1988,-1.6572265625,-0.03125,-0.203125,0.0
10929,1988,-0.4775390625,0.546875,-0.046875,1.0
10930,1989,2.0859375,1.84375,-1.25,1.0
10931,1989,0.529296875,-0.09375,-0.328125,0.0
10932,1989,0.0205078125,0.078125,-0.109375,0.0
10933,1989,1.390625,1.125,-1.0,0.0
10934,1989,-2.041015625,-0.328125,-0.765625,0.0
10935,1990,4.3876953125,1.71875,-0.765625,1.0
10936,1990,1.2236328125,-0.25,-0.34375,1.0
10937,1990,-0.755859375,0.21875,0.21875,0.0
10938,1990,1.1728515625,0.75,0.578125,1.0
10939,1990,1.0126953125,0.21875,-1.5625,1.0
10940,1990,0.806640625,-0.3125,-0.296875,1.0
10941,1991,-1.7626953125,0.125,0.703125,0.0
10942,1991,1.626953125,1.109375,0.671875,0.0
10943,1991,1.703125,0.6875,-0.609375,1.0
10944,1991,-1.89453125,-1.875,0.5625,0.0
10945,1991,1.205078125,1.3125,-0.265625,0.0
10946,1991,0.3369140625,-0.953125,0.140625,1.0
10947,1991,0.759765625,0.640625,0.09375,1.0
10948,1992,0.9365234375,0.40625,0.84375,0.0
10949,1992,-1.2421875,-0.875,0.890625,0.0
10950,1992,0.15234375,1.25,0.4375,0.0
10951,1992,1.521484375,0.953125,0.125,1.0
10952,1992,1.267578125,-0.078125,0.65625,1.0
10953,1992,0.9267578125,-1.078125,-1.953125,1.0
10954,1992,-2.2138671875,-1.265625,-0.6875,0.0
10955,1992,0.8369140625,0.65625,-0.1875,1.0
10956,1993,-0.0537109375,0.6875,1.71875,0.0
10957,1993,0.57421875,0.953125,-0.03125,0.0
10958,1993,1.3046875,-0.203125,0.390625,0.0
10959,1994,1.8134765625,1.125,-0.5625,0.0
10960,1994,0.01953125,1.046875,0.6875,1.0
10961,1994,-0.9833984375,-0.84375,0.578125,0.0
10962,1994,-0.7509765625,0.0,2.296875,1.0
10963,1995,-0.787109375,0.25,0.140625,0.0
10964,1995,0.3857421875,0.484375,-0.796875,1.0
10965,1995,-2.4189453125,-1.21875,2.25,0.0
10966,1995,-0.140625,0.40625,1.15625,0.0
10967,1995,0.298828125,-0.109375,-0.640625,0.0
10968,1996,1.6220703125,0.609375,0.171875,1.0
10969,1996,-0.197265625,0.4375,0.484375,0.0
10970,1996,0.1513671875,0.5625,0.28125,1.0
10971,1996,1.8447265625,1.359375,1.515625,0.0
10972,1996,0.193359375,-2.65625,0.40625,0.0
10973,1996,-1.1884765625,-1.625,-0.78125,1.0
10974,1997,0.5166015625,-0.34375,-0.46875,0.0
10975,1997,0.6103515625,-1.34375,-1.78125,0.0
10976,1997,-2.267578125,-1.796875,-0.171875,0.0
10977,1997,2.3349609375,0.453125,-0.859375,0.0
10978,1997,-1.03515625,-1.421875,0.234375,1.0
10979,1997,0.3056640625,0.6875,0.046875,0.0
10980,1997,0.4150390625,-0.5,1.203125,1.0
10981,1998,1.876953125,1.140625,-1.59375,0.0
10982,1998,1.5029296875,0.390625,-1.34375,1.0
10983,1998,2.482421875,1.25,0.03125,0.0
10984,1998,0.015625,0.671875,0.3125,0.0
10985,1998,0.400390625,1.546875,1.921875,1.0
10986,1998,1.57421875,0.0,0.40625,1.0
10987,1998,1.787109375,0.921875,1.59375,1.0
10988,1998,-2.8515625,-1.421875,0.109375,0.0
10989,1999,2.2578125,1.484375,-1.53125,1.0
10990,1999,0.1220703125,0.328125,-1.703125,1.0
10991,1999,0.05859375,0.34375,-0.109375,0.0
10992,2000,2.240234375,1.203125,-1.921875,0.0
10993,2000,0.5615234375,-0.203125,-0.28125,0.0
10994,2000,-1.2890625,-0.828125,0.5625,0.0
10995,2000,0.43359375,-0.703125,-0.90625,0.0
