id,provider,y,x1,x2,x3
0,1,0,0.0,-0.09375,0.0
1,1,0,-0.53125,-0.546875,0.0
2,1,0,-2.28125,0.609375,0.0
3,1,1,0.015625,-0.109375,1.0
4,1,0,0.921875,-0.140625,0.0
5,1,1,1.046875,-2.125,1.0
6,1,0,-0.53125,-1.546875,1.0
7,1,1,2.234375,-0.859375,0.0
8,1,0,1.9375,0.203125,1.0
9,1,1,-0.234375,-1.03125,1.0
10,1,0,-0.15625,1.390625,0.0
11,1,0,0.953125,-0.015625,0.0
12,1,0,-0.25,0.09375,1.0
13,1,1,0.21875,-0.046875,0.0
14,1,1,1.21875,0.328125,0.0
15,1,0,1.1875,0.765625,1.0
16,1,0,-0.53125,-0.71875,0.0
17,1,0,-0.453125,1.40625,1.0
18,1,1,-0.546875,-0.9375,0.0
19,1,1,-0.015625,0.359375,1.0
20,2,0,0.640625,0.3125,1.0
21,2,0,-0.078125,-0.953125,0.0
22,2,0,0.078125,-0.765625,0.0
23,2,1,1.09375,-1.34375,0.0
24,2,1,-2.296875,-0.5625,1.0
25,2,0,-0.328125,-0.671875,0.0
26,2,1,1.53125,-1.53125,1.0
27,2,0,-0.46875,-1.65625,0.0
28,2,0,0.046875,-0.234375,0.0
29,2,1,0.375,-0.5625,1.0
30,2,0,0.3125,-1.09375,1.0
31,2,0,0.3125,-1.3125,0.0
32,2,0,-0.9375,-1.5,0.0
33,2,0,0.328125,-0.296875,0.0
34,2,1,-0.609375,-0.921875,1.0
35,2,1,1.578125,-1.03125,1.0
36,2,1,-0.625,-0.953125,0.0
37,2,1,0.25,-0.859375,1.0
38,2,1,-0.203125,-0.703125,0.0
39,2,1,1.125,-0.3125,1.0
40,2,0,0.125,-2.15625,0.0
41,3,0,-0.359375,-0.71875,0.0
42,3,1,-1.734375,-0.546875,0.0
43,3,1,0.75,-0.546875,0.0
44,3,0,-0.953125,0.109375,0.0
45,3,1,-0.703125,-1.015625,0.0
46,3,0,0.0625,-0.5,0.0
47,3,0,-0.015625,0.1875,0.0
48,3,1,-0.125,-0.15625,0.0
49,3,1,1.109375,-0.359375,0.0
50,3,0,0.140625,-0.28125,1.0
51,3,0,0.046875,-1.3125,1.0
52,3,0,-1.078125,-1.4375,0.0
53,3,1,0.90625,-0.890625,0.0
54,3,0,-1.28125,0.859375,0.0
55,3,0,-2.265625,0.703125,0.0
56,3,0,-0.8125,0.1875,0.0
57,3,0,0.703125,0.53125,0.0
58,3,1,0.34375,0.703125,0.0
59,3,1,1.265625,-2.453125,0.0
60,3,0,0.40625,-0.640625,0.0
61,3,1,0.375,0.75,0.0
62,3,0,0.328125,1.671875,1.0
63,4,1,-1.078125,-1.28125,1.0
64,4,0,-0.375,-2.265625,0.0
65,4,1,0.71875,-2.859375,0.0
66,4,1,0.625,-0.484375,0.0
67,4,0,-0.21875,-1.9375,0.0
68,4,0,-0.46875,-0.390625,0.0
69,4,0,1.359375,-1.34375,0.0
70,4,1,0.453125,-0.625,0.0
71,4,0,1.328125,-0.5625,0.0
72,4,0,-0.234375,1.25,1.0
73,4,1,1.140625,-0.71875,1.0
74,4,1,-0.84375,-1.921875,0.0
75,4,1,2.0625,-2.859375,1.0
76,4,1,-0.40625,0.359375,1.0
77,4,0,-0.359375,-0.4375,0.0
78,4,1,0.4375,0.890625,0.0
79,4,1,-0.1875,-2.140625,1.0
80,4,1,-0.609375,-0.71875,1.0
81,4,0,0.453125,-1.359375,0.0
82,4,0,-0.640625,-0.046875,1.0
83,4,1,1.921875,-0.859375,1.0
84,4,1,-0.6875,0.875,0.0
85,4,1,0.828125,-0.953125,1.0
86,5,1,0.953125,0.546875,1.0
87,5,1,0.1875,-1.21875,1.0
88,5,1,0.078125,-0.078125,1.0
89,5,1,0.046875,0.0625,1.0
90,5,1,-0.578125,-0.375,0.0
91,5,1,-1.515625,0.5,1.0
92,5,0,-0.765625,-0.375,0.0
93,5,1,1.78125,-0.859375,1.0
94,5,0,0.15625,0.640625,1.0
95,5,1,-1.015625,-0.703125,1.0
96,5,1,-0.265625,0.25,0.0
97,5,0,0.96875,-0.703125,1.0
98,5,1,1.859375,0.375,1.0
99,5,1,-1.859375,-0.0625,1.0
100,5,1,-1.609375,-1.421875,0.0
101,5,0,-2.140625,0.203125,0.0
102,5,1,-0.609375,-0.640625,0.0
103,5,0,-0.9375,1.5625,1.0
104,5,1,1.15625,-0.75,0.0
105,5,1,0.65625,0.625,1.0
106,5,0,-0.5625,-2.484375,0.0
107,5,1,2.3125,-0.71875,0.0
108,5,1,-0.609375,-2.015625,1.0
109,5,1,0.328125,-0.171875,0.0
110,6,1,-0.546875,-1.453125,0.0
111,6,0,0.421875,0.234375,1.0
112,6,1,-0.859375,-2.46875,1.0
113,6,0,0.125,-0.78125,0.0
114,6,0,-1.21875,0.015625,1.0
115,6,1,-0.40625,-1.125,1.0
116,6,0,0.703125,-0.078125,0.0
117,6,0,0.84375,-0.46875,0.0
118,6,0,-1.234375,1.453125,0.0
119,6,0,0.109375,-0.1875,1.0
120,6,0,-0.671875,-0.921875,0.0
121,6,0,1.890625,-1.9375,0.0
122,6,0,0.46875,-0.703125,0.0
123,6,0,0.078125,0.453125,0.0
124,6,0,1.9375,2.046875,1.0
125,6,0,-2.921875,-0.125,0.0
126,6,1,-0.828125,-0.53125,1.0
127,6,1,0.671875,-0.40625,0.0
128,6,0,0.0,0.109375,0.0
129,6,1,0.453125,0.734375,0.0
130,6,0,-0.5625,0.703125,0.0
131,6,0,-0.203125,-0.125,0.0
132,6,0,0.3125,0.15625,0.0
133,6,0,1.25,-0.484375,0.0
134,6,1,2.25,0.90625,1.0
135,7,1,0.625,-1.109375,0.0
136,7,1,0.09375,-0.265625,0.0
137,7,1,1.984375,-0.4375,1.0
138,7,1,-0.03125,-0.078125,1.0
139,7,0,-0.78125,0.03125,0.0
140,7,0,-1.1875,-1.015625,1.0
141,7,0,0.8125,-1.046875,1.0
142,7,0,-0.4375,-1.703125,1.0
143,7,0,-0.5,-0.375,0.0
144,7,1,-0.859375,-0.296875,0.0
145,7,0,-1.1875,0.34375,0.0
146,7,1,0.671875,0.46875,1.0
147,7,0,-1.71875,-1.328125,0.0
148,7,1,2.265625,0.171875,0.0
149,7,1,-0.578125,-0.09375,0.0
150,7,1,0.78125,-2.5625,0.0
151,7,1,-0.28125,-0.5,0.0
152,7,0,0.6875,0.3125,0.0
153,7,1,0.71875,0.875,1.0
154,7,1,0.4375,0.390625,0.0
155,7,1,1.953125,0.75,1.0
156,7,0,-1.140625,-1.15625,0.0
157,7,1,0.078125,1.6875,0.0
158,7,1,-0.625,-1.8125,0.0
159,7,0,0.234375,0.65625,0.0
160,7,0,-0.484375,-0.859375,0.0
161,8,0,-1.203125,1.25,0.0
162,8,0,0.90625,-0.125,0.0
163,8,0,1.484375,1.546875,0.0
164,8,0,-0.21875,0.125,1.0
165,8,0,0.453125,0.203125,1.0
166,8,1,0.828125,-0.484375,0.0
167,8,0,1.0625,-0.265625,0.0
168,8,1,1.6875,-0.375,1.0
169,8,1,0.328125,0.828125,1.0
170,8,0,0.546875,-0.421875,0.0
171,8,1,0.65625,0.453125,0.0
172,8,1,0.234375,0.59375,0.0
173,8,0,1.34375,0.515625,0.0
174,8,1,1.265625,-0.4375,1.0
175,8,1,-1.984375,-1.953125,1.0
176,8,1,0.03125,0.546875,0.0
177,8,0,-1.984375,0.09375,0.0
178,8,0,0.796875,1.46875,1.0
179,8,0,0.78125,0.03125,1.0
180,8,0,-0.109375,-0.25,0.0
181,8,1,2.515625,-0.78125,0.0
182,8,1,-0.65625,0.578125,0.0
183,8,0,0.8125,-1.078125,0.0
184,8,0,-0.078125,-0.234375,1.0
185,8,0,-0.078125,-0.4375,0.0
186,8,0,-1.71875,-0.765625,1.0
187,8,1,0.328125,-2.03125,0.0
188,9,0,-2.28125,-1.296875,0.0
189,9,1,-1.015625,-0.484375,1.0
190,9,1,1.0,1.375,1.0
191,9,0,-0.15625,1.65625,0.0
192,9,1,-1.21875,-1.1875,1.0
193,9,0,0.125,-0.0625,0.0
194,9,0,0.28125,0.765625,0.0
195,9,1,-0.34375,-1.8125,0.0
196,9,0,-1.296875,-0.21875,1.0
197,9,1,0.0625,-0.8125,1.0
198,9,1,-0.3125,-0.25,1.0
199,9,1,0.421875,0.28125,0.0
200,9,0,-0.875,-0.84375,0.0
201,9,0,-0.125,-1.484375,0.0
202,9,1,-1.515625,-1.1875,1.0
203,9,0,-1.0,0.71875,0.0
204,9,0,-0.546875,0.234375,0.0
205,9,0,0.390625,0.40625,1.0
206,9,0,-0.71875,-0.796875,0.0
207,9,0,-1.09375,0.09375,0.0
208,9,1,0.046875,0.0625,0.0
209,9,1,0.703125,0.59375,1.0
210,9,1,-0.9375,-0.0625,0.0
211,9,0,0.21875,1.109375,0.0
212,9,1,1.078125,-0.078125,0.0
213,9,0,0.46875,1.875,0.0
214,9,1,-1.03125,-1.21875,0.0
215,9,0,0.203125,0.390625,1.0
216,10,0,1.34375,-0.234375,0.0
217,10,1,-0.09375,-0.625,1.0
218,10,1,0.03125,-0.921875,1.0
219,10,0,-1.453125,-0.1875,1.0
220,10,1,2.609375,0.109375,1.0
221,10,1,-0.390625,-0.109375,1.0
222,10,0,-1.0,1.0625,1.0
223,10,0,-1.03125,0.234375,0.0
224,10,0,-0.296875,0.703125,0.0
225,10,0,-0.921875,0.046875,0.0
226,10,0,-1.09375,-2.640625,0.0
227,10,0,0.5,-0.21875,1.0
228,10,1,0.28125,-0.578125,1.0
229,10,0,-0.03125,0.265625,0.0
230,10,1,0.90625,-0.578125,0.0
231,10,1,0.34375,-0.65625,1.0
232,10,1,1.828125,0.5625,1.0
233,10,1,2.328125,-0.234375,0.0
234,10,1,0.8125,0.421875,1.0
235,10,0,-0.171875,1.125,0.0
236,10,1,1.3125,-0.421875,0.0
237,10,0,-0.890625,-1.96875,0.0
238,10,1,-0.015625,-0.703125,1.0
239,10,1,-0.21875,-1.453125,0.0
240,10,1,0.484375,-1.703125,1.0
241,10,1,0.625,1.125,0.0
242,10,1,0.125,2.0625,0.0
243,10,1,1.375,-1.671875,0.0
244,10,0,0.015625,1.265625,0.0
245,11,1,0.46875,-0.46875,0.0
246,11,0,-1.21875,-1.328125,0.0
247,11,0,1.078125,0.71875,0.0
248,11,0,-1.5,-0.953125,0.0
249,11,1,0.421875,-1.671875,1.0
250,11,1,1.78125,-0.140625,0.0
251,11,1,-0.8125,0.328125,1.0
252,11,0,0.765625,-0.046875,0.0
253,11,0,0.15625,-0.890625,0.0
254,11,1,2.421875,-1.78125,0.0
255,11,1,-0.03125,-0.328125,0.0
256,11,1,-0.390625,0.78125,1.0
257,11,0,-0.1875,0.453125,0.0
258,11,0,0.0,-0.171875,1.0
259,11,1,0.1875,0.40625,1.0
260,11,0,-0.796875,-1.6875,0.0
261,11,0,-0.125,0.84375,0.0
262,11,0,2.21875,-1.3125,0.0
263,11,1,1.75,-0.984375,1.0
264,11,1,-0.703125,0.296875,0.0
265,11,0,-0.828125,-0.90625,0.0
266,11,1,0.4375,-1.765625,0.0
267,11,0,-0.21875,0.6875,0.0
268,11,0,-0.03125,-0.265625,0.0
269,11,0,0.78125,0.125,0.0
270,11,1,0.25,0.375,1.0
271,11,1,-0.375,0.109375,1.0
272,11,0,-0.78125,-0.9375,0.0
273,11,1,0.109375,-0.71875,1.0
274,11,1,0.125,1.5625,1.0
275,12,0,0.546875,0.171875,0.0
276,12,0,-1.125,-0.96875,0.0
277,12,1,-0.3125,-2.140625,1.0
278,12,0,-0.734375,0.234375,0.0
279,12,0,-0.390625,-0.375,0.0
280,12,0,0.234375,0.078125,0.0
281,12,0,0.609375,-2.3125,0.0
282,12,0,1.234375,-2.234375,0.0
283,12,0,-0.421875,-1.3125,0.0
284,12,0,-0.25,-0.140625,0.0
285,12,1,0.390625,-1.859375,1.0
286,12,0,-0.3125,-0.828125,0.0
287,12,0,-0.78125,-0.265625,0.0
288,12,1,1.53125,-1.140625,0.0
289,12,0,1.734375,-0.875,1.0
290,12,0,-1.046875,-2.421875,0.0
291,12,0,1.640625,0.28125,0.0
292,12,0,-0.546875,-0.203125,0.0
293,12,1,-0.125,-0.65625,0.0
294,12,0,-1.8125,-0.640625,0.0
295,12,1,-0.828125,-1.234375,1.0
296,12,1,0.46875,1.65625,1.0
297,12,0,-0.09375,-0.359375,0.0
298,12,0,-0.28125,0.640625,1.0
299,12,0,-0.515625,-1.0,1.0
300,12,0,-0.5,-0.5625,0.0
301,12,1,0.296875,-1.265625,0.0
302,12,0,-0.0625,-0.59375,0.0
303,12,0,-0.046875,-0.578125,0.0
304,12,0,-0.03125,-0.28125,0.0
305,12,0,0.484375,0.109375,0.0
306,13,1,-0.453125,0.125,1.0
307,13,1,1.59375,-2.125,1.0
308,13,0,-0.515625,-0.1875,1.0
309,13,0,-0.34375,0.296875,1.0
310,13,1,0.265625,-0.25,0.0
311,13,0,-1.875,-0.90625,0.0
312,13,0,0.875,0.453125,0.0
313,13,0,2.390625,0.859375,0.0
314,13,0,-0.03125,0.5,1.0
315,13,0,-1.140625,-1.859375,1.0
316,13,1,-0.53125,-0.875,0.0
317,13,0,-1.640625,-1.265625,0.0
318,13,0,0.234375,0.484375,1.0
319,13,1,1.09375,-0.453125,0.0
320,13,0,-2.109375,1.21875,1.0
321,13,0,-1.5,-0.515625,0.0
322,13,1,0.28125,-1.515625,1.0
323,13,1,0.21875,0.546875,0.0
324,13,0,-1.03125,-2.234375,0.0
325,13,1,1.109375,-0.3125,0.0
326,13,0,-1.109375,-0.25,1.0
327,13,1,-1.375,-1.171875,0.0
328,13,0,-1.3125,0.90625,1.0
329,13,1,1.1875,-1.171875,1.0
330,13,0,-0.4375,0.265625,0.0
331,13,1,1.375,-1.15625,1.0
332,13,0,1.359375,-1.1875,1.0
333,13,0,0.15625,0.09375,1.0
334,13,0,-0.171875,0.546875,0.0
335,13,0,0.953125,0.359375,0.0
336,13,1,1.078125,-0.09375,1.0
337,13,1,-1.4375,-2.390625,1.0
338,14,0,-0.9375,-0.359375,0.0
339,14,0,-0.015625,0.453125,1.0
340,14,1,1.09375,-1.96875,0.0
341,14,1,0.703125,-0.703125,1.0
342,14,1,2.34375,1.46875,1.0
343,14,1,0.46875,0.171875,0.0
344,14,1,-0.3125,1.46875,1.0
345,14,1,-0.75,0.1875,1.0
346,14,0,0.9375,-0.75,1.0
347,14,0,0.28125,2.125,0.0
348,14,0,-0.484375,-2.359375,1.0
349,14,1,0.984375,-2.328125,0.0
350,14,0,-0.234375,-1.171875,0.0
351,14,0,0.4375,-0.328125,1.0
352,14,0,-1.28125,0.03125,0.0
353,14,1,0.5625,-1.078125,1.0
354,14,0,2.015625,-1.75,0.0
355,14,1,0.578125,-0.609375,0.0
356,14,0,0.625,-0.9375,0.0
357,14,1,-1.953125,-1.140625,0.0
358,14,0,-0.078125,-0.296875,0.0
359,14,1,0.578125,-1.828125,0.0
360,14,1,0.25,-0.53125,0.0
361,14,1,-0.78125,-0.296875,1.0
362,14,0,0.6875,0.484375,0.0
363,14,1,0.359375,-2.1875,0.0
364,14,1,2.0625,-0.28125,1.0
365,14,1,-2.609375,-0.140625,0.0
366,14,1,1.515625,-1.71875,1.0
367,14,1,-0.5,-0.375,0.0
368,14,0,0.203125,-0.046875,0.0
369,14,1,-0.953125,0.890625,1.0
370,14,0,-2.0625,0.015625,0.0
371,15,1,1.421875,-0.078125,0.0
372,15,0,0.390625,-0.546875,0.0
373,15,1,0.34375,-1.203125,0.0
374,15,0,0.921875,0.484375,1.0
375,15,1,-1.390625,-0.796875,1.0
376,15,1,0.328125,0.1875,1.0
377,15,1,1.25,-0.359375,1.0
378,15,1,0.078125,-0.203125,0.0
379,15,1,0.96875,0.390625,0.0
380,15,1,-2.125,-0.453125,1.0
381,15,1,-0.75,-0.65625,1.0
382,15,0,-1.21875,-2.703125,0.0
383,15,1,-0.21875,-0.859375,1.0
384,15,1,0.296875,-0.609375,1.0
385,15,0,1.4375,-0.046875,1.0
386,15,0,-0.296875,-0.890625,0.0
387,15,0,-1.640625,-1.1875,0.0
388,15,0,-1.21875,-0.359375,1.0
389,15,1,2.03125,-1.109375,0.0
390,15,1,-1.5,-1.5,1.0
391,15,1,1.0,0.09375,0.0
392,15,0,0.03125,-0.609375,0.0
393,15,1,-0.734375,-1.828125,1.0
394,15,0,1.8125,1.234375,0.0
395,15,1,-0.515625,-1.0625,1.0
396,15,0,0.0625,-1.921875,0.0
397,15,1,-0.109375,-0.9375,0.0
398,15,0,-0.40625,-1.875,0.0
399,15,0,-0.046875,-0.4375,0.0
400,15,0,-1.34375,-0.984375,0.0
401,15,0,0.171875,0.921875,0.0
402,15,0,-0.3125,1.71875,1.0
403,15,1,1.578125,-1.6875,1.0
404,15,0,-1.609375,-0.5625,0.0
405,16,0,-1.734375,0.75,0.0
406,16,1,0.71875,0.046875,0.0
407,16,1,-0.25,1.46875,0.0
408,16,0,-0.265625,-1.78125,0.0
409,16,1,0.265625,-0.203125,0.0
410,16,0,0.0625,-0.234375,0.0
411,16,0,-0.265625,0.953125,0.0
412,16,0,-1.1875,-0.515625,0.0
413,16,1,0.21875,-0.953125,0.0
414,16,1,-1.703125,0.421875,0.0
415,16,0,-0.453125,1.265625,1.0
416,16,1,1.3125,-1.359375,1.0
417,16,1,0.796875,1.25,0.0
418,16,0,-1.625,0.28125,0.0
419,16,1,1.5625,-1.140625,0.0
420,16,1,0.890625,0.171875,1.0
421,16,1,-0.6875,-0.796875,0.0
422,16,0,-0.4375,-0.890625,0.0
423,16,1,-0.0625,-1.296875,1.0
424,16,1,1.5,-1.078125,0.0
425,16,1,-0.65625,-0.0625,0.0
426,16,1,1.828125,-1.9375,1.0
427,16,0,0.046875,-0.171875,0.0
428,16,1,-1.6875,-0.0625,1.0
429,16,1,-0.8125,-0.703125,1.0
430,16,1,0.3125,-0.125,1.0
431,16,0,-1.796875,0.484375,0.0
432,16,1,0.265625,0.234375,0.0
433,16,0,-0.40625,2.109375,0.0
434,16,1,0.65625,-1.078125,1.0
435,16,1,1.375,1.109375,1.0
436,16,1,0.65625,0.296875,1.0
437,16,0,-0.75,0.328125,0.0
438,16,0,-1.296875,-1.359375,1.0
439,16,0,-0.84375,-0.875,1.0
440,17,1,-1.046875,-1.59375,1.0
441,17,0,0.59375,-0.921875,0.0
442,17,0,-0.734375,-0.03125,0.0
443,17,1,1.453125,-2.125,1.0
444,17,0,0.96875,0.0625,0.0
445,17,0,-0.15625,-0.40625,0.0
446,17,0,-0.234375,0.734375,0.0
447,17,1,-1.4375,-0.546875,1.0
448,17,0,-1.921875,-0.1875,1.0
449,17,1,-0.8125,-1.5,1.0
450,17,0,0.75,0.34375,1.0
451,17,0,1.046875,-1.515625,0.0
452,17,0,0.078125,-1.390625,0.0
453,17,0,-0.421875,-2.609375,1.0
454,17,1,0.953125,0.53125,1.0
455,17,0,-1.859375,0.3125,0.0
456,17,0,1.40625,0.390625,1.0
457,17,0,-0.546875,1.3125,1.0
458,17,1,1.390625,-0.859375,0.0
459,17,0,-0.484375,-1.046875,0.0
460,17,0,0.078125,-3.234375,0.0
461,17,1,-0.296875,-1.609375,1.0
462,17,1,2.421875,-0.703125,0.0
463,17,0,-0.75,-1.0625,1.0
464,17,0,-1.34375,-1.21875,1.0
465,17,0,0.171875,-0.609375,0.0
466,17,0,0.125,-1.515625,1.0
467,17,1,0.546875,-0.75,0.0
468,17,0,-2.203125,-0.09375,0.0
469,17,1,1.203125,-0.40625,1.0
470,17,0,-1.0,0.421875,0.0
471,17,0,-0.84375,0.46875,1.0
472,17,0,-1.421875,-0.296875,1.0
473,17,0,0.09375,-0.109375,0.0
474,17,0,-0.21875,0.390625,1.0
475,17,0,0.796875,-0.484375,0.0
476,18,0,0.71875,-0.484375,0.0
477,18,1,-0.84375,-1.203125,1.0
478,18,1,-0.1875,-1.484375,0.0
479,18,0,0.65625,0.0,0.0
480,18,1,0.921875,0.0,0.0
481,18,1,0.75,-0.828125,0.0
482,18,1,-0.765625,0.765625,0.0
483,18,1,-0.515625,-1.265625,1.0
484,18,0,-1.953125,-0.015625,0.0
485,18,0,-1.484375,0.359375,0.0
486,18,1,-0.609375,1.171875,1.0
487,18,1,0.390625,-0.15625,0.0
488,18,0,1.078125,-0.046875,0.0
489,18,1,1.484375,-1.109375,1.0
490,18,1,-0.671875,-1.03125,1.0
491,18,1,-0.6875,-1.140625,1.0
492,18,0,0.84375,-0.515625,0.0
493,18,1,0.671875,0.828125,1.0
494,18,1,0.328125,-0.609375,0.0
495,18,0,-0.234375,-0.828125,0.0
496,18,0,-0.1875,0.21875,0.0
497,18,1,-0.75,0.984375,1.0
498,18,0,1.265625,0.96875,1.0
499,18,1,0.46875,-0.5,0.0
500,18,0,0.125,0.46875,0.0
501,18,1,0.25,1.90625,0.0
502,18,1,-1.4375,-1.03125,1.0
503,18,0,-0.890625,0.40625,0.0
504,18,0,-1.921875,-1.671875,0.0
505,18,0,-1.09375,2.140625,0.0
506,18,0,-1.078125,0.3125,1.0
507,18,0,-0.84375,0.390625,0.0
508,18,0,-1.453125,0.515625,0.0
509,18,1,-0.34375,-0.625,0.0
510,18,0,-0.234375,-0.703125,1.0
511,18,0,0.1875,-1.703125,0.0
512,18,1,0.265625,-0.734375,1.0
513,19,0,-0.5625,-2.546875,0.0
514,19,0,-0.71875,-1.0,0.0
515,19,1,0.6875,-0.53125,1.0
516,19,0,1.265625,0.640625,0.0
517,19,0,-0.5625,-1.640625,0.0
518,19,0,-0.046875,-1.296875,0.0
519,19,1,0.03125,-0.515625,1.0
520,19,0,-0.640625,0.734375,0.0
521,19,0,0.859375,-0.09375,1.0
522,19,0,0.21875,-1.53125,1.0
523,19,1,0.234375,2.046875,0.0
524,19,0,0.859375,0.3125,0.0
525,19,0,-0.921875,-0.40625,1.0
526,19,1,-0.890625,-1.75,1.0
527,19,0,-0.828125,-1.625,1.0
528,19,0,-0.046875,-0.703125,0.0
529,19,0,1.25,-1.484375,0.0
530,19,0,-0.703125,-0.640625,0.0
531,19,0,1.546875,0.140625,0.0
532,19,0,0.890625,0.875,0.0
533,19,0,-1.78125,-3.8125,0.0
534,19,1,1.34375,-1.15625,1.0
535,19,1,0.609375,-0.09375,1.0
536,19,0,-0.265625,-1.203125,0.0
537,19,0,-1.59375,-1.796875,0.0
538,19,0,-0.125,-1.109375,0.0
539,19,1,1.296875,-2.375,1.0
540,19,0,1.46875,-0.25,1.0
541,19,1,0.84375,0.671875,0.0
542,19,1,1.34375,-0.828125,1.0
543,19,0,0.640625,-3.453125,1.0
544,19,0,0.09375,-0.671875,0.0
545,19,1,0.34375,-1.265625,0.0
546,19,0,-0.234375,-2.078125,0.0
547,19,0,1.5,-1.109375,0.0
548,19,0,-1.140625,-1.078125,0.0
549,19,0,0.328125,-2.4375,0.0
550,19,0,-1.40625,0.3125,1.0
551,20,0,1.53125,-0.1875,0.0
552,20,1,1.390625,-1.28125,1.0
553,20,1,2.78125,-1.140625,0.0
554,20,1,1.609375,0.4375,0.0
555,20,1,0.90625,0.25,0.0
556,20,0,-0.53125,1.203125,0.0
557,20,1,1.578125,0.46875,0.0
558,20,1,-1.21875,-1.265625,0.0
559,20,0,-0.171875,0.046875,0.0
560,20,0,0.171875,-0.09375,0.0
561,20,1,1.359375,0.296875,1.0
562,20,0,0.0,1.203125,1.0
563,20,1,-1.453125,0.921875,0.0
564,20,1,-0.125,0.671875,1.0
565,20,1,-0.171875,-2.171875,0.0
566,20,1,1.078125,-1.765625,0.0
567,20,0,-0.109375,-0.90625,0.0
568,20,0,1.8125,-0.5,0.0
569,20,0,-1.546875,-1.21875,0.0
570,20,0,0.53125,-0.890625,1.0
571,20,0,-0.984375,-1.515625,0.0
572,20,0,-2.03125,-0.640625,1.0
573,20,1,0.234375,-0.21875,1.0
574,20,0,0.265625,0.171875,0.0
575,20,1,2.984375,-1.53125,1.0
576,20,1,0.75,-2.171875,1.0
577,20,0,-0.125,0.453125,1.0
578,20,0,0.125,-1.140625,1.0
579,20,0,-1.390625,-1.109375,0.0
580,20,0,1.609375,-0.4375,1.0
581,20,0,0.3125,1.390625,1.0
582,20,0,-0.203125,-0.75,0.0
583,20,0,0.03125,-0.609375,0.0
584,20,1,1.96875,-1.140625,1.0
585,20,1,0.375,-0.734375,0.0
586,20,1,1.484375,0.3125,0.0
587,20,0,0.359375,-0.859375,0.0
588,20,0,-0.3125,0.15625,1.0
589,20,1,0.421875,0.28125,0.0
590,21,0,0.90625,0.21875,0.0
591,21,0,2.15625,-0.734375,0.0
592,21,0,0.640625,-0.484375,0.0
593,21,1,1.578125,0.4375,0.0
594,21,1,1.3125,1.03125,1.0
595,21,0,-0.765625,-0.8125,0.0
596,21,0,1.78125,0.484375,0.0
597,21,0,-1.859375,0.140625,1.0
598,21,0,-0.546875,-0.6875,0.0
599,21,1,0.1875,-0.21875,1.0
600,21,0,-2.25,0.6875,1.0
601,21,1,0.78125,-1.0,0.0
602,21,1,1.703125,0.25,1.0
603,21,1,0.84375,-0.828125,1.0
604,21,1,-0.328125,0.375,0.0
605,21,1,-1.53125,-1.703125,1.0
606,21,0,0.515625,-0.078125,0.0
607,21,0,-0.25,0.125,0.0
608,21,1,-0.515625,-0.671875,1.0
609,21,1,1.328125,0.03125,0.0
610,22,0,-2.015625,0.609375,0.0
611,22,1,-1.015625,0.5,0.0
612,22,0,-0.25,-0.078125,0.0
613,22,0,0.296875,1.4375,0.0
614,22,1,0.875,0.9375,1.0
615,22,0,0.125,-0.28125,1.0
616,22,1,-0.953125,-0.5625,0.0
617,22,1,0.609375,0.40625,1.0
618,22,0,-0.78125,-0.46875,1.0
619,22,0,-1.578125,-0.984375,1.0
620,22,0,1.34375,-1.234375,1.0
621,22,0,0.078125,-2.375,1.0
622,22,1,0.5,-0.6875,1.0
623,22,1,0.515625,0.109375,0.0
624,22,0,-1.515625,2.03125,0.0
625,22,1,0.21875,-0.5625,1.0
626,22,0,-0.21875,-2.28125,1.0
627,22,0,0.375,-1.46875,0.0
628,22,1,-1.09375,-0.46875,0.0
629,22,1,0.15625,-0.34375,0.0
630,22,0,-0.359375,-1.328125,0.0
631,23,0,1.125,-0.421875,0.0
632,23,0,0.65625,-1.0,1.0
633,23,1,-0.203125,0.34375,1.0
634,23,0,0.4375,0.09375,1.0
635,23,0,-0.828125,0.609375,1.0
636,23,0,0.6875,0.390625,0.0
637,23,0,-1.25,0.609375,0.0
638,23,1,-0.21875,-0.875,0.0
639,23,0,0.234375,2.328125,1.0
640,23,0,-1.1875,0.1875,0.0
641,23,1,0.15625,0.375,0.0
642,23,0,0.09375,1.640625,1.0
643,23,1,-0.53125,-0.921875,0.0
644,23,0,-0.703125,-0.734375,0.0
645,23,1,0.3125,-1.34375,0.0
646,23,0,0.609375,0.546875,1.0
647,23,0,-1.15625,0.984375,1.0
648,23,1,-0.578125,-1.15625,0.0
649,23,0,0.09375,-0.90625,0.0
650,23,0,0.359375,0.65625,1.0
651,23,1,-1.046875,-0.21875,0.0
652,23,1,-0.34375,0.53125,0.0
653,24,1,1.296875,-0.625,0.0
654,24,0,-0.875,1.140625,0.0
655,24,1,0.03125,1.109375,1.0
656,24,0,-1.140625,-0.625,0.0
657,24,0,1.359375,0.984375,0.0
658,24,1,0.859375,1.171875,1.0
659,24,0,-0.359375,1.078125,0.0
660,24,1,0.234375,-0.546875,1.0
661,24,0,0.328125,0.4375,0.0
662,24,0,1.78125,0.296875,0.0
663,24,1,-0.703125,1.609375,1.0
664,24,1,-0.359375,1.1875,1.0
665,24,1,0.1875,0.09375,0.0
666,24,1,-0.140625,0.40625,1.0
667,24,0,-0.03125,-0.40625,0.0
668,24,1,-0.84375,-1.390625,0.0
669,24,1,-1.046875,-0.96875,0.0
670,24,1,1.15625,0.828125,1.0
671,24,0,-0.921875,-0.5,0.0
672,24,0,0.03125,0.46875,0.0
673,24,1,0.421875,-0.15625,1.0
674,24,1,1.578125,0.8125,0.0
675,24,1,-0.296875,-0.34375,1.0
676,25,1,2.609375,-0.109375,0.0
677,25,0,0.734375,0.75,0.0
678,25,0,-1.046875,1.578125,0.0
679,25,1,-0.78125,-2.171875,1.0
680,25,0,-1.84375,-1.359375,0.0
681,25,1,-1.109375,1.40625,1.0
682,25,0,1.4375,0.65625,1.0
683,25,1,-0.578125,0.8125,0.0
684,25,0,-1.171875,-1.65625,0.0
685,25,0,-1.734375,0.171875,0.0
686,25,0,0.9375,-0.328125,0.0
687,25,0,-2.03125,-0.671875,1.0
688,25,1,-0.1875,-1.8125,1.0
689,25,0,-3.1875,-1.34375,0.0
690,25,0,1.375,0.984375,1.0
691,25,0,-0.859375,0.875,1.0
692,25,0,1.734375,-1.03125,1.0
693,25,1,0.234375,-0.109375,1.0
694,25,1,0.640625,-0.34375,1.0
695,25,0,-0.375,-0.90625,0.0
696,25,0,-0.328125,-0.609375,0.0
697,25,0,0.03125,-0.296875,0.0
698,25,1,0.296875,-2.046875,1.0
699,25,0,0.59375,0.90625,1.0
700,26,1,-0.625,-0.703125,1.0
701,26,0,-1.78125,-2.671875,1.0
702,26,0,-1.109375,-0.0625,1.0
703,26,0,2.015625,0.453125,0.0
704,26,1,-1.375,-0.171875,0.0
705,26,0,-1.359375,0.46875,0.0
706,26,0,0.421875,-2.03125,1.0
707,26,1,-1.046875,-0.3125,0.0
708,26,1,0.578125,0.015625,0.0
709,26,0,-2.421875,0.59375,0.0
710,26,1,0.125,0.109375,1.0
711,26,0,0.15625,-0.78125,0.0
712,26,1,1.859375,-0.21875,1.0
713,26,0,-1.015625,1.171875,1.0
714,26,1,-1.171875,-1.984375,0.0
715,26,1,-0.578125,-1.015625,1.0
716,26,0,1.359375,0.84375,0.0
717,26,0,-2.09375,0.625,0.0
718,26,0,-0.796875,-0.53125,1.0
719,26,1,0.875,-0.640625,0.0
720,26,1,-0.75,-0.578125,0.0
721,26,1,-0.875,-2.265625,0.0
722,26,1,-0.609375,-1.8125,1.0
723,26,0,0.140625,0.125,0.0
724,26,1,0.234375,-2.09375,0.0
725,27,0,-0.1875,-0.3125,1.0
726,27,0,-0.515625,1.359375,0.0
727,27,1,0.265625,-0.578125,1.0
728,27,0,-0.328125,1.0625,0.0
729,27,0,1.328125,-0.40625,0.0
730,27,0,0.3125,0.09375,0.0
731,27,1,-0.421875,0.890625,0.0
732,27,0,1.53125,0.03125,0.0
733,27,0,-1.5625,-1.3125,0.0
734,27,0,0.90625,0.109375,0.0
735,27,1,-0.140625,0.53125,0.0
736,27,1,-0.890625,-0.359375,1.0
737,27,0,-2.640625,-0.78125,1.0
738,27,1,1.34375,-0.25,0.0
739,27,1,0.015625,-1.484375,0.0
740,27,0,0.25,2.15625,1.0
741,27,0,-1.21875,-1.28125,0.0
742,27,0,-1.15625,0.4375,0.0
743,27,1,-1.46875,-1.125,1.0
744,27,0,1.484375,0.65625,1.0
745,27,0,-2.125,0.265625,1.0
746,27,1,0.796875,-0.078125,0.0
747,27,1,-2.109375,-1.640625,0.0
748,27,0,0.078125,-0.421875,0.0
749,27,0,-1.453125,0.609375,0.0
750,27,1,-1.328125,0.4375,0.0
751,28,0,-0.953125,-0.515625,0.0
752,28,1,-0.65625,0.765625,1.0
753,28,1,0.3125,2.4375,1.0
754,28,1,-1.890625,-1.34375,0.0
755,28,0,-0.9375,-0.0625,1.0
756,28,0,-2.25,2.015625,1.0
757,28,0,0.609375,-0.921875,1.0
758,28,1,0.375,0.546875,1.0
759,28,1,-0.875,-2.453125,0.0
760,28,1,0.265625,-0.609375,1.0
761,28,1,-0.953125,-1.640625,1.0
762,28,0,0.921875,0.921875,1.0
763,28,0,-1.4375,-0.359375,1.0
764,28,0,-0.375,0.765625,0.0
765,28,1,0.265625,1.0625,0.0
766,28,0,-0.546875,0.828125,0.0
767,28,1,0.625,0.765625,1.0
768,28,1,-0.609375,-0.265625,1.0
769,28,1,-0.3125,0.15625,0.0
770,28,1,0.5,-0.921875,1.0
771,28,1,0.0,-1.453125,1.0
772,28,0,-1.984375,1.171875,1.0
773,28,1,1.5,0.65625,1.0
774,28,1,0.75,0.921875,1.0
775,28,1,-0.8125,-1.0,1.0
776,28,1,-0.078125,0.015625,1.0
777,28,0,-0.421875,0.84375,0.0
778,29,1,0.3125,-1.015625,0.0
779,29,1,0.59375,0.296875,0.0
780,29,0,-0.65625,1.546875,0.0
781,29,1,0.125,-1.0625,1.0
782,29,1,-2.21875,-2.3125,0.0
783,29,1,0.5,-1.1875,1.0
784,29,1,0.921875,-0.640625,1.0
785,29,0,-2.71875,-0.5,0.0
786,29,1,-0.40625,-0.359375,0.0
787,29,1,-1.46875,-0.421875,1.0
788,29,1,2.234375,0.015625,1.0
789,29,0,-1.234375,-0.328125,1.0
790,29,1,-0.3125,0.484375,1.0
791,29,0,0.09375,-1.0,0.0
792,29,1,0.90625,1.109375,1.0
793,29,1,0.421875,-2.578125,1.0
794,29,1,-0.25,0.25,0.0
795,29,1,1.28125,-0.390625,0.0
796,29,0,0.453125,-0.171875,0.0
797,29,0,0.0,-0.015625,0.0
798,29,0,1.90625,0.578125,0.0
799,29,1,0.40625,0.765625,1.0
800,29,1,0.75,-2.125,1.0
801,29,1,0.125,-0.875,1.0
802,29,0,0.15625,-0.265625,0.0
803,29,1,-0.78125,-0.609375,1.0
804,29,0,-0.46875,-0.359375,1.0
805,29,1,2.3125,-1.109375,0.0
806,30,0,-0.15625,0.140625,0.0
807,30,0,-0.09375,0.09375,0.0
808,30,1,1.53125,0.3125,1.0
809,30,1,-0.578125,1.15625,0.0
810,30,0,-0.0625,0.609375,0.0
811,30,0,-0.796875,-0.640625,0.0
812,30,1,0.40625,0.828125,1.0
813,30,1,-0.734375,1.859375,1.0
814,30,1,-0.359375,-1.59375,0.0
815,30,1,2.03125,0.078125,0.0
816,30,0,-0.015625,-0.3125,0.0
817,30,1,-0.828125,1.46875,1.0
818,30,0,0.75,0.015625,0.0
819,30,1,0.796875,0.171875,1.0
820,30,1,-0.953125,-0.328125,1.0
821,30,1,-1.0,-0.578125,1.0
822,30,0,0.078125,0.078125,1.0
823,30,0,-0.359375,1.046875,0.0
824,30,1,0.984375,-0.140625,1.0
825,30,0,-0.578125,0.265625,1.0
826,30,0,-0.015625,1.09375,1.0
827,30,1,-0.921875,-0.84375,0.0
828,30,0,0.453125,0.03125,1.0
829,30,1,0.390625,0.53125,1.0
830,30,0,-0.9375,0.84375,1.0
831,30,1,1.375,-1.875,1.0
832,30,0,-0.09375,0.609375,1.0
833,30,0,0.109375,-0.125,0.0
834,30,1,1.5625,0.390625,0.0
835,31,1,-0.703125,-1.125,0.0
836,31,0,-0.90625,0.21875,0.0
837,31,0,-2.484375,0.375,1.0
838,31,1,-0.40625,-0.15625,1.0
839,31,1,-0.390625,1.1875,1.0
840,31,1,0.484375,1.078125,0.0
841,31,1,-1.078125,-1.03125,1.0
842,31,0,0.1875,0.140625,0.0
843,31,1,-0.078125,-1.390625,1.0
844,31,0,-0.078125,1.296875,0.0
845,31,0,-0.25,0.5,0.0
846,31,1,1.046875,-2.125,0.0
847,31,0,-1.203125,-0.6875,0.0
848,31,1,0.3125,-0.9375,0.0
849,31,1,-1.921875,-0.5625,0.0
850,31,1,0.203125,-0.453125,1.0
851,31,0,-0.015625,-0.421875,0.0
852,31,1,-1.140625,1.25,0.0
853,31,0,0.09375,0.015625,0.0
854,31,0,-0.421875,0.125,0.0
855,31,0,-1.84375,0.71875,1.0
856,31,1,2.625,-1.90625,0.0
857,31,1,0.65625,-1.6875,0.0
858,31,0,-1.140625,0.328125,0.0
859,31,0,-0.375,2.28125,0.0
860,31,1,0.6875,-0.46875,0.0
861,31,1,-2.75,0.109375,0.0
862,31,0,0.765625,-0.859375,1.0
863,31,0,-1.03125,-1.0,0.0
864,31,1,0.109375,-1.25,0.0
865,32,0,-0.171875,-0.734375,0.0
866,32,0,-1.375,0.03125,0.0
867,32,1,-0.203125,-0.1875,1.0
868,32,0,1.09375,1.34375,0.0
869,32,0,-1.21875,-0.71875,1.0
870,32,0,1.328125,-0.921875,1.0
871,32,0,0.0625,-0.84375,0.0
872,32,0,-2.421875,-1.421875,0.0
873,32,0,-1.625,-0.21875,0.0
874,32,0,-1.296875,0.203125,0.0
875,32,1,-1.0,-1.65625,0.0
876,32,1,-0.109375,-0.8125,1.0
877,32,1,0.59375,-0.03125,0.0
878,32,0,-1.265625,0.890625,1.0
879,32,1,-0.234375,-0.3125,0.0
880,32,0,-2.5625,1.734375,0.0
881,32,0,1.0,1.296875,1.0
882,32,0,0.03125,-0.0625,1.0
883,32,0,1.953125,-0.75,0.0
884,32,0,0.375,-1.171875,0.0
885,32,0,-1.046875,-3.21875,0.0
886,32,0,-0.25,0.25,1.0
887,32,0,-1.34375,0.21875,0.0
888,32,0,-0.59375,-1.0625,0.0
889,32,0,-0.1875,-0.90625,1.0
890,32,0,-0.65625,-0.859375,1.0
891,32,0,0.84375,-0.84375,0.0
892,32,0,0.828125,0.09375,1.0
893,32,1,0.5,-1.265625,0.0
894,32,1,-0.046875,1.328125,0.0
895,32,1,1.71875,-0.953125,1.0
896,33,1,-1.828125,-2.0,0.0
897,33,1,0.90625,-0.390625,1.0
898,33,0,-1.109375,-0.75,0.0
899,33,1,0.234375,0.78125,0.0
900,33,1,-2.640625,-1.6875,1.0
901,33,1,-1.015625,-0.390625,0.0
902,33,0,-0.28125,-1.171875,1.0
903,33,0,0.578125,-1.53125,0.0
904,33,1,-1.21875,0.125,0.0
905,33,0,0.0,-1.65625,0.0
906,33,0,-0.296875,1.734375,1.0
907,33,0,-0.15625,-0.6875,0.0
908,33,0,0.1875,-1.6875,1.0
909,33,1,-1.234375,-1.125,0.0
910,33,1,-0.15625,-2.140625,1.0
911,33,1,0.734375,-0.109375,0.0
912,33,0,-0.515625,-0.4375,0.0
913,33,0,-0.171875,-1.34375,0.0
914,33,0,-0.359375,-0.140625,0.0
915,33,1,1.984375,0.96875,1.0
916,33,0,-1.859375,-0.578125,0.0
917,33,1,1.5,-1.953125,0.0
918,33,0,-1.15625,1.5,0.0
919,33,0,0.09375,0.65625,0.0
920,33,1,0.671875,-1.203125,1.0
921,33,0,-0.734375,1.390625,0.0
922,33,0,1.140625,0.609375,0.0
923,33,0,0.25,0.671875,1.0
924,33,1,-0.015625,-1.109375,1.0
925,33,1,-0.984375,-1.5625,1.0
926,33,1,0.953125,-1.875,0.0
927,33,0,1.34375,0.03125,1.0
928,34,0,0.453125,-1.296875,1.0
929,34,1,-0.359375,-1.5,0.0
930,34,0,-1.46875,-0.421875,0.0
931,34,1,0.953125,-0.84375,1.0
932,34,0,-0.265625,0.96875,0.0
933,34,0,-1.5,-0.359375,0.0
934,34,0,-1.328125,1.0625,1.0
935,34,0,-2.03125,0.375,0.0
936,34,1,0.125,-0.703125,1.0
937,34,0,-0.5625,1.09375,0.0
938,34,0,1.859375,2.21875,0.0
939,34,1,1.984375,1.296875,0.0
940,34,1,-0.578125,0.78125,1.0
941,34,0,-2.0625,-0.828125,0.0
942,34,0,0.71875,-0.921875,1.0
943,34,1,-0.96875,-0.734375,1.0
944,34,0,-1.046875,-0.09375,0.0
945,34,1,0.34375,-1.96875,0.0
946,34,1,-0.5625,-1.203125,1.0
947,34,0,-1.96875,0.109375,0.0
948,34,1,-0.140625,-2.109375,1.0
949,34,1,0.578125,-0.484375,1.0
950,34,1,0.421875,-0.359375,1.0
951,34,0,0.359375,1.59375,0.0
952,34,0,0.0625,-0.0625,1.0
953,34,0,-1.15625,-0.453125,1.0
954,34,1,1.125,-2.734375,1.0
955,34,0,-0.25,-2.1875,0.0
956,34,0,-0.1875,0.28125,0.0
957,34,0,0.328125,0.65625,1.0
958,34,1,-0.375,-0.703125,0.0
959,34,0,-0.203125,-2.0625,0.0
960,34,0,-2.953125,1.3125,1.0
961,35,1,-0.296875,-1.421875,1.0
962,35,1,1.015625,-1.09375,1.0
963,35,0,-0.296875,-1.6875,0.0
964,35,1,2.359375,-1.1875,1.0
965,35,1,-0.5625,0.3125,0.0
966,35,0,0.390625,1.609375,0.0
967,35,0,-1.921875,0.671875,0.0
968,35,1,-0.515625,0.03125,0.0
969,35,0,0.875,0.203125,0.0
970,35,1,0.03125,0.109375,1.0
971,35,0,-1.078125,0.40625,0.0
972,35,0,1.640625,0.953125,1.0
973,35,0,-0.34375,-0.171875,1.0
974,35,1,0.15625,0.90625,0.0
975,35,1,-0.4375,1.140625,1.0
976,35,0,-1.046875,-1.078125,0.0
977,35,1,-1.046875,0.21875,0.0
978,35,1,-0.640625,-1.53125,1.0
979,35,0,0.09375,-1.40625,0.0
980,35,1,1.140625,-0.4375,0.0
981,35,1,-1.0,-0.484375,0.0
982,35,1,0.6875,1.03125,0.0
983,35,1,1.421875,1.0,0.0
984,35,0,0.09375,-0.546875,1.0
985,35,0,0.046875,-2.078125,0.0
986,35,0,0.359375,-0.28125,0.0
987,35,1,0.71875,0.28125,0.0
988,35,1,0.1875,0.25,0.0
989,35,0,-1.203125,-0.953125,0.0
990,35,1,1.5625,1.546875,1.0
991,35,0,1.15625,-0.15625,1.0
992,35,1,1.34375,0.015625,0.0
993,35,0,1.390625,-1.421875,1.0
994,35,1,0.546875,-0.8125,1.0
995,36,0,0.171875,-1.3125,1.0
996,36,0,-0.03125,-0.5625,0.0
997,36,0,-0.140625,1.109375,0.0
998,36,1,1.578125,-0.875,1.0
999,36,0,-0.59375,0.25,0.0
1000,36,0,2.25,-0.765625,0.0
1001,36,1,0.6875,-0.78125,0.0
1002,36,0,0.140625,0.421875,0.0
1003,36,0,-0.296875,-0.03125,1.0
1004,36,1,0.25,0.375,1.0
1005,36,0,-1.25,0.890625,0.0
1006,36,0,0.609375,-0.609375,0.0
1007,36,1,-0.359375,-1.359375,0.0
1008,36,1,0.21875,-0.0625,1.0
1009,36,0,-2.1875,1.46875,0.0
1010,36,0,-1.0,0.328125,0.0
1011,36,0,-1.53125,-0.71875,0.0
1012,36,1,1.703125,0.1875,0.0
1013,36,0,1.0,1.109375,0.0
1014,36,0,0.21875,0.296875,0.0
1015,36,1,0.828125,0.625,0.0
1016,36,1,-0.8125,-0.6875,0.0
1017,36,1,1.046875,0.6875,0.0
1018,36,1,0.546875,0.59375,0.0
1019,36,0,0.703125,-0.9375,0.0
1020,36,1,-0.09375,-0.96875,1.0
1021,36,1,-0.203125,-1.484375,1.0
1022,36,0,-0.703125,0.859375,0.0
1023,36,0,1.125,1.015625,0.0
1024,36,0,-0.265625,0.15625,1.0
1025,36,0,0.703125,-1.75,0.0
1026,36,0,-0.796875,1.828125,0.0
1027,36,0,1.40625,2.0625,1.0
1028,36,0,-0.796875,0.484375,0.0
1029,36,0,-1.015625,1.296875,0.0
1030,37,1,-0.65625,0.875,1.0
1031,37,1,1.328125,-0.96875,1.0
1032,37,0,-2.53125,0.8125,0.0
1033,37,1,1.03125,0.6875,0.0
1034,37,0,0.640625,-1.078125,1.0
1035,37,1,0.359375,-2.5,0.0
1036,37,0,-2.140625,-0.359375,0.0
1037,37,0,-1.390625,0.765625,0.0
1038,37,1,-0.03125,-0.375,1.0
1039,37,1,1.21875,-0.53125,1.0
1040,37,1,-0.46875,1.40625,1.0
1041,37,1,-0.484375,-1.34375,0.0
1042,37,0,0.640625,0.375,0.0
1043,37,1,-0.125,-0.03125,1.0
1044,37,0,1.140625,1.125,1.0
1045,37,1,0.625,0.140625,0.0
1046,37,1,-0.6875,0.3125,0.0
1047,37,1,0.859375,-1.484375,0.0
1048,37,0,-2.390625,1.359375,1.0
1049,37,0,0.078125,-1.21875,0.0
1050,37,1,0.6875,-1.421875,0.0
1051,37,1,-0.828125,0.0,0.0
1052,37,0,0.1875,0.921875,0.0
1053,37,0,-1.28125,-0.59375,0.0
1054,37,1,0.859375,0.59375,0.0
1055,37,0,-0.109375,-1.8125,1.0
1056,37,1,-0.515625,-0.953125,0.0
1057,37,1,0.125,-1.140625,0.0
1058,37,1,-0.078125,2.953125,1.0
1059,37,0,-1.140625,-0.6875,0.0
1060,37,1,-0.453125,0.671875,1.0
1061,37,1,1.171875,0.390625,0.0
1062,37,1,1.09375,1.1875,0.0
1063,37,0,-0.375,1.46875,1.0
1064,37,0,0.6875,0.0625,1.0
1065,37,1,-1.734375,-0.34375,0.0
1066,38,0,-0.71875,-1.234375,0.0
1067,38,1,-1.640625,-0.546875,1.0
1068,38,0,0.296875,0.296875,1.0
1069,38,1,-0.765625,0.28125,1.0
1070,38,1,0.234375,-0.421875,0.0
1071,38,1,0.53125,-1.28125,0.0
1072,38,1,0.125,-0.15625,0.0
1073,38,1,-0.140625,-1.03125,0.0
1074,38,1,0.953125,-0.515625,0.0
1075,38,1,2.46875,-1.71875,0.0
1076,38,0,-2.796875,0.140625,0.0
1077,38,0,-0.078125,-0.140625,0.0
1078,38,0,0.015625,0.46875,0.0
1079,38,0,0.578125,-1.5,1.0
1080,38,0,0.390625,0.15625,0.0
1081,38,0,-0.046875,-0.828125,1.0
1082,38,0,-1.421875,-0.109375,0.0
1083,38,1,-0.90625,-1.671875,1.0
1084,38,1,1.96875,0.6875,0.0
1085,38,1,0.578125,0.515625,1.0
1086,38,1,0.0625,-0.171875,1.0
1087,38,0,-0.40625,-2.140625,0.0
1088,38,0,-0.53125,0.765625,1.0
1089,38,0,-1.25,0.375,0.0
1090,38,1,1.3125,-2.484375,1.0
1091,38,0,-0.34375,-1.109375,0.0
1092,38,0,-0.515625,0.0625,0.0
1093,38,0,0.734375,-0.53125,0.0
1094,38,0,1.828125,0.171875,0.0
1095,38,1,-0.703125,-1.8125,0.0
1096,38,0,0.015625,0.09375,0.0
1097,38,1,-0.921875,0.40625,0.0
1098,38,0,0.484375,-0.109375,0.0
1099,38,0,-0.78125,-1.21875,1.0
1100,38,0,-0.328125,-2.578125,0.0
1101,38,0,0.09375,1.546875,0.0
1102,38,0,-1.953125,1.15625,0.0
1103,39,0,-2.4375,-0.296875,1.0
1104,39,0,0.375,-0.734375,0.0
1105,39,1,-0.25,-0.578125,1.0
1106,39,1,0.296875,-0.921875,0.0
1107,39,0,0.03125,-0.3125,0.0
1108,39,1,1.015625,-0.859375,1.0
1109,39,1,0.15625,-1.375,1.0
1110,39,1,0.953125,-0.453125,0.0
1111,39,1,0.421875,0.8125,0.0
1112,39,0,-1.15625,-1.453125,1.0
1113,39,1,-0.734375,0.578125,1.0
1114,39,1,0.8125,-1.328125,1.0
1115,39,1,-1.5,-1.203125,1.0
1116,39,0,0.125,1.40625,1.0
1117,39,0,-0.765625,-0.375,0.0
1118,39,0,0.734375,0.65625,0.0
1119,39,0,-0.421875,0.203125,1.0
1120,39,0,-1.203125,0.5625,0.0
1121,39,1,0.796875,0.421875,0.0
1122,39,0,-0.875,-0.9375,0.0
1123,39,1,-1.15625,-0.875,0.0
1124,39,0,-0.53125,0.375,0.0
1125,39,1,1.03125,-0.84375,1.0
1126,39,0,-1.015625,-1.703125,0.0
1127,39,0,-1.265625,1.1875,0.0
1128,39,1,0.296875,-1.796875,0.0
1129,39,0,0.90625,-0.796875,1.0
1130,39,0,-2.796875,0.484375,1.0
1131,39,1,0.9375,-0.171875,1.0
1132,39,1,1.046875,-0.953125,0.0
1133,39,1,-0.171875,-1.34375,0.0
1134,39,0,-0.671875,-0.5,0.0
1135,39,1,-1.4375,-1.046875,0.0
1136,39,0,0.046875,-0.921875,0.0
1137,39,0,0.1875,-0.46875,0.0
1138,39,0,-0.125,-0.09375,0.0
1139,39,0,-0.484375,-0.03125,0.0
1140,39,1,0.578125,-0.71875,0.0
1141,40,1,0.625,-1.40625,0.0
1142,40,1,0.046875,-1.46875,1.0
1143,40,1,-1.234375,-0.265625,0.0
1144,40,1,0.015625,-1.078125,1.0
1145,40,1,0.328125,-0.234375,1.0
1146,40,1,0.28125,-0.390625,1.0
1147,40,0,1.109375,-0.515625,0.0
1148,40,0,-0.796875,-1.515625,0.0
1149,40,0,0.34375,-1.1875,1.0
1150,40,1,1.75,-1.265625,0.0
1151,40,0,-0.5625,0.765625,1.0
1152,40,0,0.234375,2.3125,1.0
1153,40,0,-0.8125,-1.703125,0.0
1154,40,0,0.203125,0.96875,0.0
1155,40,0,1.53125,0.21875,0.0
1156,40,1,-1.484375,-2.3125,0.0
1157,40,0,-0.1875,-0.0625,0.0
1158,40,0,-0.390625,0.15625,0.0
1159,40,0,1.234375,-1.875,0.0
1160,40,0,0.03125,0.390625,1.0
1161,40,0,-0.046875,-1.1875,0.0
1162,40,1,-0.75,-0.234375,1.0
1163,40,0,0.0625,1.21875,1.0
1164,40,0,-1.796875,1.078125,0.0
1165,40,0,-1.109375,-0.78125,1.0
1166,40,0,-0.21875,-2.578125,1.0
1167,40,1,-0.15625,-2.640625,1.0
1168,40,1,1.046875,-0.234375,1.0
1169,40,1,0.03125,-1.921875,0.0
1170,40,1,-0.671875,-0.140625,0.0
1171,40,0,0.203125,1.015625,1.0
1172,40,1,1.5,-1.359375,1.0
1173,40,0,0.25,-1.46875,0.0
1174,40,0,-0.875,-1.03125,1.0
1175,40,1,-1.203125,-1.359375,0.0
1176,40,1,0.71875,-0.3125,1.0
1177,40,1,-1.140625,-1.109375,0.0
1178,40,0,0.921875,-0.703125,0.0
1179,40,0,0.375,-0.90625,0.0
1180,41,1,0.0625,-0.125,1.0
1181,41,1,1.046875,-0.34375,0.0
1182,41,0,1.515625,-0.5625,0.0
1183,41,1,0.96875,-0.875,0.0
1184,41,0,-1.09375,-0.0625,1.0
1185,41,0,1.34375,-0.390625,1.0
1186,41,1,-0.4375,0.25,1.0
1187,41,0,-1.578125,1.6875,0.0
1188,41,0,-2.8125,-0.84375,0.0
1189,41,0,-0.453125,0.296875,0.0
1190,41,0,0.515625,-1.640625,1.0
1191,41,1,-0.28125,-2.046875,0.0
1192,41,1,0.328125,2.953125,0.0
1193,41,0,2.078125,-0.03125,0.0
1194,41,1,1.046875,-0.484375,0.0
1195,41,0,-1.515625,0.5625,0.0
1196,41,1,-0.453125,-0.46875,0.0
1197,41,1,-1.578125,-0.921875,0.0
1198,41,1,0.4375,-1.109375,0.0
1199,41,0,-0.640625,-1.21875,1.0
1200,42,0,0.71875,1.71875,1.0
1201,42,0,0.03125,-0.15625,0.0
1202,42,0,-0.59375,-0.8125,0.0
1203,42,0,-0.515625,-0.234375,1.0
1204,42,0,-1.453125,-1.40625,0.0
1205,42,1,-0.515625,0.65625,1.0
1206,42,0,0.125,-2.359375,0.0
1207,42,0,0.421875,0.84375,0.0
1208,42,1,-0.4375,-1.953125,1.0
1209,42,0,0.25,-1.171875,1.0
1210,42,1,-0.703125,-0.84375,1.0
1211,42,0,-0.484375,2.609375,1.0
1212,42,1,1.375,0.875,0.0
1213,42,0,0.625,-0.140625,1.0
1214,42,1,0.5,-0.546875,1.0
1215,42,0,0.859375,-1.484375,1.0
1216,42,1,0.1875,-0.1875,0.0
1217,42,0,-1.28125,-0.828125,1.0
1218,42,0,-0.59375,-1.28125,1.0
1219,42,0,0.75,0.296875,1.0
1220,42,1,0.203125,-0.78125,0.0
1221,43,0,-0.65625,0.140625,0.0
1222,43,0,-0.40625,-1.0,0.0
1223,43,1,0.046875,-2.1875,1.0
1224,43,0,-0.234375,0.859375,0.0
1225,43,0,0.3125,-1.09375,0.0
1226,43,0,-0.390625,1.53125,0.0
1227,43,0,0.5625,-0.390625,0.0
1228,43,1,0.109375,-1.203125,1.0
1229,43,1,-0.734375,0.078125,1.0
1230,43,0,-0.046875,0.25,0.0
1231,43,0,-0.953125,-1.71875,0.0
1232,43,0,-0.15625,-1.890625,0.0
1233,43,1,-0.453125,-1.890625,0.0
1234,43,0,-1.1875,-0.78125,1.0
1235,43,1,0.421875,-1.390625,1.0
1236,43,0,-0.90625,-0.0625,0.0
1237,43,0,1.109375,1.03125,1.0
1238,43,0,1.171875,0.5625,1.0
1239,43,1,0.484375,0.296875,1.0
1240,43,1,-0.234375,-0.90625,0.0
1241,43,0,0.5625,-1.15625,0.0
1242,43,1,-1.234375,-0.84375,1.0
1243,44,1,0.578125,0.515625,0.0
1244,44,1,-0.21875,-0.546875,0.0
1245,44,1,0.28125,0.953125,0.0
1246,44,1,-1.46875,0.28125,0.0
1247,44,0,-0.03125,-1.171875,0.0
1248,44,1,1.125,-0.65625,0.0
1249,44,1,0.484375,0.21875,1.0
1250,44,0,-0.65625,1.78125,0.0
1251,44,0,-0.921875,-0.328125,0.0
1252,44,1,-0.671875,-0.546875,1.0
1253,44,1,-1.921875,1.140625,0.0
1254,44,0,1.34375,-0.328125,0.0
1255,44,0,-0.03125,0.859375,0.0
1256,44,0,0.515625,1.984375,0.0
1257,44,1,1.015625,-0.046875,1.0
1258,44,1,1.578125,-0.921875,1.0
1259,44,1,-0.0625,0.34375,1.0
1260,44,0,2.578125,-1.234375,0.0
1261,44,1,0.859375,-1.203125,0.0
1262,44,0,0.765625,0.796875,0.0
1263,44,1,1.796875,0.328125,0.0
1264,44,0,0.625,-0.578125,1.0
1265,44,0,-0.28125,1.171875,0.0
1266,45,1,0.859375,0.734375,0.0
1267,45,0,-0.59375,-0.40625,0.0
1268,45,1,-1.203125,-1.75,1.0
1269,45,0,0.640625,-0.828125,1.0
1270,45,0,2.265625,-0.859375,1.0
1271,45,0,0.109375,-1.453125,1.0
1272,45,0,0.15625,-1.578125,1.0
1273,45,0,-1.71875,0.390625,1.0
1274,45,1,-0.21875,-0.921875,1.0
1275,45,0,-0.75,-1.25,0.0
1276,45,0,0.234375,0.328125,1.0
1277,45,0,1.75,1.3125,1.0
1278,45,0,-1.109375,-0.359375,0.0
1279,45,1,0.078125,-2.578125,1.0
1280,45,0,1.90625,0.484375,0.0
1281,45,0,-0.84375,0.34375,0.0
1282,45,0,-0.484375,-0.171875,1.0
1283,45,0,-1.15625,1.65625,1.0
1284,45,1,1.078125,-3.25,1.0
1285,45,1,-0.90625,-0.765625,1.0
1286,45,0,0.53125,0.296875,0.0
1287,45,0,-0.515625,-0.6875,0.0
1288,45,0,-1.03125,-0.34375,1.0
1289,45,0,-0.84375,-2.171875,1.0
1290,46,1,-0.4375,0.71875,0.0
1291,46,1,-0.125,-2.71875,1.0
1292,46,1,-0.765625,-1.484375,0.0
1293,46,1,-0.234375,-0.046875,0.0
1294,46,0,0.3125,-0.578125,0.0
1295,46,0,1.1875,-0.625,0.0
1296,46,1,0.21875,-1.171875,1.0
1297,46,1,1.0,-0.453125,0.0
1298,46,1,-0.625,-1.265625,1.0
1299,46,1,-0.78125,-1.09375,0.0
1300,46,1,0.09375,-2.078125,1.0
1301,46,1,-0.453125,0.46875,1.0
1302,46,1,1.09375,-0.328125,0.0
1303,46,1,0.28125,0.296875,0.0
1304,46,0,-0.203125,0.15625,0.0
1305,46,0,-0.703125,0.5,0.0
1306,46,0,0.140625,0.1875,0.0
1307,46,0,0.140625,-0.21875,0.0
1308,46,0,0.015625,0.484375,0.0
1309,46,0,0.734375,0.859375,0.0
1310,46,0,-0.203125,1.421875,0.0
1311,46,0,-1.09375,-0.359375,0.0
1312,46,0,-0.78125,0.40625,0.0
1313,46,1,-0.578125,-0.546875,0.0
1314,46,1,0.28125,0.15625,1.0
1315,47,1,1.578125,0.0625,0.0
1316,47,1,0.15625,-0.28125,0.0
1317,47,1,0.625,-2.15625,0.0
1318,47,0,0.265625,0.078125,1.0
1319,47,1,0.734375,0.515625,0.0
1320,47,0,0.59375,-0.078125,0.0
1321,47,1,-0.359375,-0.359375,0.0
1322,47,1,0.6875,-1.09375,1.0
1323,47,1,0.109375,-1.46875,0.0
1324,47,0,-1.21875,0.6875,0.0
1325,47,0,-0.203125,-1.375,0.0
1326,47,1,-0.03125,-1.59375,1.0
1327,47,0,0.46875,-2.0,0.0
1328,47,0,2.0625,-0.265625,0.0
1329,47,1,1.203125,-0.046875,0.0
1330,47,0,0.671875,0.359375,0.0
1331,47,0,0.234375,-2.296875,0.0
1332,47,0,-1.671875,1.046875,0.0
1333,47,0,0.15625,-0.6875,0.0
1334,47,0,-1.609375,-1.953125,1.0
1335,47,0,-0.25,0.34375,0.0
1336,47,0,-1.015625,-0.6875,0.0
1337,47,0,-1.671875,-1.0,0.0
1338,47,0,1.796875,0.375,0.0
1339,47,0,-0.875,-0.6875,0.0
1340,47,0,0.140625,2.578125,0.0
1341,48,0,-0.65625,0.25,0.0
1342,48,1,0.390625,-1.5,1.0
1343,48,0,0.53125,-1.046875,0.0
1344,48,0,-1.140625,-1.5625,1.0
1345,48,1,0.265625,-0.453125,1.0
1346,48,1,-0.453125,0.890625,1.0
1347,48,1,0.5625,-1.921875,1.0
1348,48,0,-0.015625,-0.015625,1.0
1349,48,0,0.734375,0.90625,0.0
1350,48,0,0.578125,0.265625,0.0
1351,48,0,-0.390625,1.453125,1.0
1352,48,0,-0.15625,1.59375,0.0
1353,48,1,0.828125,0.15625,1.0
1354,48,0,-0.1875,-0.203125,0.0
1355,48,0,0.28125,-0.375,0.0
1356,48,1,0.640625,-0.234375,1.0
1357,48,0,-0.484375,-1.15625,1.0
1358,48,0,0.09375,-1.5,0.0
1359,48,0,-0.359375,-1.3125,0.0
1360,48,0,-0.125,0.390625,0.0
1361,48,0,-0.359375,0.65625,0.0
1362,48,1,0.15625,-1.28125,0.0
1363,48,0,-1.703125,-0.640625,1.0
1364,48,1,-0.4375,-2.3125,0.0
1365,48,0,0.453125,0.34375,1.0
1366,48,1,1.171875,-0.515625,1.0
1367,48,0,1.203125,2.046875,0.0
1368,49,1,0.546875,-1.140625,0.0
1369,49,0,0.453125,-0.390625,0.0
1370,49,1,-0.671875,-1.296875,1.0
1371,49,0,1.46875,1.390625,1.0
1372,49,1,0.1875,1.046875,1.0
1373,49,0,-0.609375,-0.234375,0.0
1374,49,1,0.234375,-0.515625,1.0
1375,49,1,-0.015625,-2.125,1.0
1376,49,1,0.09375,-2.15625,1.0
1377,49,0,0.765625,2.234375,0.0
1378,49,1,0.515625,0.296875,1.0
1379,49,1,0.125,-1.9375,0.0
1380,49,0,0.71875,1.515625,0.0
1381,49,0,-1.5625,-1.328125,0.0
1382,49,0,-0.859375,0.546875,0.0
1383,49,1,0.6875,-0.453125,0.0
1384,49,1,0.765625,-0.671875,0.0
1385,49,0,-0.84375,0.953125,0.0
1386,49,0,-0.953125,-1.0,0.0
1387,49,1,0.828125,0.921875,1.0
1388,49,1,0.4375,-0.046875,1.0
1389,49,1,0.421875,-0.296875,0.0
1390,49,1,2.203125,0.40625,1.0
1391,49,0,-2.109375,2.25,0.0
1392,49,1,-0.5625,0.765625,0.0
1393,49,1,0.234375,-0.875,0.0
1394,49,1,0.625,-1.265625,1.0
1395,49,0,-0.328125,-0.8125,0.0
1396,50,0,-1.125,-1.234375,1.0
1397,50,0,0.25,-2.0625,0.0
1398,50,0,0.0625,-1.0625,1.0
1399,50,1,-0.046875,0.03125,0.0
1400,50,1,-0.3125,-0.40625,0.0
1401,50,0,1.171875,0.125,1.0
1402,50,0,1.390625,-1.796875,0.0
1403,50,1,-0.8125,-0.03125,1.0
1404,50,1,1.5,-0.453125,1.0
1405,50,0,-0.09375,0.84375,0.0
1406,50,0,0.796875,-2.703125,1.0
1407,50,0,0.8125,-0.03125,1.0
1408,50,0,0.3125,-0.75,1.0
1409,50,0,-0.46875,-1.5625,0.0
1410,50,0,-0.8125,1.078125,1.0
1411,50,1,0.484375,0.46875,1.0
1412,50,0,-1.40625,0.578125,0.0
1413,50,1,0.296875,-1.875,0.0
1414,50,0,0.3125,-1.921875,0.0
1415,50,0,0.1875,-1.21875,0.0
1416,50,0,-1.78125,-0.40625,0.0
1417,50,1,1.078125,-1.90625,0.0
1418,50,0,-0.703125,-2.171875,0.0
1419,50,0,-0.125,0.78125,1.0
1420,50,1,-0.859375,-1.71875,0.0
1421,50,0,0.671875,-0.71875,0.0
1422,50,0,-0.71875,-0.9375,0.0
1423,50,1,0.0625,-0.875,0.0
1424,50,1,1.015625,-0.640625,1.0
1425,51,1,0.734375,-2.4375,1.0
1426,51,1,2.625,-0.171875,1.0
1427,51,0,1.125,-0.359375,0.0
1428,51,1,-0.71875,-2.125,1.0
1429,51,1,0.125,0.59375,0.0
1430,51,0,-0.0625,-1.46875,1.0
1431,51,1,0.4375,0.125,0.0
1432,51,0,0.375,-0.4375,1.0
1433,51,0,-0.8125,-0.28125,0.0
1434,51,0,-0.921875,-1.25,0.0
1435,51,0,-1.9375,-0.5,1.0
1436,51,0,-0.21875,1.28125,0.0
1437,51,0,-0.359375,0.546875,0.0
1438,51,0,2.234375,-1.03125,0.0
1439,51,1,1.03125,-0.0625,1.0
1440,51,0,1.078125,-1.453125,0.0
1441,51,1,-0.625,-0.484375,1.0
1442,51,1,0.984375,-2.0,1.0
1443,51,1,-0.953125,-1.375,0.0
1444,51,1,-0.890625,-0.5,0.0
1445,51,1,0.1875,-1.875,0.0
1446,51,1,1.28125,-2.03125,1.0
1447,51,0,-0.8125,-2.8125,0.0
1448,51,1,-0.375,0.46875,0.0
1449,51,1,0.296875,0.09375,1.0
1450,51,0,-0.046875,0.109375,0.0
1451,51,0,0.859375,-0.09375,1.0
1452,51,1,0.390625,-0.5625,1.0
1453,51,1,-0.6875,-0.4375,1.0
1454,51,1,-0.203125,-0.15625,0.0
1455,52,0,-1.359375,0.671875,1.0
1456,52,1,0.15625,1.265625,1.0
1457,52,0,-0.765625,0.34375,1.0
1458,52,0,-2.5625,-0.03125,0.0
1459,52,0,-0.40625,-0.921875,1.0
1460,52,1,-0.390625,-0.78125,0.0
1461,52,0,0.03125,-0.5625,1.0
1462,52,1,-0.359375,0.578125,1.0
1463,52,1,-1.703125,1.0625,1.0
1464,52,1,0.359375,-0.5,0.0
1465,52,0,0.421875,0.640625,1.0
1466,52,0,1.484375,1.40625,1.0
1467,52,1,0.9375,-0.15625,1.0
1468,52,1,0.671875,-1.484375,1.0
1469,52,1,-1.8125,1.265625,0.0
1470,52,1,1.265625,0.15625,0.0
1471,52,1,-1.140625,-1.515625,0.0
1472,52,0,-1.421875,0.5625,1.0
1473,52,0,-1.53125,-1.65625,0.0
1474,52,1,1.71875,-0.234375,0.0
1475,52,1,1.84375,0.453125,1.0
1476,52,0,-0.1875,-0.734375,0.0
1477,52,1,0.5,1.15625,0.0
1478,52,0,-0.546875,-0.25,1.0
1479,52,1,0.46875,-0.359375,0.0
1480,52,1,-0.859375,-0.953125,0.0
1481,52,1,2.484375,1.078125,1.0
1482,52,1,-0.1875,-0.1875,1.0
1483,52,1,-0.40625,1.671875,1.0
1484,52,1,1.78125,-0.546875,1.0
1485,52,1,1.5,0.265625,0.0
1486,53,0,-0.828125,-1.578125,1.0
1487,53,1,1.046875,-1.375,1.0
1488,53,0,-0.171875,0.65625,0.0
1489,53,0,-1.015625,2.1875,0.0
1490,53,0,-0.34375,0.046875,0.0
1491,53,1,-0.90625,0.484375,0.0
1492,53,0,-1.890625,-0.578125,0.0
1493,53,0,0.703125,-0.59375,1.0
1494,53,0,-0.890625,2.09375,1.0
1495,53,1,-0.21875,0.28125,0.0
1496,53,0,-1.5625,-0.875,0.0
1497,53,0,-0.625,0.09375,0.0
1498,53,0,1.796875,-1.140625,0.0
1499,53,0,-1.734375,0.09375,0.0
1500,53,1,0.265625,-2.5,0.0
1501,53,0,-0.515625,-1.140625,0.0
1502,53,1,0.65625,-1.6875,1.0
1503,53,1,-1.1875,-0.875,0.0
1504,53,1,0.59375,1.5,1.0
1505,53,1,-0.0625,0.625,0.0
1506,53,1,-0.375,-0.3125,0.0
1507,53,1,1.03125,-0.46875,1.0
1508,53,0,0.453125,0.75,0.0
1509,53,1,-0.15625,-3.765625,0.0
1510,53,0,-1.65625,0.28125,1.0
1511,53,0,0.875,-0.578125,1.0
1512,53,0,-0.25,0.84375,0.0
1513,53,0,-0.515625,0.421875,1.0
1514,53,0,-0.96875,1.671875,1.0
1515,53,0,0.546875,-1.421875,0.0
1516,53,0,-1.734375,0.5625,0.0
1517,53,0,-3.71875,-0.46875,0.0
1518,54,0,-0.703125,0.65625,0.0
1519,54,0,-1.71875,0.875,1.0
1520,54,0,0.015625,-0.671875,0.0
1521,54,0,-1.328125,-0.28125,0.0
1522,54,1,0.296875,0.546875,0.0
1523,54,1,0.234375,-0.953125,0.0
1524,54,0,1.640625,-0.078125,0.0
1525,54,0,0.421875,0.03125,0.0
1526,54,1,-1.03125,0.234375,0.0
1527,54,1,0.875,-0.359375,1.0
1528,54,0,-0.375,0.328125,0.0
1529,54,1,1.234375,-0.453125,1.0
1530,54,1,0.0,-0.625,0.0
1531,54,0,-0.671875,1.65625,0.0
1532,54,1,-0.296875,0.6875,1.0
1533,54,1,1.484375,1.171875,1.0
1534,54,0,-0.109375,1.34375,1.0
1535,54,0,-0.765625,-1.15625,0.0
1536,54,1,-0.875,0.3125,0.0
1537,54,0,-0.4375,-0.453125,0.0
1538,54,0,-0.5,-0.9375,1.0
1539,54,1,-0.515625,-0.265625,0.0
1540,54,0,-1.15625,-1.078125,1.0
1541,54,0,-0.046875,-0.140625,1.0
1542,54,1,0.28125,-0.765625,0.0
1543,54,0,0.125,-1.5,0.0
1544,54,1,1.328125,1.59375,0.0
1545,54,0,2.0,-1.046875,0.0
1546,54,0,-0.59375,-1.921875,0.0
1547,54,0,0.671875,0.984375,0.0
1548,54,0,-0.484375,-1.28125,0.0
1549,54,1,1.171875,0.234375,0.0
1550,54,1,-0.390625,-1.0,1.0
1551,55,0,0.78125,0.3125,0.0
1552,55,1,-0.984375,-1.375,1.0
1553,55,0,-0.40625,0.375,0.0
1554,55,1,-0.8125,0.171875,1.0
1555,55,1,-0.265625,-1.5,0.0
1556,55,0,-1.1875,-0.734375,0.0
1557,55,0,-2.0625,-2.078125,1.0
1558,55,0,-0.859375,0.265625,0.0
1559,55,1,0.1875,0.984375,1.0
1560,55,0,-0.265625,1.34375,0.0
1561,55,0,-0.5625,1.140625,0.0
1562,55,1,-0.15625,0.265625,0.0
1563,55,1,0.171875,-0.3125,1.0
1564,55,0,-0.671875,2.453125,0.0
1565,55,0,-0.078125,-0.578125,1.0
1566,55,0,-0.96875,-0.046875,1.0
1567,55,1,0.8125,1.03125,0.0
1568,55,1,1.1875,-1.078125,1.0
1569,55,1,-0.21875,-0.234375,0.0
1570,55,0,-0.5,2.125,0.0
1571,55,0,-1.0,-1.859375,0.0
1572,55,1,0.140625,-0.203125,1.0
1573,55,1,1.109375,-1.65625,1.0
1574,55,1,0.234375,-0.921875,1.0
1575,55,1,0.84375,-1.0,1.0
1576,55,1,-0.140625,-0.65625,0.0
1577,55,0,-0.625,0.375,0.0
1578,55,0,0.59375,0.03125,0.0
1579,55,1,1.40625,-0.109375,1.0
1580,55,1,0.4375,0.078125,1.0
1581,55,0,0.703125,-1.109375,1.0
1582,55,1,2.5,-0.484375,1.0
1583,55,1,-0.625,-0.96875,0.0
1584,55,1,0.078125,0.109375,1.0
1585,56,1,0.1875,0.21875,1.0
1586,56,1,-0.265625,1.203125,1.0
1587,56,1,0.25,0.34375,1.0
1588,56,1,1.984375,-0.09375,1.0
1589,56,0,1.140625,-0.53125,1.0
1590,56,0,0.21875,0.71875,0.0
1591,56,0,1.125,1.3125,0.0
1592,56,0,0.609375,0.1875,1.0
1593,56,1,-1.46875,-1.328125,0.0
1594,56,1,1.5,-0.109375,1.0
1595,56,0,-0.953125,1.84375,0.0
1596,56,1,1.546875,-0.4375,0.0
1597,56,1,1.0,-0.40625,0.0
1598,56,0,0.84375,-2.015625,0.0
1599,56,0,1.5,-1.15625,1.0
1600,56,1,0.046875,-0.734375,1.0
1601,56,0,-2.9375,0.03125,1.0
1602,56,0,-0.4375,1.140625,1.0
1603,56,0,-1.15625,2.359375,1.0
1604,56,1,-0.640625,-0.5,0.0
1605,56,0,0.0625,-2.03125,1.0
1606,56,1,1.40625,-0.234375,1.0
1607,56,1,-0.09375,-0.25,1.0
1608,56,0,0.828125,1.546875,0.0
1609,56,0,-2.578125,-0.65625,1.0
1610,56,0,-0.140625,1.625,0.0
1611,56,1,0.25,0.640625,1.0
1612,56,0,0.859375,0.1875,1.0
1613,56,0,-0.375,-0.25,0.0
1614,56,1,2.40625,-0.703125,0.0
1615,56,0,-1.09375,1.015625,0.0
1616,56,1,0.296875,0.53125,0.0
1617,56,1,1.21875,0.984375,0.0
1618,56,1,-0.609375,-0.484375,1.0
1619,56,1,-0.03125,-0.84375,1.0
1620,57,0,-0.109375,-2.09375,0.0
1621,57,0,1.9375,-1.21875,0.0
1622,57,1,1.03125,-2.46875,1.0
1623,57,0,1.171875,0.234375,0.0
1624,57,0,-1.171875,0.015625,0.0
1625,57,0,-1.15625,-2.625,0.0
1626,57,0,0.546875,-0.0625,0.0
1627,57,1,1.234375,-0.28125,0.0
1628,57,1,-0.234375,-0.84375,1.0
1629,57,1,0.859375,0.015625,1.0
1630,57,0,0.296875,-0.46875,0.0
1631,57,0,0.234375,-1.140625,0.0
1632,57,0,-0.484375,0.28125,0.0
1633,57,1,-0.15625,-0.1875,1.0
1634,57,0,0.15625,-0.125,0.0
1635,57,0,-0.359375,-1.5,0.0
1636,57,0,-1.203125,1.171875,0.0
1637,57,0,0.953125,-0.921875,1.0
1638,57,0,0.0625,-0.71875,0.0
1639,57,0,0.3125,-0.796875,0.0
1640,57,0,0.03125,-2.8125,0.0
1641,57,1,0.21875,-0.625,1.0
1642,57,1,0.265625,-0.46875,1.0
1643,57,0,-1.640625,-1.234375,0.0
1644,57,1,0.640625,-1.25,0.0
1645,57,0,1.125,-1.671875,0.0
1646,57,0,-0.09375,-0.03125,0.0
1647,57,0,0.578125,0.46875,0.0
1648,57,0,0.015625,-0.453125,1.0
1649,57,1,1.21875,-1.75,0.0
1650,57,0,-1.328125,-0.453125,0.0
1651,57,1,-1.015625,-0.71875,0.0
1652,57,1,-0.859375,-2.515625,1.0
1653,57,0,-0.0625,0.9375,0.0
1654,57,0,0.59375,-0.640625,0.0
1655,57,0,-2.25,-0.53125,1.0
1656,58,1,0.9375,1.65625,0.0
1657,58,0,-1.4375,-1.609375,0.0
1658,58,1,0.40625,-0.046875,1.0
1659,58,1,0.375,-0.359375,1.0
1660,58,1,1.203125,-0.21875,0.0
1661,58,1,0.9375,0.15625,0.0
1662,58,1,-0.015625,-1.25,0.0
1663,58,0,0.65625,-0.359375,0.0
1664,58,0,1.140625,0.640625,0.0
1665,58,0,-1.125,0.765625,1.0
1666,58,1,0.296875,-0.1875,0.0
1667,58,0,-0.734375,-1.265625,0.0
1668,58,1,1.015625,-0.921875,0.0
1669,58,1,1.453125,0.1875,0.0
1670,58,0,-0.421875,-0.34375,0.0
1671,58,0,-1.53125,0.359375,1.0
1672,58,0,-0.578125,-1.515625,1.0
1673,58,1,-0.921875,-1.71875,0.0
1674,58,1,0.90625,0.171875,0.0
1675,58,1,0.5625,0.3125,1.0
1676,58,0,-0.96875,-0.078125,0.0
1677,58,0,-1.734375,-0.484375,0.0
1678,58,0,-1.328125,-1.765625,0.0
1679,58,1,-0.03125,-1.25,0.0
1680,58,0,-0.046875,-0.40625,0.0
1681,58,0,1.828125,0.15625,0.0
1682,58,0,-0.203125,-0.453125,0.0
1683,58,1,-1.296875,-2.390625,1.0
1684,58,1,0.421875,-0.46875,0.0
1685,58,1,-0.015625,0.46875,1.0
1686,58,0,-0.640625,-0.15625,1.0
1687,58,1,1.96875,-0.640625,1.0
1688,58,0,-0.203125,-0.03125,0.0
1689,58,1,1.71875,0.015625,0.0
1690,58,1,0.4375,-0.140625,0.0
1691,58,0,0.4375,0.109375,0.0
1692,58,1,1.46875,-0.390625,1.0
1693,59,1,2.84375,0.03125,0.0
1694,59,0,-1.25,-1.109375,1.0
1695,59,1,0.015625,-0.890625,0.0
1696,59,0,0.25,-1.546875,1.0
1697,59,1,-0.546875,-0.265625,1.0
1698,59,0,-0.890625,-0.15625,0.0
1699,59,1,1.609375,-1.859375,0.0
1700,59,0,0.21875,-0.578125,1.0
1701,59,1,0.765625,-1.703125,1.0
1702,59,0,0.34375,-2.96875,0.0
1703,59,0,-0.515625,-0.65625,1.0
1704,59,0,-0.71875,2.09375,0.0
1705,59,1,-0.25,-1.578125,1.0
1706,59,0,-1.0625,0.359375,1.0
1707,59,1,-1.25,1.203125,1.0
1708,59,0,-1.8125,-0.03125,0.0
1709,59,0,-0.265625,-0.015625,0.0
1710,59,1,-0.015625,-1.09375,1.0
1711,59,0,0.046875,-0.640625,1.0
1712,59,1,-0.71875,-0.6875,1.0
1713,59,1,0.75,-0.9375,1.0
1714,59,0,0.515625,0.328125,0.0
1715,59,1,0.265625,-2.296875,0.0
1716,59,0,1.515625,-0.640625,0.0
1717,59,0,0.71875,0.0,1.0
1718,59,1,2.671875,-0.46875,0.0
1719,59,0,-0.609375,0.1875,0.0
1720,59,0,0.1875,0.109375,0.0
1721,59,1,0.84375,-1.796875,1.0
1722,59,0,0.390625,-0.234375,0.0
1723,59,1,-0.0625,1.265625,1.0
1724,59,0,-0.8125,-0.328125,0.0
1725,59,0,0.484375,-0.5,1.0
1726,59,1,-1.234375,-1.46875,1.0
1727,59,0,-0.59375,0.328125,1.0
1728,59,0,0.875,-2.015625,0.0
1729,59,0,0.328125,-1.109375,0.0
1730,59,1,1.265625,1.1875,0.0
1731,60,1,-0.84375,-0.1875,1.0
1732,60,1,-0.65625,0.953125,1.0
1733,60,0,-0.75,-1.421875,0.0
1734,60,0,-1.71875,0.1875,1.0
1735,60,0,0.578125,-1.21875,1.0
1736,60,0,-0.046875,-0.75,0.0
1737,60,0,0.421875,-0.453125,1.0
1738,60,0,0.0625,-0.359375,0.0
1739,60,0,0.25,-0.65625,0.0
1740,60,1,0.59375,0.0625,0.0
1741,60,0,-1.0625,-0.828125,0.0
1742,60,0,-0.546875,-0.828125,0.0
1743,60,1,-0.015625,-0.78125,1.0
1744,60,0,-0.0625,-0.296875,0.0
1745,60,0,0.703125,-1.75,0.0
1746,60,0,-0.03125,0.328125,0.0
1747,60,0,-1.03125,-2.3125,0.0
1748,60,0,0.296875,0.703125,0.0
1749,60,0,-0.40625,-0.796875,1.0
1750,60,0,-1.296875,-0.53125,0.0
1751,60,1,1.21875,-0.4375,1.0
1752,60,1,0.203125,-1.375,1.0
1753,60,0,-0.71875,-0.203125,0.0
1754,60,0,-0.484375,-0.25,0.0
1755,60,0,-0.640625,-0.578125,1.0
1756,60,0,0.203125,1.1875,0.0
1757,60,0,0.796875,-0.84375,0.0
1758,60,0,-0.046875,-0.046875,0.0
1759,60,0,-0.4375,0.8125,1.0
1760,60,0,0.96875,1.171875,0.0
1761,60,0,-0.71875,-0.46875,0.0
1762,60,1,-0.171875,-0.9375,1.0
1763,60,1,-0.03125,-1.046875,0.0
1764,60,0,-2.34375,-0.890625,0.0
1765,60,1,0.796875,-0.015625,0.0
1766,60,1,-0.59375,-2.046875,1.0
1767,60,0,2.734375,-0.390625,0.0
1768,60,1,-0.390625,0.390625,0.0
1769,60,1,0.515625,0.5625,1.0
1770,61,0,0.65625,1.4375,0.0
1771,61,1,0.609375,-1.671875,1.0
1772,61,1,-0.875,-1.0,1.0
1773,61,1,-0.1875,1.640625,0.0
1774,61,1,1.859375,0.4375,1.0
1775,61,0,-0.8125,-0.84375,0.0
1776,61,1,-0.484375,0.5625,0.0
1777,61,0,1.109375,1.8125,0.0
1778,61,1,-1.34375,-0.203125,1.0
1779,61,1,-0.546875,-1.015625,0.0
1780,61,1,1.59375,-0.953125,0.0
1781,61,1,0.4375,-0.90625,0.0
1782,61,1,0.765625,-0.4375,0.0
1783,61,0,0.21875,-0.734375,0.0
1784,61,0,0.015625,-1.1875,0.0
1785,61,0,-0.03125,0.046875,0.0
1786,61,1,-0.875,-0.421875,0.0
1787,61,0,-2.171875,0.96875,0.0
1788,61,0,0.65625,0.25,0.0
1789,61,0,-1.15625,-0.515625,1.0
1790,62,1,-0.59375,0.125,1.0
1791,62,1,0.0,1.0625,0.0
1792,62,0,0.96875,0.21875,0.0
1793,62,1,1.21875,-0.21875,0.0
1794,62,0,0.21875,-0.40625,1.0
1795,62,1,1.390625,-0.96875,0.0
1796,62,1,0.265625,-0.390625,0.0
1797,62,1,-1.375,1.515625,0.0
1798,62,1,1.40625,1.359375,1.0
1799,62,1,0.421875,0.28125,1.0
1800,62,1,-0.1875,0.46875,1.0
1801,62,1,-0.4375,0.984375,0.0
1802,62,0,1.203125,1.234375,1.0
1803,62,0,0.09375,-1.25,0.0
1804,62,1,1.4375,0.03125,0.0
1805,62,1,-0.21875,-0.875,1.0
1806,62,1,-0.90625,1.578125,0.0
1807,62,1,-0.71875,-0.234375,1.0
1808,62,0,-0.28125,0.40625,0.0
1809,62,1,1.421875,-0.875,0.0
1810,62,1,1.875,1.125,1.0
1811,63,0,1.828125,0.78125,0.0
1812,63,1,-0.71875,-1.1875,0.0
1813,63,0,-1.1875,0.8125,0.0
1814,63,1,0.109375,-0.546875,1.0
1815,63,0,-0.1875,0.3125,0.0
1816,63,1,0.625,-0.921875,1.0
1817,63,0,1.265625,-1.625,1.0
1818,63,1,-0.546875,0.421875,0.0
1819,63,0,-0.390625,-1.203125,0.0
1820,63,1,2.203125,0.28125,1.0
1821,63,0,0.5,0.421875,1.0
1822,63,1,-1.140625,0.359375,0.0
1823,63,1,1.03125,0.46875,1.0
1824,63,0,0.46875,0.8125,0.0
1825,63,0,-0.078125,0.234375,1.0
1826,63,0,0.71875,0.453125,0.0
1827,63,1,0.140625,0.046875,1.0
1828,63,0,0.1875,0.09375,0.0
1829,63,1,1.03125,-0.9375,1.0
1830,63,0,-0.015625,-0.8125,0.0
1831,63,1,0.0,0.359375,0.0
1832,63,0,-1.0625,-0.765625,0.0
1833,64,0,-1.578125,0.328125,0.0
1834,64,1,0.21875,0.046875,1.0
1835,64,1,0.96875,0.734375,0.0
1836,64,0,1.046875,-1.671875,1.0
1837,64,1,-0.65625,1.078125,1.0
1838,64,1,0.8125,-0.53125,1.0
1839,64,0,-0.21875,-0.375,0.0
1840,64,0,-2.140625,-0.78125,1.0
1841,64,1,-0.0625,-1.390625,0.0
1842,64,1,-0.109375,-0.8125,0.0
1843,64,0,0.125,-0.828125,0.0
1844,64,0,0.65625,-1.90625,1.0
1845,64,0,0.421875,-1.3125,0.0
1846,64,1,0.875,-1.234375,0.0
1847,64,0,0.21875,-0.265625,0.0
1848,64,0,0.921875,-1.03125,1.0
1849,64,0,-0.578125,-0.6875,0.0
1850,64,1,1.140625,0.359375,1.0
1851,64,1,-0.3125,-0.140625,0.0
1852,64,1,0.359375,-1.0625,0.0
1853,64,0,0.5,0.328125,1.0
1854,64,1,0.9375,-0.0625,1.0
1855,64,1,0.046875,-0.3125,0.0
1856,65,0,-1.078125,0.90625,1.0
1857,65,0,-2.625,0.15625,0.0
1858,65,1,-1.359375,-0.5625,1.0
1859,65,1,0.703125,0.0,0.0
1860,65,0,0.734375,-0.15625,0.0
1861,65,1,0.40625,0.296875,0.0
1862,65,0,-4.140625,-0.734375,0.0
1863,65,1,0.515625,0.078125,0.0
1864,65,0,0.640625,0.578125,0.0
1865,65,1,-0.15625,1.109375,0.0
1866,65,0,-0.453125,-0.3125,0.0
1867,65,0,1.390625,-1.984375,0.0
1868,65,0,-1.5,-2.5,0.0
1869,65,0,0.71875,-0.65625,0.0
1870,65,1,-0.125,0.328125,0.0
1871,65,1,0.78125,0.34375,0.0
1872,65,0,1.421875,-1.53125,0.0
1873,65,0,0.078125,-1.265625,0.0
1874,65,0,-0.84375,-0.875,0.0
1875,65,1,1.25,-0.140625,1.0
1876,65,0,-0.921875,-0.15625,1.0
1877,65,0,-0.578125,-0.5,0.0
1878,65,1,0.3125,-1.4375,1.0
1879,65,1,-0.25,0.078125,0.0
1880,66,0,1.078125,-0.171875,1.0
1881,66,0,-1.5625,-1.484375,1.0
1882,66,1,1.515625,-0.171875,1.0
1883,66,0,-0.546875,-1.78125,1.0
1884,66,0,0.25,-0.015625,0.0
1885,66,0,-1.171875,-1.1875,0.0
1886,66,0,0.78125,-1.65625,1.0
1887,66,0,1.625,-1.53125,0.0
1888,66,0,-0.015625,-2.015625,0.0
1889,66,0,-0.265625,-1.9375,0.0
1890,66,1,0.640625,-1.0,0.0
1891,66,0,-1.421875,-1.84375,1.0
1892,66,0,0.375,-0.609375,1.0
1893,66,1,-0.265625,-1.703125,0.0
1894,66,0,0.609375,1.015625,0.0
1895,66,0,1.546875,0.5,0.0
1896,66,1,0.984375,-2.078125,0.0
1897,66,0,1.046875,-1.078125,0.0
1898,66,0,-2.375,-1.4375,0.0
1899,66,0,1.171875,-0.796875,1.0
1900,66,0,-1.140625,-0.109375,0.0
1901,66,0,-1.421875,-2.703125,1.0
1902,66,0,0.1875,0.03125,1.0
1903,66,0,0.3125,-1.140625,1.0
1904,66,0,-1.34375,-0.375,1.0
1905,67,0,-0.5625,-0.359375,1.0
1906,67,0,-0.578125,-0.25,0.0
1907,67,0,0.5625,-0.75,0.0
1908,67,0,-1.71875,-1.421875,0.0
1909,67,1,0.28125,-0.390625,1.0
1910,67,0,0.484375,0.1875,0.0
1911,67,1,-0.53125,-0.109375,0.0
1912,67,1,1.328125,-0.015625,1.0
1913,67,1,0.1875,-1.4375,0.0
1914,67,1,1.328125,0.65625,0.0
1915,67,1,-0.8125,-0.890625,1.0
1916,67,1,0.625,0.46875,1.0
1917,67,1,1.953125,0.0,0.0
1918,67,0,-0.8125,0.984375,0.0
1919,67,0,-0.109375,-1.25,0.0
1920,67,1,-0.1875,0.9375,1.0
1921,67,0,0.453125,1.328125,0.0
1922,67,1,0.3125,-0.28125,0.0
1923,67,0,-0.59375,1.28125,0.0
1924,67,0,-1.203125,-0.859375,1.0
1925,67,0,1.96875,0.25,1.0
1926,67,0,-0.671875,-1.0,1.0
1927,67,1,-0.28125,0.96875,0.0
1928,67,0,0.203125,1.1875,1.0
1929,67,1,-0.109375,-0.84375,1.0
1930,67,1,1.75,-0.375,0.0
1931,68,0,-0.0625,1.0625,1.0
1932,68,0,0.03125,0.421875,1.0
1933,68,1,2.21875,2.125,1.0
1934,68,1,1.203125,-1.265625,0.0
1935,68,1,0.421875,-0.15625,0.0
1936,68,0,-1.578125,-0.328125,1.0
1937,68,1,0.125,0.6875,0.0
1938,68,1,-0.015625,0.3125,0.0
1939,68,0,-0.078125,0.140625,0.0
1940,68,0,0.15625,1.5,1.0
1941,68,0,-1.96875,1.5,1.0
1942,68,1,0.0625,0.34375,0.0
1943,68,0,-0.375,1.40625,0.0
1944,68,1,-0.359375,-0.015625,0.0
1945,68,0,-0.390625,2.515625,0.0
1946,68,1,-1.109375,0.3125,1.0
1947,68,1,0.515625,1.171875,0.0
1948,68,1,1.125,-0.421875,0.0
1949,68,1,0.453125,-0.703125,1.0
1950,68,0,0.28125,0.71875,0.0
1951,68,1,-0.390625,1.03125,0.0
1952,68,1,-0.71875,0.1875,0.0
1953,68,0,-0.734375,-0.109375,0.0
1954,68,1,0.46875,0.40625,0.0
1955,68,0,0.6875,-0.78125,0.0
1956,68,0,0.171875,1.28125,0.0
1957,68,1,-0.078125,0.984375,0.0
1958,69,0,-0.125,-0.09375,0.0
1959,69,0,-2.734375,0.4375,0.0
1960,69,1,-0.96875,-0.21875,1.0
1961,69,1,-1.453125,-1.0625,1.0
1962,69,1,-0.234375,-2.078125,0.0
1963,69,1,-0.515625,-0.703125,0.0
1964,69,1,0.9375,-0.15625,0.0
1965,69,0,0.140625,-0.46875,1.0
1966,69,1,-1.078125,-1.109375,1.0
1967,69,0,-0.484375,-0.3125,1.0
1968,69,0,-1.640625,1.015625,0.0
1969,69,0,-0.5,1.25,0.0
1970,69,0,-0.1875,0.1875,0.0
1971,69,1,-0.109375,-0.78125,0.0
1972,69,0,-2.703125,-1.0,0.0
1973,69,0,-0.46875,1.703125,0.0
1974,69,1,0.859375,0.15625,0.0
1975,69,0,0.59375,-1.125,1.0
1976,69,1,-0.078125,-0.140625,1.0
1977,69,0,-0.71875,-1.640625,0.0
1978,69,1,0.90625,-1.296875,0.0
1979,69,1,0.34375,0.046875,0.0
1980,69,1,1.40625,0.078125,0.0
1981,69,0,-1.96875,1.21875,0.0
1982,69,1,-0.234375,1.0,1.0
1983,69,0,0.75,-0.703125,0.0
1984,69,1,0.484375,-1.078125,0.0
1985,69,0,0.71875,-0.90625,0.0
1986,70,1,0.484375,-0.25,1.0
1987,70,0,-1.109375,-0.203125,1.0
1988,70,0,1.203125,-0.578125,0.0
1989,70,0,-2.5625,-0.296875,1.0
1990,70,0,2.140625,1.4375,0.0
1991,70,0,0.3125,-0.171875,0.0
1992,70,0,-1.625,0.515625,0.0
1993,70,0,-0.84375,-1.515625,0.0
1994,70,0,-0.84375,0.4375,0.0
1995,70,1,0.453125,-0.625,0.0
1996,70,1,-0.046875,-0.4375,0.0
1997,70,1,0.171875,-1.34375,1.0
1998,70,0,0.71875,0.234375,0.0
1999,70,0,0.5,-0.375,0.0
2000,70,1,1.015625,-0.5625,0.0
2001,70,1,0.921875,-1.4375,0.0
2002,70,1,-0.125,0.390625,0.0
2003,70,1,-2.65625,-0.875,1.0
2004,70,0,-0.875,-0.71875,0.0
2005,70,1,-0.421875,0.1875,1.0
2006,70,1,1.765625,-0.046875,0.0
2007,70,0,-0.9375,-1.734375,1.0
2008,70,0,0.984375,1.25,1.0
2009,70,0,-1.5625,0.234375,1.0
2010,70,0,1.109375,-0.203125,0.0
2011,70,1,-1.0625,-0.515625,0.0
2012,70,1,0.953125,0.515625,0.0
2013,70,0,0.734375,-0.34375,1.0
2014,70,0,-0.625,0.203125,1.0
2015,71,1,-0.859375,0.984375,1.0
2016,71,1,-0.390625,-0.703125,0.0
2017,71,0,-2.328125,0.625,1.0
2018,71,0,-0.75,-1.84375,0.0
2019,71,0,0.21875,2.015625,0.0
2020,71,0,0.625,-1.65625,0.0
2021,71,0,0.34375,-0.8125,0.0
2022,71,1,2.171875,-2.375,0.0
2023,71,1,2.171875,-1.15625,0.0
2024,71,0,-0.796875,-1.28125,0.0
2025,71,0,-0.328125,0.34375,1.0
2026,71,0,-1.5625,-0.078125,0.0
2027,71,0,-0.875,-0.703125,0.0
2028,71,1,1.796875,0.84375,0.0
2029,71,0,-1.640625,0.984375,0.0
2030,71,0,-0.125,-0.53125,1.0
2031,71,0,-1.671875,0.71875,1.0
2032,71,1,0.796875,-0.34375,1.0
2033,71,0,-0.234375,-0.546875,0.0
2034,71,1,-0.296875,-0.90625,1.0
2035,71,1,0.328125,0.890625,1.0
2036,71,1,1.234375,-1.765625,1.0
2037,71,0,-1.703125,-0.96875,1.0
2038,71,0,0.578125,-0.453125,0.0
2039,71,1,-0.0625,-0.375,1.0
2040,71,0,0.1875,0.8125,0.0
2041,71,0,0.953125,-0.390625,0.0
2042,71,1,1.203125,-0.171875,1.0
2043,71,0,0.6875,-0.390625,1.0
2044,71,1,2.5625,-0.390625,1.0
2045,72,0,-0.171875,0.390625,1.0
2046,72,0,-0.25,-1.0,0.0
2047,72,1,1.125,-1.03125,1.0
2048,72,1,-0.796875,0.34375,1.0
2049,72,0,-1.0625,-0.125,1.0
2050,72,1,-2.171875,-0.78125,1.0
2051,72,0,-0.140625,0.375,1.0
2052,72,0,-1.453125,-1.21875,1.0
2053,72,1,-0.046875,0.40625,1.0
2054,72,1,2.09375,0.34375,1.0
2055,72,0,0.625,-0.359375,1.0
2056,72,0,0.09375,-0.671875,0.0
2057,72,1,1.421875,-0.71875,1.0
2058,72,0,0.390625,0.03125,0.0
2059,72,0,2.078125,0.9375,0.0
2060,72,0,0.421875,-0.796875,0.0
2061,72,1,1.328125,-0.78125,0.0
2062,72,0,0.296875,-1.359375,1.0
2063,72,1,-0.015625,-1.0625,1.0
2064,72,0,0.4375,-0.921875,0.0
2065,72,0,1.1875,0.640625,0.0
2066,72,0,1.515625,-1.140625,0.0
2067,72,1,0.203125,-0.65625,1.0
2068,72,1,0.140625,-2.140625,1.0
2069,72,0,-0.78125,0.453125,1.0
2070,72,1,1.40625,-0.890625,0.0
2071,72,1,0.359375,-0.453125,1.0
2072,72,1,0.984375,2.0,1.0
2073,72,0,-0.3125,0.234375,0.0
2074,72,0,-0.21875,0.0,1.0
2075,72,0,1.40625,-0.359375,1.0
2076,73,1,1.578125,1.3125,0.0
2077,73,1,1.3125,-0.046875,1.0
2078,73,1,-2.953125,-0.078125,0.0
2079,73,1,-1.5,-0.34375,0.0
2080,73,0,-0.265625,1.6875,0.0
2081,73,1,0.4375,-0.421875,0.0
2082,73,1,1.125,-1.53125,0.0
2083,73,0,-1.78125,0.921875,0.0
2084,73,1,0.296875,0.703125,0.0
2085,73,1,-1.59375,-0.15625,1.0
2086,73,1,-0.140625,-1.125,1.0
2087,73,1,0.03125,0.953125,0.0
2088,73,1,0.734375,-1.15625,0.0
2089,73,1,0.09375,-0.96875,1.0
2090,73,1,2.140625,-0.609375,0.0
2091,73,1,-0.328125,0.1875,1.0
2092,73,1,1.609375,-0.234375,1.0
2093,73,0,-0.140625,0.0625,0.0
2094,73,1,0.015625,2.71875,0.0
2095,73,0,-1.609375,1.078125,0.0
2096,73,1,2.1875,0.234375,1.0
2097,73,1,0.34375,0.21875,1.0
2098,73,1,0.265625,0.71875,1.0
2099,73,1,0.828125,1.578125,1.0
2100,73,0,-1.84375,0.6875,0.0
2101,73,1,0.203125,-2.015625,0.0
2102,73,1,-0.015625,-1.15625,0.0
2103,73,1,-1.265625,0.359375,0.0
2104,73,0,-2.515625,-0.25,1.0
2105,73,1,0.703125,-2.078125,1.0
2106,73,0,1.234375,1.140625,0.0
2107,73,1,-0.890625,1.3125,1.0
2108,74,0,-0.75,-0.90625,0.0
2109,74,1,0.375,-2.578125,0.0
2110,74,0,-0.671875,-0.390625,0.0
2111,74,0,-0.203125,1.765625,0.0
2112,74,0,-1.171875,-0.5,0.0
2113,74,0,-0.234375,-0.78125,1.0
2114,74,0,-0.40625,0.984375,1.0
2115,74,0,0.328125,-2.03125,0.0
2116,74,0,1.625,-0.484375,0.0
2117,74,0,0.0,-2.453125,1.0
2118,74,0,-0.390625,-1.625,0.0
2119,74,0,-1.5,-1.828125,0.0
2120,74,0,-0.296875,1.0,0.0
2121,74,0,0.6875,-0.515625,0.0
2122,74,0,-0.359375,-1.609375,0.0
2123,74,0,1.40625,-1.140625,0.0
2124,74,1,-0.59375,-1.546875,1.0
2125,74,0,0.3125,-0.0625,1.0
2126,74,1,1.09375,-1.71875,0.0
2127,74,0,-0.34375,-1.015625,0.0
2128,74,0,0.46875,-0.875,0.0
2129,74,0,-0.609375,-1.734375,0.0
2130,74,0,-0.6875,-0.984375,1.0
2131,74,0,0.546875,0.265625,0.0
2132,74,0,-1.5625,-0.53125,0.0
2133,74,1,0.375,-0.84375,1.0
2134,74,0,0.125,0.375,0.0
2135,74,0,-0.71875,-0.328125,1.0
2136,74,0,1.265625,-0.78125,0.0
2137,74,1,-1.34375,-0.078125,1.0
2138,74,1,0.28125,-0.90625,1.0
2139,74,0,0.75,-1.4375,1.0
2140,74,0,0.359375,-0.171875,0.0
2141,75,0,-0.03125,-1.734375,1.0
2142,75,0,0.09375,0.0,0.0
2143,75,0,0.359375,0.234375,0.0
2144,75,0,-0.1875,-1.0,0.0
2145,75,0,-1.46875,0.390625,0.0
2146,75,0,0.125,0.75,1.0
2147,75,0,-1.09375,-0.40625,0.0
2148,75,1,-0.46875,0.765625,1.0
2149,75,0,-1.0625,-0.46875,0.0
2150,75,0,0.109375,-0.25,1.0
2151,75,0,-0.203125,0.046875,0.0
2152,75,0,-0.96875,-1.390625,0.0
2153,75,0,-0.46875,-2.9375,0.0
2154,75,0,-1.4375,0.375,0.0
2155,75,0,-0.84375,-0.59375,0.0
2156,75,0,0.5,0.953125,0.0
2157,75,0,0.359375,0.921875,1.0
2158,75,0,-0.125,-0.6875,0.0
2159,75,0,-0.171875,-1.59375,0.0
2160,75,1,-1.390625,-1.265625,0.0
2161,75,0,-1.421875,-2.234375,0.0
2162,75,1,1.15625,-1.296875,0.0
2163,75,1,-0.171875,-1.765625,0.0
2164,75,0,-0.359375,0.734375,0.0
2165,75,1,-1.875,0.796875,0.0
2166,75,0,0.1875,0.0625,0.0
2167,75,0,-0.390625,0.046875,0.0
2168,75,0,0.96875,-0.875,0.0
2169,75,0,-0.765625,-0.296875,0.0
2170,75,0,-0.46875,-0.59375,1.0
2171,75,1,0.078125,-1.0,0.0
2172,75,1,-0.109375,0.296875,0.0
2173,75,0,-0.140625,-0.1875,0.0
2174,75,0,-0.28125,-1.265625,0.0
2175,76,1,0.765625,-1.9375,0.0
2176,76,0,1.0,-0.171875,0.0
2177,76,0,0.71875,-0.328125,0.0
2178,76,1,-0.953125,-1.375,1.0
2179,76,1,2.578125,-0.9375,1.0
2180,76,0,0.90625,0.625,0.0
2181,76,0,-1.953125,0.421875,1.0
2182,76,1,-0.375,-0.6875,0.0
2183,76,1,1.90625,-2.5,0.0
2184,76,1,-0.546875,-0.328125,0.0
2185,76,1,-0.328125,1.171875,1.0
2186,76,0,-0.890625,0.09375,1.0
2187,76,0,-0.015625,-1.328125,0.0
2188,76,0,0.03125,1.1875,0.0
2189,76,0,0.34375,-0.859375,0.0
2190,76,0,0.90625,0.84375,0.0
2191,76,0,-0.21875,0.328125,0.0
2192,76,1,0.234375,0.125,1.0
2193,76,0,-0.984375,-1.5625,0.0
2194,76,0,-1.4375,-1.25,0.0
2195,76,0,-0.59375,-1.359375,0.0
2196,76,1,-0.234375,0.765625,0.0
2197,76,0,-0.578125,-1.265625,0.0
2198,76,0,-0.875,-1.296875,0.0
2199,76,0,-2.328125,-0.515625,0.0
2200,76,0,-0.046875,0.734375,1.0
2201,76,0,-1.03125,-0.890625,0.0
2202,76,0,-0.75,-0.65625,1.0
2203,76,0,0.25,1.703125,1.0
2204,76,0,-0.859375,-0.453125,0.0
2205,76,0,1.703125,0.59375,0.0
2206,76,1,-0.5,-1.1875,1.0
2207,76,1,-0.328125,0.546875,0.0
2208,76,0,-3.09375,1.203125,0.0
2209,76,0,-1.59375,-0.421875,0.0
2210,77,0,-0.234375,0.25,0.0
2211,77,1,-1.375,0.5,1.0
2212,77,0,-0.234375,-2.390625,0.0
2213,77,0,1.34375,0.3125,0.0
2214,77,1,-0.453125,0.078125,0.0
2215,77,1,1.078125,0.0,0.0
2216,77,1,1.46875,-0.0625,1.0
2217,77,0,0.109375,0.109375,0.0
2218,77,1,1.578125,-1.640625,1.0
2219,77,1,0.84375,-0.015625,0.0
2220,77,0,1.0625,1.96875,0.0
2221,77,0,-0.65625,0.0625,1.0
2222,77,1,-0.515625,-0.40625,0.0
2223,77,1,-1.140625,1.375,1.0
2224,77,1,0.609375,-0.453125,1.0
2225,77,0,-1.046875,0.734375,1.0
2226,77,0,0.6875,-0.21875,0.0
2227,77,0,-1.34375,1.03125,1.0
2228,77,0,-0.078125,-0.1875,1.0
2229,77,0,-1.03125,1.203125,0.0
2230,77,1,-0.4375,0.71875,0.0
2231,77,0,0.828125,-1.203125,1.0
2232,77,1,-1.734375,0.609375,1.0
2233,77,1,-1.28125,0.375,0.0
2234,77,1,0.0,-0.453125,1.0
2235,77,0,1.34375,-1.09375,0.0
2236,77,0,0.71875,-0.78125,0.0
2237,77,0,-1.6875,-0.296875,0.0
2238,77,1,-1.03125,-1.40625,0.0
2239,77,1,-0.15625,-0.265625,1.0
2240,77,1,0.609375,-2.375,1.0
2241,77,1,0.3125,-1.0,0.0
2242,77,1,0.265625,0.03125,0.0
2243,77,0,0.734375,0.390625,0.0
2244,77,1,-0.1875,0.640625,0.0
2245,77,1,-1.390625,-1.046875,1.0
2246,78,0,0.859375,-1.3125,0.0
2247,78,1,0.140625,-1.40625,0.0
2248,78,1,-0.203125,-1.578125,1.0
2249,78,0,0.6875,1.390625,0.0
2250,78,0,-0.46875,0.1875,0.0
2251,78,1,-0.171875,-1.28125,0.0
2252,78,1,0.40625,-0.625,0.0
2253,78,1,-0.828125,-1.484375,1.0
2254,78,1,-0.421875,-0.140625,1.0
2255,78,0,-0.671875,1.234375,0.0
2256,78,1,-0.59375,0.59375,0.0
2257,78,0,0.6875,-0.46875,0.0
2258,78,1,-0.03125,-0.1875,1.0
2259,78,0,-0.484375,0.40625,0.0
2260,78,0,1.375,-0.46875,1.0
2261,78,0,-0.046875,0.328125,0.0
2262,78,1,1.203125,-0.625,1.0
2263,78,0,-0.875,0.609375,1.0
2264,78,1,0.3125,0.859375,1.0
2265,78,1,-0.40625,-0.03125,0.0
2266,78,0,0.5625,2.328125,1.0
2267,78,1,0.125,0.453125,0.0
2268,78,1,-1.21875,-0.1875,1.0
2269,78,0,1.015625,-1.375,0.0
2270,78,0,-1.859375,0.875,0.0
2271,78,1,1.015625,0.34375,0.0
2272,78,0,-0.234375,0.8125,0.0
2273,78,1,0.390625,0.125,1.0
2274,78,1,1.828125,2.078125,0.0
2275,78,0,-0.40625,-0.40625,1.0
2276,78,1,0.84375,1.359375,0.0
2277,78,0,-0.625,-0.5,0.0
2278,78,0,0.125,0.21875,0.0
2279,78,0,0.46875,-0.53125,1.0
2280,78,1,0.21875,-1.109375,1.0
2281,78,1,1.203125,1.25,1.0
2282,78,1,-0.671875,-0.640625,1.0
2283,79,1,2.4375,-2.1875,0.0
2284,79,1,-0.75,0.828125,1.0
2285,79,1,-0.015625,-1.21875,1.0
2286,79,0,-0.53125,-0.09375,0.0
2287,79,0,-0.34375,-1.5,1.0
2288,79,0,-1.890625,2.0,0.0
2289,79,1,0.609375,-1.921875,1.0
2290,79,1,2.140625,-1.53125,0.0
2291,79,0,1.84375,-0.3125,0.0
2292,79,1,1.109375,0.0625,1.0
2293,79,0,1.171875,0.546875,0.0
2294,79,0,-0.15625,-0.984375,1.0
2295,79,0,-1.109375,-1.328125,0.0
2296,79,0,-1.46875,0.328125,1.0
2297,79,1,0.0625,-0.6875,0.0
2298,79,0,-1.984375,1.65625,0.0
2299,79,1,-0.25,-1.359375,1.0
2300,79,0,-2.578125,-1.59375,1.0
2301,79,0,-0.453125,-2.125,0.0
2302,79,0,-0.234375,0.015625,0.0
2303,79,1,-0.484375,-0.515625,0.0
2304,79,0,0.75,0.15625,1.0
2305,79,0,0.078125,-1.71875,0.0
2306,79,1,1.453125,-0.125,0.0
2307,79,1,-0.453125,-0.984375,0.0
2308,79,1,0.234375,-0.9375,0.0
2309,79,1,1.015625,-0.9375,1.0
2310,79,1,-0.578125,-1.34375,0.0
2311,79,0,-0.4375,0.296875,0.0
2312,79,0,-1.125,-0.09375,0.0
2313,79,1,0.234375,-0.59375,0.0
2314,79,0,-1.3125,-1.09375,0.0
2315,79,0,1.21875,0.484375,1.0
2316,79,1,-1.640625,-0.984375,1.0
2317,79,1,-0.328125,1.734375,1.0
2318,79,0,-1.5,-0.765625,1.0
2319,79,0,-0.578125,0.171875,0.0
2320,79,0,0.796875,1.921875,0.0
2321,80,0,0.59375,-2.015625,0.0
2322,80,0,1.265625,0.796875,0.0
2323,80,0,0.984375,0.09375,1.0
2324,80,0,-3.234375,1.828125,0.0
2325,80,0,0.890625,-1.015625,0.0
2326,80,0,-0.078125,-0.453125,1.0
2327,80,0,-0.140625,-3.0,1.0
2328,80,0,-0.125,-1.390625,0.0
2329,80,1,0.078125,0.15625,0.0
2330,80,1,-0.203125,-1.265625,1.0
2331,80,0,-0.203125,-1.5,0.0
2332,80,1,-0.21875,-0.9375,1.0
2333,80,0,-0.3125,-0.453125,1.0
2334,80,0,-0.53125,-0.078125,1.0
2335,80,0,-0.8125,0.515625,0.0
2336,80,0,-1.375,0.84375,1.0
2337,80,0,-0.203125,-1.109375,1.0
2338,80,0,0.078125,-0.46875,1.0
2339,80,0,-0.640625,-1.140625,0.0
2340,80,0,1.53125,0.015625,1.0
2341,80,0,-0.84375,-1.109375,1.0
2342,80,0,-0.640625,-1.453125,1.0
2343,80,0,-1.71875,-1.015625,0.0
2344,80,1,0.015625,-0.765625,0.0
2345,80,0,-0.71875,-1.015625,0.0
2346,80,1,-1.453125,-0.078125,1.0
2347,80,1,-1.140625,-1.734375,1.0
2348,80,0,0.546875,-0.171875,1.0
2349,80,0,-0.9375,-1.078125,1.0
2350,80,0,1.21875,-0.390625,0.0
2351,80,1,0.75,-1.078125,0.0
2352,80,1,-0.703125,-1.015625,1.0
2353,80,1,-0.375,0.109375,1.0
2354,80,0,0.171875,0.65625,1.0
2355,80,0,0.015625,-1.328125,0.0
2356,80,0,1.6875,-1.59375,0.0
2357,80,1,0.03125,-1.390625,0.0
2358,80,0,-1.90625,-2.015625,0.0
2359,80,1,-0.609375,-2.3125,1.0
2360,81,0,0.3125,1.765625,0.0
2361,81,0,-1.265625,-0.0625,0.0
2362,81,0,-0.265625,0.609375,0.0
2363,81,1,0.03125,0.984375,1.0
2364,81,1,-1.46875,-0.703125,1.0
2365,81,0,-0.296875,0.296875,0.0
2366,81,0,-0.671875,-1.15625,0.0
2367,81,0,-0.984375,0.375,0.0
2368,81,1,-1.015625,0.90625,0.0
2369,81,1,1.03125,-0.171875,1.0
2370,81,1,1.21875,-1.171875,0.0
2371,81,1,-1.015625,-1.96875,0.0
2372,81,0,-1.4375,0.28125,0.0
2373,81,1,0.59375,0.96875,0.0
2374,81,1,-0.9375,1.1875,0.0
2375,81,1,1.140625,-1.515625,0.0
2376,81,0,0.71875,0.671875,0.0
2377,81,0,1.234375,2.5625,1.0
2378,81,1,-0.3125,0.9375,1.0
2379,81,1,-1.78125,-0.28125,0.0
2380,82,0,-0.84375,-0.953125,0.0
2381,82,1,-1.046875,-1.671875,1.0
2382,82,0,-1.375,-0.375,0.0
2383,82,0,-1.359375,-0.90625,0.0
2384,82,0,0.59375,-1.375,1.0
2385,82,0,-1.703125,-1.6875,0.0
2386,82,0,0.78125,-0.5,0.0
2387,82,0,0.078125,0.828125,0.0
2388,82,0,0.078125,0.609375,1.0
2389,82,0,-1.5,-1.578125,0.0
2390,82,0,0.109375,-1.9375,0.0
2391,82,0,0.515625,-1.625,1.0
2392,82,1,0.5625,-0.984375,0.0
2393,82,1,2.484375,-1.15625,0.0
2394,82,0,-0.140625,0.59375,0.0
2395,82,1,-0.6875,-1.234375,1.0
2396,82,1,0.953125,0.015625,1.0
2397,82,1,0.515625,-1.90625,1.0
2398,82,0,0.609375,0.03125,1.0
2399,82,0,-0.140625,0.6875,0.0
2400,82,1,2.96875,-0.625,0.0
2401,83,1,-0.046875,0.5,0.0
2402,83,0,-1.234375,-0.15625,0.0
2403,83,1,-0.921875,-0.09375,0.0
2404,83,0,-0.765625,-1.578125,1.0
2405,83,0,0.234375,0.671875,0.0
2406,83,1,-0.171875,-0.203125,1.0
2407,83,0,1.5,-1.1875,1.0
2408,83,0,-0.546875,-0.90625,1.0
2409,83,0,-0.359375,-1.984375,0.0
2410,83,0,-1.15625,-1.671875,0.0
2411,83,1,-0.171875,-0.421875,1.0
2412,83,1,1.390625,0.046875,1.0
2413,83,0,0.46875,0.953125,0.0
2414,83,0,-1.6875,1.109375,0.0
2415,83,1,0.4375,0.8125,0.0
2416,83,1,-2.046875,-0.578125,1.0
2417,83,0,-1.9375,0.109375,0.0
2418,83,0,0.96875,-1.375,0.0
2419,83,1,0.0625,-0.65625,0.0
2420,83,0,0.53125,1.671875,1.0
2421,83,0,1.421875,-0.234375,0.0
2422,83,1,1.125,-0.484375,1.0
2423,84,0,0.375,-0.125,1.0
2424,84,1,0.734375,-0.484375,1.0
2425,84,0,1.484375,0.25,1.0
2426,84,1,-1.203125,-0.640625,1.0
2427,84,1,1.15625,-1.53125,0.0
2428,84,0,0.421875,-1.4375,1.0
2429,84,1,1.640625,0.703125,0.0
2430,84,0,-0.78125,-0.765625,1.0
2431,84,0,1.203125,0.28125,0.0
2432,84,1,0.34375,-1.359375,1.0
2433,84,0,-1.375,-0.28125,1.0
2434,84,0,0.03125,-0.515625,0.0
2435,84,0,-1.90625,-1.203125,0.0
2436,84,1,-1.6875,-0.84375,1.0
2437,84,1,-0.1875,-2.015625,0.0
2438,84,1,-2.71875,-0.84375,1.0
2439,84,0,-0.265625,-0.8125,0.0
2440,84,1,0.390625,-1.40625,1.0
2441,84,1,0.375,0.171875,1.0
2442,84,0,0.59375,1.765625,0.0
2443,84,1,-0.59375,-0.859375,0.0
2444,84,0,-1.140625,-0.109375,0.0
2445,84,1,-1.5,-1.609375,0.0
2446,85,1,-0.3125,-2.390625,0.0
2447,85,0,-0.40625,-0.765625,0.0
2448,85,0,0.890625,-0.1875,0.0
2449,85,1,1.828125,-1.046875,1.0
2450,85,0,-0.171875,-0.3125,1.0
2451,85,0,-0.515625,-0.328125,0.0
2452,85,0,0.203125,0.0,0.0
2453,85,0,-0.453125,0.546875,0.0
2454,85,0,1.40625,-0.84375,1.0
2455,85,0,-0.59375,0.5,1.0
2456,85,0,-1.046875,-1.015625,1.0
2457,85,0,0.25,-0.125,0.0
2458,85,0,0.078125,-0.078125,0.0
2459,85,1,0.171875,-0.296875,1.0
2460,85,0,0.71875,-1.15625,0.0
2461,85,0,0.75,-0.40625,0.0
2462,85,0,-1.796875,1.234375,1.0
2463,85,1,-0.953125,0.390625,0.0
2464,85,0,0.703125,-1.65625,0.0
2465,85,0,-1.109375,-1.0625,0.0
2466,85,0,-0.015625,-2.140625,1.0
2467,85,1,-0.265625,-2.125,0.0
2468,85,0,-2.640625,0.109375,1.0
2469,85,0,0.015625,-0.765625,1.0
2470,86,1,0.296875,0.28125,0.0
2471,86,1,0.28125,-0.21875,0.0
2472,86,0,-1.34375,-0.1875,0.0
2473,86,0,-0.53125,-0.453125,0.0
2474,86,0,-0.625,1.8125,1.0
2475,86,0,-0.25,0.09375,0.0
2476,86,0,-1.015625,-0.21875,0.0
2477,86,0,0.328125,0.0,0.0
2478,86,1,0.90625,0.390625,1.0
2479,86,1,-1.6875,1.25,1.0
2480,86,0,1.046875,-0.859375,0.0
2481,86,0,-0.109375,0.515625,0.0
2482,86,1,-0.59375,-1.484375,0.0
2483,86,1,-0.890625,-3.0,1.0
2484,86,0,1.21875,0.25,0.0
2485,86,0,-1.265625,1.5,0.0
2486,86,1,0.328125,2.171875,1.0
2487,86,0,0.015625,-0.359375,0.0
2488,86,1,2.390625,-0.0625,0.0
2489,86,0,-0.3125,-1.0,0.0
2490,86,0,-0.296875,0.265625,0.0
2491,86,1,0.546875,0.890625,1.0
2492,86,1,-1.59375,-1.5,1.0
2493,86,0,-0.703125,0.078125,0.0
2494,86,0,0.125,-0.921875,0.0
2495,87,1,-0.015625,-0.203125,0.0
2496,87,0,0.671875,0.046875,0.0
2497,87,1,-0.234375,-0.515625,0.0
2498,87,1,-0.765625,0.78125,0.0
2499,87,0,-0.671875,3.03125,0.0
2500,87,0,-0.71875,1.515625,0.0
2501,87,1,0.734375,0.21875,1.0
2502,87,1,0.734375,0.109375,1.0
2503,87,0,0.546875,1.25,1.0
2504,87,0,0.359375,0.65625,0.0
2505,87,1,-0.09375,-1.21875,0.0
2506,87,0,-1.140625,-0.828125,0.0
2507,87,1,-0.03125,-2.09375,0.0
2508,87,1,1.25,0.140625,1.0
2509,87,1,-0.1875,1.984375,0.0
2510,87,1,0.109375,-1.75,1.0
2511,87,1,-1.421875,2.34375,0.0
2512,87,1,-0.5,0.796875,0.0
2513,87,1,1.8125,0.890625,1.0
2514,87,0,0.046875,0.328125,0.0
2515,87,1,-0.078125,1.296875,0.0
2516,87,0,-0.828125,0.484375,0.0
2517,87,1,1.234375,0.65625,1.0
2518,87,0,2.078125,2.984375,0.0
2519,87,1,-0.21875,0.421875,0.0
2520,87,1,-1.0,0.515625,1.0
2521,88,1,0.25,-1.09375,0.0
2522,88,0,0.5625,1.140625,0.0
2523,88,0,0.8125,-1.015625,1.0
2524,88,1,0.265625,-0.796875,1.0
2525,88,0,-2.203125,0.671875,0.0
2526,88,1,0.40625,1.09375,0.0
2527,88,0,-1.0625,-0.34375,0.0
2528,88,1,-0.40625,-0.671875,1.0
2529,88,1,0.234375,-1.375,0.0
2530,88,1,-0.40625,-0.640625,1.0
2531,88,1,1.203125,-1.71875,1.0
2532,88,0,-1.96875,0.046875,0.0
2533,88,1,-0.875,-2.203125,1.0
2534,88,1,1.0625,-1.328125,0.0
2535,88,0,-1.265625,0.140625,0.0
2536,88,0,-1.0625,-0.9375,0.0
2537,88,1,-0.03125,-0.5625,1.0
2538,88,1,1.8125,1.203125,0.0
2539,88,0,0.078125,-0.71875,1.0
2540,88,0,0.671875,-0.328125,0.0
2541,88,0,-0.796875,0.296875,1.0
2542,88,0,-0.765625,-0.75,0.0
2543,88,0,1.46875,0.390625,0.0
2544,88,0,0.6875,0.953125,1.0
2545,88,0,1.53125,0.265625,0.0
2546,88,1,-0.265625,0.046875,1.0
2547,88,0,-0.421875,-0.578125,0.0
2548,89,1,1.953125,-1.6875,0.0
2549,89,1,0.453125,1.125,1.0
2550,89,0,0.6875,-0.171875,0.0
2551,89,1,-0.125,0.390625,0.0
2552,89,0,-0.578125,0.875,0.0
2553,89,0,2.1875,-2.203125,0.0
2554,89,0,-0.1875,0.4375,1.0
2555,89,0,0.078125,0.328125,0.0
2556,89,0,0.15625,0.046875,1.0
2557,89,0,-1.546875,-0.84375,1.0
2558,89,1,-0.171875,0.40625,1.0
2559,89,0,-1.53125,0.875,1.0
2560,89,0,0.578125,0.578125,0.0
2561,89,0,0.5625,-1.015625,0.0
2562,89,1,0.265625,-0.703125,1.0
2563,89,1,-0.765625,-2.125,0.0
2564,89,0,1.53125,-0.953125,0.0
2565,89,0,0.046875,-0.390625,1.0
2566,89,0,1.328125,-0.9375,0.0
2567,89,1,0.984375,-1.84375,1.0
2568,89,1,-2.09375,-1.25,1.0
2569,89,1,0.03125,-0.28125,0.0
2570,89,0,-2.171875,-0.21875,0.0
2571,89,1,0.4375,-0.84375,0.0
2572,89,1,0.546875,1.375,1.0
2573,89,0,-0.625,-1.046875,0.0
2574,89,1,0.046875,-1.21875,1.0
2575,89,0,-0.765625,0.40625,0.0
2576,90,0,1.21875,0.3125,1.0
2577,90,0,-0.515625,1.4375,1.0
2578,90,0,-0.34375,-1.03125,0.0
2579,90,1,0.5,-1.890625,1.0
2580,90,0,0.25,-0.171875,0.0
2581,90,1,-2.515625,0.1875,1.0
2582,90,0,-1.390625,0.8125,1.0
2583,90,0,-1.390625,0.609375,0.0
2584,90,1,0.984375,-0.671875,0.0
2585,90,0,-0.203125,0.6875,0.0
2586,90,0,0.1875,-0.953125,1.0
2587,90,1,0.90625,1.875,1.0
2588,90,1,-0.171875,-0.3125,1.0
2589,90,1,1.59375,-0.71875,0.0
2590,90,0,-0.078125,-0.296875,0.0
2591,90,1,-0.625,0.171875,0.0
2592,90,1,1.296875,0.671875,1.0
2593,90,1,1.015625,-0.75,0.0
2594,90,1,-0.265625,-0.96875,1.0
2595,90,0,-0.796875,-0.703125,0.0
2596,90,0,0.34375,1.28125,0.0
2597,90,0,1.453125,0.890625,0.0
2598,90,1,-1.078125,1.21875,1.0
2599,90,0,-2.484375,-0.328125,0.0
2600,90,0,0.265625,0.53125,0.0
2601,90,1,0.796875,-2.015625,1.0
2602,90,1,-0.265625,0.171875,1.0
2603,90,0,0.1875,1.765625,0.0
2604,90,1,1.890625,-1.90625,0.0
2605,91,0,1.03125,0.0,1.0
2606,91,1,-0.859375,-0.4375,1.0
2607,91,0,-0.296875,-0.53125,1.0
2608,91,1,0.0625,-2.65625,0.0
2609,91,1,1.109375,-0.9375,1.0
2610,91,1,0.125,0.21875,0.0
2611,91,0,-0.859375,-0.4375,0.0
2612,91,1,-0.328125,-1.53125,0.0
2613,91,0,1.1875,-0.265625,0.0
2614,91,0,-1.296875,0.34375,1.0
2615,91,0,-1.234375,0.109375,1.0
2616,91,0,-1.078125,-2.046875,0.0
2617,91,1,-2.375,-2.09375,0.0
2618,91,0,-0.71875,-0.53125,0.0
2619,91,1,-0.046875,-1.109375,1.0
2620,91,0,-0.015625,1.0,0.0
2621,91,0,0.546875,-1.109375,0.0
2622,91,0,1.09375,1.15625,0.0
2623,91,0,-0.359375,-1.859375,1.0
2624,91,1,1.421875,-0.0625,1.0
2625,91,0,1.296875,-1.375,0.0
2626,91,1,0.453125,-1.71875,1.0
2627,91,1,1.125,-2.4375,0.0
2628,91,1,-1.3125,-1.109375,0.0
2629,91,0,0.078125,-1.671875,0.0
2630,91,1,1.34375,-1.015625,1.0
2631,91,0,0.328125,0.78125,1.0
2632,91,1,-0.203125,0.328125,1.0
2633,91,0,1.703125,-1.125,0.0
2634,91,1,-0.65625,-1.5,1.0
2635,92,1,1.765625,1.109375,1.0
2636,92,0,-0.890625,-0.5625,1.0
2637,92,0,1.515625,-0.265625,1.0
2638,92,1,1.21875,0.3125,0.0
2639,92,1,-1.359375,-1.78125,1.0
2640,92,1,-0.140625,0.375,0.0
2641,92,0,-0.65625,1.390625,0.0
2642,92,0,1.046875,-1.609375,1.0
2643,92,1,3.34375,-0.9375,0.0
2644,92,1,0.296875,-1.921875,0.0
2645,92,0,-0.34375,1.421875,0.0
2646,92,1,0.296875,-1.078125,1.0
2647,92,0,1.8125,0.25,0.0
2648,92,1,-1.40625,1.078125,1.0
2649,92,1,-0.375,-1.0,1.0
2650,92,1,0.734375,0.4375,0.0
2651,92,1,-0.484375,-1.3125,0.0
2652,92,0,-0.015625,-1.34375,0.0
2653,92,1,0.796875,-0.6875,1.0
2654,92,1,-0.21875,-0.25,1.0
2655,92,0,-0.640625,-0.265625,0.0
2656,92,0,0.21875,-1.671875,0.0
2657,92,0,0.84375,-0.375,0.0
2658,92,1,0.421875,0.859375,1.0
2659,92,0,0.8125,-3.515625,1.0
2660,92,1,0.109375,-2.15625,1.0
2661,92,0,-1.390625,-0.484375,0.0
2662,92,0,-1.34375,-0.953125,0.0
2663,92,0,0.296875,-2.578125,0.0
2664,92,1,0.921875,-0.5625,0.0
2665,92,1,0.171875,1.5625,0.0
2666,93,0,-0.296875,-0.640625,1.0
2667,93,1,0.234375,-0.3125,1.0
2668,93,1,1.15625,0.25,1.0
2669,93,0,0.078125,-0.40625,0.0
2670,93,1,1.359375,0.640625,1.0
2671,93,1,-1.5625,-0.359375,1.0
2672,93,1,1.109375,0.484375,0.0
2673,93,1,-1.015625,0.734375,0.0
2674,93,1,0.359375,0.328125,0.0
2675,93,1,-0.328125,-0.5,0.0
2676,93,0,0.78125,2.234375,1.0
2677,93,0,-1.484375,0.109375,0.0
2678,93,0,0.75,0.046875,0.0
2679,93,1,-0.4375,-1.078125,1.0
2680,93,0,-0.84375,-0.40625,0.0
2681,93,1,0.453125,0.8125,0.0
2682,93,1,-0.109375,1.875,1.0
2683,93,1,-0.453125,0.65625,0.0
2684,93,0,-0.734375,1.9375,0.0
2685,93,1,0.140625,-0.890625,1.0
2686,93,1,-1.15625,0.359375,0.0
2687,93,1,1.09375,1.15625,1.0
2688,93,1,0.140625,2.390625,1.0
2689,93,1,-0.0625,1.609375,0.0
2690,93,1,-0.5625,1.984375,0.0
2691,93,1,0.6875,0.515625,1.0
2692,93,1,-0.71875,0.03125,0.0
2693,93,0,-1.125,0.25,1.0
2694,93,0,0.546875,0.203125,0.0
2695,93,0,-0.78125,0.578125,1.0
2696,93,1,0.078125,0.90625,0.0
2697,93,1,0.09375,0.203125,0.0
2698,94,1,-0.265625,-0.65625,1.0
2699,94,1,0.46875,-0.171875,0.0
2700,94,0,-1.109375,-1.5,0.0
2701,94,1,-0.328125,-1.625,0.0
2702,94,0,-0.015625,-0.6875,0.0
2703,94,0,0.96875,-1.140625,0.0
2704,94,1,-0.15625,0.625,1.0
2705,94,1,0.75,-0.15625,0.0
2706,94,1,-1.484375,-0.625,1.0
2707,94,1,1.4375,0.34375,0.0
2708,94,0,-1.484375,-0.359375,0.0
2709,94,1,1.40625,0.578125,1.0
2710,94,0,-0.25,-1.40625,0.0
2711,94,0,1.015625,-1.390625,0.0
2712,94,0,-1.375,1.640625,1.0
2713,94,1,1.734375,0.828125,0.0
2714,94,1,1.6875,-1.921875,0.0
2715,94,0,-0.421875,-0.171875,1.0
2716,94,1,0.078125,-0.421875,0.0
2717,94,1,0.921875,-0.6875,1.0
2718,94,1,0.546875,0.65625,1.0
2719,94,1,-0.703125,-0.1875,1.0
2720,94,1,0.65625,-0.046875,1.0
2721,94,1,1.078125,-1.390625,1.0
2722,94,0,0.125,0.359375,1.0
2723,94,0,-0.921875,-0.8125,0.0
2724,94,1,-0.015625,-0.4375,1.0
2725,94,1,0.40625,0.046875,0.0
2726,94,1,-0.09375,1.703125,1.0
2727,94,1,-0.078125,-1.171875,0.0
2728,94,0,0.546875,-1.328125,0.0
2729,94,0,0.0625,-1.640625,0.0
2730,94,0,-1.109375,0.0625,0.0
2731,95,1,1.0,-0.421875,1.0
2732,95,1,-0.53125,-1.265625,1.0
2733,95,1,-1.0,-0.203125,0.0
2734,95,1,-1.234375,0.875,1.0
2735,95,0,-2.1875,2.125,1.0
2736,95,0,0.75,-0.859375,0.0
2737,95,0,-1.5625,0.203125,0.0
2738,95,0,0.609375,-0.375,0.0
2739,95,0,-0.25,0.78125,1.0
2740,95,0,0.375,0.390625,0.0
2741,95,1,1.09375,0.25,1.0
2742,95,0,2.25,-0.546875,0.0
2743,95,1,-2.265625,0.015625,0.0
2744,95,1,0.421875,1.390625,1.0
2745,95,0,-1.1875,2.3125,0.0
2746,95,1,0.125,1.40625,0.0
2747,95,1,0.703125,-1.296875,1.0
2748,95,1,-0.09375,-0.4375,0.0
2749,95,0,-1.21875,-0.25,0.0
2750,95,1,0.625,0.65625,1.0
2751,95,1,1.015625,-1.5625,0.0
2752,95,1,0.3125,-0.046875,1.0
2753,95,0,0.078125,-0.375,0.0
2754,95,0,0.03125,-0.609375,0.0
2755,95,1,-0.890625,-0.359375,0.0
2756,95,0,0.015625,-0.296875,0.0
2757,95,0,-0.875,-0.34375,0.0
2758,95,0,-0.984375,-1.171875,0.0
2759,95,1,-1.640625,0.609375,1.0
2760,95,1,0.421875,0.53125,1.0
2761,95,0,-0.796875,0.625,0.0
2762,95,0,-0.78125,0.15625,1.0
2763,95,0,0.90625,1.859375,0.0
2764,95,0,0.734375,0.734375,0.0
2765,96,0,-0.78125,-1.546875,0.0
2766,96,0,1.34375,0.734375,1.0
2767,96,0,-0.703125,1.734375,0.0
2768,96,1,-1.71875,0.34375,0.0
2769,96,0,-0.359375,-0.6875,0.0
2770,96,1,-0.296875,0.921875,1.0
2771,96,1,-0.03125,0.53125,1.0
2772,96,0,-0.34375,-0.984375,1.0
2773,96,0,0.5,-0.875,0.0
2774,96,0,0.171875,0.890625,0.0
2775,96,1,-1.671875,-0.90625,1.0
2776,96,0,-0.8125,-1.25,0.0
2777,96,1,-0.578125,0.40625,0.0
2778,96,1,0.53125,-1.125,0.0
2779,96,1,-0.390625,-2.625,1.0
2780,96,0,0.140625,0.53125,1.0
2781,96,1,1.421875,-0.9375,0.0
2782,96,0,-0.5,0.421875,0.0
2783,96,1,1.125,1.203125,1.0
2784,96,0,-0.421875,-0.796875,0.0
2785,96,1,-0.296875,-1.109375,1.0
2786,96,1,1.203125,-0.34375,1.0
2787,96,0,1.984375,-0.296875,0.0
2788,96,1,-0.0625,-0.453125,1.0
2789,96,1,0.0625,-0.375,1.0
2790,96,0,-2.78125,-1.53125,1.0
2791,96,1,0.421875,-1.671875,0.0
2792,96,0,1.75,0.9375,1.0
2793,96,1,0.359375,1.109375,0.0
2794,96,1,0.359375,0.609375,1.0
2795,96,1,0.875,1.078125,1.0
2796,96,0,-0.65625,0.15625,1.0
2797,96,1,-1.671875,-0.8125,1.0
2798,96,1,-1.703125,-0.640625,1.0
2799,96,1,-1.3125,-0.921875,0.0
2800,97,0,-0.8125,0.125,0.0
2801,97,1,1.140625,0.171875,0.0
2802,97,0,-1.828125,0.578125,0.0
2803,97,1,0.203125,-2.21875,1.0
2804,97,1,1.71875,0.203125,0.0
2805,97,0,-0.40625,-0.78125,0.0
2806,97,1,-1.09375,0.046875,0.0
2807,97,1,-0.1875,0.09375,0.0
2808,97,1,0.234375,-0.3125,0.0
2809,97,1,1.34375,-0.40625,0.0
2810,97,0,1.65625,0.09375,0.0
2811,97,1,0.203125,-0.09375,1.0
2812,97,1,1.625,1.375,1.0
2813,97,1,1.15625,0.453125,1.0
2814,97,1,0.921875,-1.21875,1.0
2815,97,1,0.671875,0.796875,0.0
2816,97,0,0.640625,0.96875,0.0
2817,97,0,0.4375,-0.453125,0.0
2818,97,0,0.546875,1.453125,0.0
2819,97,0,0.96875,0.9375,0.0
2820,97,1,0.234375,-0.109375,0.0
2821,97,1,-0.96875,0.359375,1.0
2822,97,1,0.171875,-0.296875,0.0
2823,97,1,0.609375,-0.203125,1.0
2824,97,1,0.421875,0.90625,1.0
2825,97,1,0.109375,1.03125,1.0
2826,97,0,-1.40625,1.03125,1.0
2827,97,0,0.875,-1.1875,1.0
2828,97,1,0.140625,-1.515625,1.0
2829,97,0,0.953125,0.859375,0.0
2830,97,1,0.96875,-0.828125,0.0
2831,97,0,-1.421875,0.59375,0.0
2832,97,0,-0.796875,0.28125,1.0
2833,97,1,0.890625,0.203125,1.0
2834,97,0,-0.09375,-0.015625,1.0
2835,97,0,-1.28125,0.140625,1.0
2836,98,0,-0.8125,1.078125,0.0
2837,98,0,-1.34375,-0.796875,0.0
2838,98,0,-0.421875,-0.84375,0.0
2839,98,0,0.09375,0.703125,0.0
2840,98,1,0.359375,0.28125,0.0
2841,98,0,-1.25,-1.03125,0.0
2842,98,0,0.34375,-1.296875,0.0
2843,98,0,-1.359375,-0.03125,1.0
2844,98,0,-1.140625,-1.9375,0.0
2845,98,1,0.109375,-1.609375,1.0
2846,98,1,-1.140625,-0.28125,0.0
2847,98,0,-0.546875,-0.734375,0.0
2848,98,1,1.0625,1.265625,1.0
2849,98,1,-1.171875,-0.953125,1.0
2850,98,1,0.1875,0.9375,0.0
2851,98,1,1.203125,-1.3125,0.0
2852,98,0,1.203125,-0.734375,0.0
2853,98,0,0.6875,-2.5,0.0
2854,98,0,1.328125,-0.625,1.0
2855,98,1,0.078125,-0.390625,0.0
2856,98,0,-0.046875,0.734375,0.0
2857,98,0,-0.453125,1.109375,0.0
2858,98,1,-0.984375,-0.265625,1.0
2859,98,0,0.015625,-0.40625,1.0
2860,98,0,-0.953125,0.78125,0.0
2861,98,1,0.5625,0.15625,0.0
2862,98,1,-0.421875,0.0625,0.0
2863,98,1,-0.203125,-2.59375,0.0
2864,98,1,0.75,-0.890625,1.0
2865,98,0,-0.203125,-0.9375,0.0
2866,98,1,-0.3125,-1.234375,0.0
2867,98,0,1.109375,-1.734375,0.0
2868,98,1,0.609375,-2.03125,0.0
2869,98,0,0.0625,-1.25,0.0
2870,98,1,0.84375,-0.609375,1.0
2871,98,0,-0.21875,-0.109375,1.0
2872,98,0,0.375,0.046875,1.0
2873,99,0,-0.53125,0.71875,1.0
2874,99,0,-0.640625,-3.09375,1.0
2875,99,0,-0.46875,-0.25,1.0
2876,99,1,0.21875,-0.28125,1.0
2877,99,0,0.125,-1.921875,0.0
2878,99,1,0.0,-1.109375,1.0
2879,99,0,1.078125,-0.1875,0.0
2880,99,0,0.4375,0.09375,0.0
2881,99,0,0.484375,-0.421875,1.0
2882,99,0,0.5,-0.984375,0.0
2883,99,0,-0.640625,0.734375,1.0
2884,99,0,-0.25,1.34375,0.0
2885,99,1,2.765625,0.265625,0.0
2886,99,0,1.984375,-0.828125,0.0
2887,99,1,1.78125,0.546875,1.0
2888,99,0,0.71875,0.265625,1.0
2889,99,1,-0.421875,0.0625,1.0
2890,99,1,-1.515625,0.390625,1.0
2891,99,0,-1.5,-0.8125,1.0
2892,99,0,-0.359375,1.03125,0.0
2893,99,0,-2.25,-0.078125,0.0
2894,99,0,0.53125,-0.046875,0.0
2895,99,0,0.0625,-0.796875,0.0
2896,99,0,0.203125,-0.53125,0.0
2897,99,0,0.09375,0.5,0.0
2898,99,0,1.921875,-0.921875,0.0
2899,99,1,0.265625,-1.25,0.0
2900,99,0,-0.890625,-0.03125,1.0
2901,99,0,2.15625,-0.109375,0.0
2902,99,0,-0.828125,-1.171875,0.0
2903,99,0,-0.78125,0.21875,0.0
2904,99,0,2.359375,-0.28125,0.0
2905,99,0,0.921875,-0.390625,0.0
2906,99,0,-1.40625,0.125,0.0
2907,99,1,-0.328125,-1.34375,1.0
2908,99,1,-0.265625,-1.796875,0.0
2909,99,0,0.4375,-1.25,0.0
2910,99,0,0.34375,0.40625,0.0
2911,100,0,0.40625,1.078125,0.0
2912,100,1,1.296875,-0.046875,0.0
2913,100,1,-0.75,-1.8125,1.0
2914,100,0,-0.03125,-1.59375,1.0
2915,100,0,0.578125,-0.734375,0.0
2916,100,0,-0.90625,-1.390625,1.0
2917,100,1,-0.890625,-1.984375,1.0
2918,100,1,0.671875,-1.09375,0.0
2919,100,1,-0.609375,-0.46875,1.0
2920,100,1,-0.171875,0.71875,1.0
2921,100,0,-0.03125,1.40625,1.0
2922,100,0,0.09375,-0.4375,1.0
2923,100,0,0.734375,-0.078125,0.0
2924,100,0,-0.78125,-2.296875,1.0
2925,100,0,0.8125,-1.40625,0.0
2926,100,0,-0.234375,-0.921875,0.0
2927,100,1,0.625,-0.90625,0.0
2928,100,1,1.09375,-2.140625,0.0
2929,100,1,-1.0,0.9375,1.0
2930,100,0,-0.203125,0.234375,1.0
2931,100,0,0.484375,-0.0625,1.0
2932,100,0,0.671875,-1.359375,0.0
2933,100,0,0.765625,-0.421875,1.0
2934,100,0,0.140625,-2.265625,0.0
2935,100,0,0.328125,0.46875,1.0
2936,100,0,-0.21875,-1.578125,0.0
2937,100,0,0.109375,0.828125,1.0
2938,100,0,0.671875,-0.296875,1.0
2939,100,1,0.859375,1.125,0.0
2940,100,0,-0.65625,-1.328125,0.0
2941,100,0,0.84375,-1.125,0.0
2942,100,0,0.921875,2.0,0.0
2943,100,0,0.4375,1.296875,1.0
2944,100,0,0.234375,-0.546875,0.0
2945,100,1,2.03125,-1.015625,0.0
2946,100,1,-1.0,-0.59375,1.0
2947,100,0,0.59375,-0.90625,0.0
2948,100,1,-0.234375,-0.4375,0.0
2949,100,1,1.453125,0.125,0.0
2950,101,1,-2.15625,0.546875,1.0
2951,101,1,1.09375,-0.984375,1.0
2952,101,1,0.859375,1.359375,0.0
2953,101,1,0.390625,0.390625,0.0
2954,101,0,2.53125,-1.03125,0.0
2955,101,1,-0.5,0.09375,0.0
2956,101,0,-1.921875,1.59375,0.0
2957,101,0,-1.28125,-1.453125,0.0
2958,101,1,1.046875,0.78125,0.0
2959,101,0,0.328125,-0.171875,1.0
2960,101,1,-0.203125,0.703125,1.0
2961,101,0,0.1875,1.5625,0.0
2962,101,0,0.453125,1.046875,0.0
2963,101,1,-1.21875,1.71875,1.0
2964,101,0,0.734375,0.25,1.0
2965,101,1,-1.125,1.5,0.0
2966,101,1,-0.796875,-1.0,1.0
2967,101,0,-0.0625,1.0,1.0
2968,101,1,-2.125,-1.375,1.0
2969,101,0,-0.078125,0.265625,1.0
2970,102,0,-0.03125,-0.84375,1.0
2971,102,1,-1.765625,-0.921875,1.0
2972,102,1,0.390625,2.15625,1.0
2973,102,0,-1.40625,-1.28125,0.0
2974,102,0,-1.171875,-0.609375,0.0
2975,102,0,-0.90625,0.609375,1.0
2976,102,1,1.71875,-0.5625,1.0
2977,102,0,-0.359375,-1.28125,0.0
2978,102,1,1.78125,-0.734375,1.0
2979,102,1,-0.890625,-0.34375,0.0
2980,102,0,-0.046875,1.828125,0.0
2981,102,1,1.1875,-1.3125,0.0
2982,102,0,1.046875,-0.546875,0.0
2983,102,1,-0.1875,-1.234375,0.0
2984,102,0,-0.828125,-0.625,0.0
2985,102,1,-0.359375,2.578125,0.0
2986,102,0,0.5625,1.28125,1.0
2987,102,0,0.453125,0.625,0.0
2988,102,0,0.734375,-1.578125,0.0
2989,102,1,-1.453125,0.40625,1.0
2990,102,1,0.5625,-0.515625,0.0
2991,103,0,0.625,0.59375,0.0
2992,103,0,-0.359375,-1.265625,1.0
2993,103,1,0.078125,0.546875,0.0
2994,103,0,-0.203125,-0.28125,1.0
2995,103,0,0.0625,1.03125,1.0
2996,103,1,-1.703125,-0.90625,1.0
2997,103,1,-1.0,1.78125,0.0
2998,103,0,-1.484375,1.453125,0.0
2999,103,1,0.734375,1.40625,1.0
3000,103,0,-1.921875,-1.25,0.0
3001,103,0,-1.6875,0.015625,0.0
3002,103,1,0.109375,-0.953125,0.0
3003,103,1,0.421875,-1.140625,0.0
3004,103,0,0.75,0.90625,1.0
3005,103,0,-1.015625,-1.125,0.0
3006,103,0,-1.296875,0.609375,0.0
3007,103,0,1.03125,1.328125,1.0
3008,103,0,-1.484375,-1.328125,0.0
3009,103,1,-1.125,-0.109375,1.0
3010,103,0,-0.703125,-0.734375,1.0
3011,103,0,0.640625,2.734375,0.0
3012,103,0,-0.296875,-1.15625,0.0
3013,104,0,-0.171875,0.90625,1.0
3014,104,1,-0.171875,-1.78125,0.0
3015,104,0,0.09375,0.21875,0.0
3016,104,1,0.765625,-0.125,0.0
3017,104,0,0.265625,-0.03125,0.0
3018,104,1,1.09375,-0.578125,0.0
3019,104,0,-0.671875,0.171875,1.0
3020,104,0,0.15625,-1.6875,0.0
3021,104,1,0.078125,-3.140625,0.0
3022,104,0,1.125,0.265625,0.0
3023,104,1,1.59375,-0.484375,0.0
3024,104,0,-0.03125,-1.140625,0.0
3025,104,1,-0.59375,0.234375,0.0
3026,104,0,-2.203125,0.171875,0.0
3027,104,0,0.390625,-0.171875,0.0
3028,104,0,0.1875,-1.1875,0.0
3029,104,1,0.75,-0.90625,0.0
3030,104,0,0.390625,-0.28125,1.0
3031,104,1,0.9375,0.1875,1.0
3032,104,0,1.015625,-0.3125,0.0
3033,104,0,0.625,-0.671875,1.0
3034,104,1,0.0,-1.59375,1.0
3035,104,0,-2.015625,-1.53125,0.0
3036,105,0,-1.140625,0.109375,0.0
3037,105,1,1.359375,-1.171875,1.0
3038,105,1,-0.40625,-1.640625,0.0
3039,105,0,0.0,-0.296875,0.0
3040,105,0,1.265625,-0.921875,0.0
3041,105,1,0.75,0.0,1.0
3042,105,0,0.5625,-0.40625,0.0
3043,105,0,-2.59375,-1.46875,0.0
3044,105,1,0.71875,-0.90625,1.0
3045,105,0,0.484375,0.4375,0.0
3046,105,0,-1.1875,1.46875,1.0
3047,105,0,0.578125,0.5,0.0
3048,105,1,0.46875,1.09375,1.0
3049,105,0,0.65625,1.609375,1.0
3050,105,0,-2.3125,0.34375,1.0
3051,105,0,-0.703125,-2.609375,0.0
3052,105,0,0.890625,-0.578125,0.0
3053,105,0,-0.40625,0.625,0.0
3054,105,0,-0.9375,-0.515625,1.0
3055,105,1,0.609375,-1.1875,1.0
3056,105,1,0.328125,-0.78125,1.0
3057,105,0,0.703125,-0.296875,0.0
3058,105,1,-0.8125,0.375,1.0
3059,105,1,-0.28125,0.71875,1.0
3060,106,0,-0.625,1.578125,0.0
3061,106,1,-0.484375,0.609375,0.0
3062,106,0,0.703125,-0.6875,1.0
3063,106,1,-0.234375,0.078125,0.0
3064,106,1,-0.703125,-1.5625,0.0
3065,106,1,-0.65625,-3.015625,0.0
3066,106,0,0.421875,-0.046875,0.0
3067,106,1,0.0625,-2.15625,0.0
3068,106,1,0.921875,-0.8125,1.0
3069,106,1,0.359375,-2.078125,1.0
3070,106,1,1.015625,-0.15625,0.0
3071,106,0,-1.421875,0.5625,1.0
3072,106,1,0.921875,-1.796875,1.0
3073,106,1,2.515625,-0.515625,1.0
3074,106,1,1.375,-1.09375,0.0
3075,106,1,-0.625,0.59375,0.0
3076,106,1,-0.515625,-0.78125,1.0
3077,106,1,0.015625,-0.171875,0.0
3078,106,0,0.078125,0.078125,0.0
3079,106,1,0.6875,1.59375,0.0
3080,106,1,0.625,-0.125,1.0
3081,106,1,0.171875,0.3125,1.0
3082,106,0,-0.484375,0.84375,1.0
3083,106,0,-1.46875,0.890625,0.0
3084,106,1,0.125,-1.046875,1.0
3085,107,1,0.0,-1.0625,0.0
3086,107,1,-0.15625,-1.9375,0.0
3087,107,1,0.5,0.0625,1.0
3088,107,1,1.15625,-1.984375,0.0
3089,107,1,0.234375,-0.078125,0.0
3090,107,1,-0.015625,-1.0,0.0
3091,107,0,-0.03125,0.40625,0.0
3092,107,1,-1.734375,-1.71875,1.0
3093,107,0,0.265625,-0.046875,0.0
3094,107,0,-0.265625,1.9375,1.0
3095,107,1,1.390625,0.421875,1.0
3096,107,0,-0.515625,-0.265625,0.0
3097,107,1,2.5,-1.0625,0.0
3098,107,1,-0.15625,-0.828125,0.0
3099,107,1,-0.3125,-0.71875,0.0
3100,107,0,0.453125,0.828125,1.0
3101,107,0,-1.3125,2.515625,0.0
3102,107,1,1.4375,-1.828125,1.0
3103,107,1,1.25,0.3125,1.0
3104,107,0,-0.1875,-1.0,1.0
3105,107,1,1.03125,0.421875,1.0
3106,107,1,-0.21875,-0.703125,0.0
3107,107,1,0.84375,-0.515625,1.0
3108,107,0,-0.71875,-1.0625,0.0
3109,107,1,1.34375,0.96875,1.0
3110,107,1,0.875,-0.765625,1.0
3111,108,1,-0.59375,0.328125,1.0
3112,108,1,0.953125,-1.203125,0.0
3113,108,1,1.5625,0.296875,0.0
3114,108,1,1.15625,0.28125,1.0
3115,108,1,-0.21875,0.0625,0.0
3116,108,0,-1.15625,0.390625,1.0
3117,108,0,-0.59375,0.09375,0.0
3118,108,1,1.953125,0.640625,0.0
3119,108,1,-0.578125,0.1875,0.0
3120,108,1,-0.609375,1.203125,0.0
3121,108,0,-1.328125,0.21875,0.0
3122,108,0,0.515625,0.21875,1.0
3123,108,1,1.734375,-0.078125,1.0
3124,108,1,-0.25,-0.8125,0.0
3125,108,0,0.796875,2.421875,0.0
3126,108,1,-0.453125,0.5,0.0
3127,108,1,-0.703125,-1.046875,0.0
3128,108,0,-1.328125,0.234375,0.0
3129,108,1,0.390625,-1.171875,0.0
3130,108,1,-1.5625,-2.40625,1.0
3131,108,0,1.1875,1.578125,0.0
3132,108,0,1.859375,-1.546875,1.0
3133,108,1,-0.140625,0.375,0.0
3134,108,1,-0.71875,-0.8125,0.0
3135,108,0,0.390625,0.546875,1.0
3136,108,0,-0.703125,0.953125,0.0
3137,108,1,-1.078125,-0.953125,0.0
3138,109,0,0.28125,0.734375,0.0
3139,109,1,-0.640625,0.65625,1.0
3140,109,0,-0.171875,0.65625,0.0
3141,109,1,1.0,0.75,1.0
3142,109,0,1.21875,-0.03125,0.0
3143,109,1,-2.015625,-1.234375,0.0
3144,109,1,0.796875,0.5,0.0
3145,109,0,-0.765625,1.515625,0.0
3146,109,0,0.265625,-3.265625,0.0
3147,109,0,-1.890625,1.046875,0.0
3148,109,0,1.15625,0.515625,0.0
3149,109,0,0.828125,0.859375,0.0
3150,109,1,0.265625,0.515625,1.0
3151,109,0,-0.90625,0.578125,1.0
3152,109,0,-0.953125,0.28125,0.0
3153,109,1,0.0625,-0.375,1.0
3154,109,0,-0.46875,2.84375,0.0
3155,109,1,0.390625,1.03125,1.0
3156,109,1,-0.46875,0.703125,0.0
3157,109,1,3.671875,-0.484375,0.0
3158,109,1,-0.03125,0.328125,1.0
3159,109,0,-0.953125,-1.234375,0.0
3160,109,1,-1.4375,0.234375,0.0
3161,109,0,0.875,0.75,0.0
3162,109,0,-0.75,0.25,0.0
3163,109,0,-1.03125,0.734375,1.0
3164,109,0,-0.265625,-0.15625,0.0
3165,109,0,-0.140625,-0.78125,0.0
3166,110,1,0.3125,0.03125,0.0
3167,110,1,0.921875,-1.1875,1.0
3168,110,0,-2.25,-0.265625,0.0
3169,110,1,0.34375,1.265625,0.0
3170,110,0,0.859375,0.5,0.0
3171,110,0,0.65625,-0.921875,0.0
3172,110,1,0.296875,1.1875,1.0
3173,110,0,-1.3125,-0.53125,1.0
3174,110,0,0.109375,0.96875,1.0
3175,110,0,-1.21875,-0.953125,0.0
3176,110,1,-0.4375,-1.375,0.0
3177,110,0,0.125,-0.953125,1.0
3178,110,1,-1.484375,1.953125,1.0
3179,110,0,-0.5625,-1.578125,1.0
3180,110,1,0.546875,-1.5625,1.0
3181,110,0,-0.25,0.15625,0.0
3182,110,0,-1.0,0.203125,0.0
3183,110,1,-0.875,-2.609375,1.0
3184,110,0,0.421875,0.40625,1.0
3185,110,1,1.09375,-1.09375,0.0
3186,110,1,-0.75,0.34375,0.0
3187,110,1,-0.703125,0.453125,1.0
3188,110,1,-1.09375,-0.9375,1.0
3189,110,0,-1.25,0.171875,0.0
3190,110,0,1.03125,1.671875,0.0
3191,110,1,-0.578125,0.21875,1.0
3192,110,1,-0.390625,-1.546875,1.0
3193,110,0,-0.265625,-1.578125,0.0
3194,110,0,0.828125,-0.015625,0.0
3195,111,0,-0.203125,-0.859375,0.0
3196,111,1,0.921875,-0.53125,0.0
3197,111,0,-2.96875,0.359375,1.0
3198,111,1,0.5,-1.5625,1.0
3199,111,0,-2.171875,-2.328125,0.0
3200,111,1,0.875,-0.171875,0.0
3201,111,0,-0.9375,0.703125,1.0
3202,111,0,-0.59375,1.984375,0.0
3203,111,0,0.703125,0.359375,0.0
3204,111,0,-0.015625,0.890625,1.0
3205,111,1,-0.734375,-0.609375,0.0
3206,111,0,0.3125,-0.65625,0.0
3207,111,0,1.53125,-0.28125,0.0
3208,111,1,0.171875,-0.203125,0.0
3209,111,1,-0.0625,-0.5,0.0
3210,111,0,1.453125,0.890625,0.0
3211,111,0,1.140625,-1.40625,0.0
3212,111,0,0.578125,0.15625,0.0
3213,111,1,0.765625,-1.140625,0.0
3214,111,1,-0.828125,-1.390625,0.0
3215,111,0,-1.09375,-1.953125,0.0
3216,111,0,-0.03125,0.421875,0.0
3217,111,0,-0.3125,-0.234375,0.0
3218,111,0,0.8125,-1.09375,1.0
3219,111,0,-1.578125,0.375,0.0
3220,111,0,2.078125,-0.890625,1.0
3221,111,0,0.25,-0.234375,0.0
3222,111,0,0.953125,0.8125,1.0
3223,111,0,-0.046875,0.0625,0.0
3224,111,0,0.171875,-0.53125,0.0
3225,112,0,0.515625,-1.4375,0.0
3226,112,0,0.796875,0.8125,0.0
3227,112,0,-0.203125,-0.421875,1.0
3228,112,1,-1.53125,1.28125,0.0
3229,112,0,0.234375,-1.484375,0.0
3230,112,0,0.984375,-1.140625,0.0
3231,112,0,-0.1875,1.328125,1.0
3232,112,0,1.234375,-1.09375,0.0
3233,112,1,0.5625,-1.46875,1.0
3234,112,0,-1.5,-0.8125,1.0
3235,112,1,-1.5625,-2.140625,1.0
3236,112,1,-0.953125,0.671875,1.0
3237,112,0,0.484375,-0.6875,0.0
3238,112,1,-1.546875,-0.828125,0.0
3239,112,1,-1.03125,-0.15625,0.0
3240,112,0,-0.890625,-1.671875,0.0
3241,112,0,-0.46875,-0.28125,1.0
3242,112,1,0.078125,-0.859375,0.0
3243,112,1,0.703125,-1.796875,0.0
3244,112,1,-1.265625,-0.15625,0.0
3245,112,0,-1.03125,-0.78125,1.0
3246,112,0,-0.1875,0.1875,0.0
3247,112,1,0.296875,-0.359375,1.0
3248,112,0,0.421875,-2.484375,0.0
3249,112,1,0.875,-2.8125,0.0
3250,112,0,0.796875,-0.828125,0.0
3251,112,0,-0.84375,-0.171875,0.0
3252,112,1,0.734375,-2.671875,0.0
3253,112,1,0.609375,-0.890625,1.0
3254,112,0,0.734375,-1.46875,1.0
3255,112,0,-1.3125,-0.609375,0.0
3256,113,1,-0.234375,-0.75,1.0
3257,113,1,1.3125,0.328125,0.0
3258,113,1,-0.734375,-1.328125,0.0
3259,113,1,0.375,-0.640625,1.0
3260,113,0,-1.015625,1.4375,0.0
3261,113,0,-1.1875,-0.5,0.0
3262,113,1,0.515625,-1.703125,1.0
3263,113,0,-1.765625,-1.5,0.0
3264,113,1,1.96875,-0.28125,0.0
3265,113,0,-0.140625,-1.125,0.0
3266,113,1,-0.03125,1.265625,1.0
3267,113,1,0.65625,-0.625,0.0
3268,113,1,-1.46875,0.046875,0.0
3269,113,0,-0.28125,-0.78125,0.0
3270,113,0,0.390625,-0.296875,1.0
3271,113,1,-0.625,-0.515625,1.0
3272,113,0,0.828125,1.078125,0.0
3273,113,1,1.234375,-1.078125,0.0
3274,113,0,0.65625,0.484375,0.0
3275,113,0,-1.625,0.46875,0.0
3276,113,0,-1.703125,0.25,0.0
3277,113,0,-2.375,-0.75,0.0
3278,113,1,0.640625,1.140625,1.0
3279,113,1,-0.15625,0.25,1.0
3280,113,1,-0.6875,-0.125,0.0
3281,113,1,-0.484375,1.8125,1.0
3282,113,1,-0.734375,-1.921875,1.0
3283,113,0,-0.296875,-0.78125,0.0
3284,113,0,-1.015625,0.046875,0.0
3285,113,0,-0.03125,0.953125,1.0
3286,113,1,-0.609375,0.203125,0.0
3287,113,1,-0.765625,-0.59375,0.0
3288,114,0,0.578125,-0.375,0.0
3289,114,0,-0.703125,-1.53125,0.0
3290,114,1,1.796875,0.296875,0.0
3291,114,1,1.375,-1.15625,0.0
3292,114,0,-0.328125,-1.125,0.0
3293,114,0,1.828125,-0.5625,1.0
3294,114,0,1.90625,-0.390625,1.0
3295,114,0,0.25,1.03125,1.0
3296,114,0,-1.40625,0.0,0.0
3297,114,1,0.1875,-0.296875,0.0
3298,114,0,-0.84375,-0.515625,0.0
3299,114,0,-0.34375,0.515625,0.0
3300,114,0,-0.625,-0.328125,0.0
3301,114,0,-0.6875,-1.359375,1.0
3302,114,1,1.59375,-2.078125,0.0
3303,114,0,0.765625,-1.625,1.0
3304,114,1,1.921875,-1.03125,1.0
3305,114,0,-1.09375,-0.8125,0.0
3306,114,0,-0.015625,-0.625,0.0
3307,114,0,0.703125,-1.703125,1.0
3308,114,1,0.5,0.96875,1.0
3309,114,1,0.328125,-1.46875,0.0
3310,114,0,-1.46875,-0.53125,0.0
3311,114,0,0.796875,0.59375,0.0
3312,114,0,3.375,1.453125,0.0
3313,114,0,1.234375,-0.53125,1.0
3314,114,1,0.0625,-0.59375,0.0
3315,114,1,-0.46875,-0.890625,0.0
3316,114,0,-1.09375,-0.171875,1.0
3317,114,0,0.03125,-0.578125,0.0
3318,114,0,-1.046875,-1.59375,1.0
3319,114,1,1.4375,-1.453125,1.0
3320,114,0,-0.046875,-1.921875,0.0
3321,115,0,0.90625,-0.703125,0.0
3322,115,0,0.328125,-0.515625,0.0
3323,115,1,1.390625,0.40625,0.0
3324,115,0,0.015625,1.125,0.0
3325,115,0,-1.75,-0.8125,0.0
3326,115,1,0.96875,-0.234375,1.0
3327,115,1,-0.6875,0.5625,0.0
3328,115,1,-0.90625,0.828125,0.0
3329,115,1,-0.765625,-0.28125,1.0
3330,115,1,0.875,-0.296875,0.0
3331,115,1,0.1875,-3.078125,1.0
3332,115,0,0.203125,-0.953125,0.0
3333,115,0,-0.15625,0.65625,1.0
3334,115,0,-0.8125,0.375,1.0
3335,115,0,-0.703125,-0.75,0.0
3336,115,1,-0.078125,-0.53125,1.0
3337,115,0,-1.390625,-0.8125,1.0
3338,115,1,0.4375,-0.984375,0.0
3339,115,1,0.125,-0.953125,1.0
3340,115,0,2.203125,0.265625,1.0
3341,115,1,1.671875,0.40625,0.0
3342,115,0,-2.484375,0.46875,1.0
3343,115,1,0.109375,0.421875,1.0
3344,115,0,-1.6875,-0.328125,0.0
3345,115,0,-1.203125,-1.171875,0.0
3346,115,1,-0.078125,-0.484375,0.0
3347,115,0,-0.03125,-1.40625,0.0
3348,115,0,-0.09375,-1.03125,1.0
3349,115,0,-0.671875,-0.15625,1.0
3350,115,0,-1.15625,2.234375,1.0
3351,115,0,-1.75,-0.296875,0.0
3352,115,0,0.5,0.21875,0.0
3353,115,1,-1.359375,-0.078125,1.0
3354,115,0,-0.15625,-0.046875,0.0
3355,116,0,1.265625,-0.84375,0.0
3356,116,1,0.5625,-0.515625,0.0
3357,116,1,0.0,-0.875,1.0
3358,116,1,0.21875,-0.53125,0.0
3359,116,1,-0.046875,-0.4375,0.0
3360,116,0,-1.140625,0.4375,0.0
3361,116,0,-0.09375,-1.328125,0.0
3362,116,0,-0.734375,0.359375,0.0
3363,116,1,-0.578125,-0.734375,0.0
3364,116,0,0.640625,-0.609375,0.0
3365,116,1,1.515625,-1.8125,1.0
3366,116,1,-1.3125,0.140625,1.0
3367,116,0,-1.03125,0.6875,0.0
3368,116,1,0.515625,-0.59375,1.0
3369,116,0,1.578125,0.125,0.0
3370,116,0,-0.34375,2.109375,1.0
3371,116,0,-0.734375,-0.9375,0.0
3372,116,1,-1.6875,-0.421875,1.0
3373,116,1,-0.34375,-0.125,1.0
3374,116,1,1.796875,-0.25,1.0
3375,116,1,-0.53125,-0.15625,0.0
3376,116,0,0.234375,0.625,1.0
3377,116,1,0.21875,-1.75,1.0
3378,116,0,-0.46875,-1.21875,0.0
3379,116,0,-0.875,-0.90625,0.0
3380,116,1,0.125,0.484375,0.0
3381,116,1,-0.265625,-0.765625,0.0
3382,116,1,0.421875,-1.171875,0.0
3383,116,1,0.765625,-0.46875,0.0
3384,116,1,1.90625,-0.25,1.0
3385,116,1,0.0,-1.296875,0.0
3386,116,0,-0.1875,-0.8125,1.0
3387,116,0,-0.953125,-1.640625,1.0
3388,116,1,1.90625,-0.6875,0.0
3389,116,1,1.671875,-1.5,0.0
3390,117,0,0.390625,-1.328125,0.0
3391,117,0,-0.8125,-0.1875,0.0
3392,117,0,-0.46875,0.8125,0.0
3393,117,0,1.03125,-0.84375,0.0
3394,117,0,-0.15625,0.421875,0.0
3395,117,0,-1.078125,0.40625,1.0
3396,117,1,2.109375,-0.5,1.0
3397,117,0,-0.59375,0.4375,1.0
3398,117,1,0.890625,-1.96875,0.0
3399,117,0,-0.921875,-0.140625,0.0
3400,117,0,-1.359375,-0.609375,0.0
3401,117,1,0.765625,-0.59375,0.0
3402,117,0,-1.3125,1.921875,0.0
3403,117,1,0.84375,1.28125,1.0
3404,117,1,1.484375,-1.796875,0.0
3405,117,0,0.390625,-0.046875,1.0
3406,117,1,0.84375,1.4375,1.0
3407,117,1,-0.53125,-0.84375,1.0
3408,117,0,-0.484375,-0.265625,0.0
3409,117,1,-0.046875,-1.0,1.0
3410,117,1,0.328125,0.9375,1.0
3411,117,0,-0.6875,-0.515625,1.0
3412,117,0,0.4375,0.40625,0.0
3413,117,1,1.28125,-1.3125,0.0
3414,117,1,1.984375,-0.40625,1.0
3415,117,1,0.515625,0.609375,1.0
3416,117,0,-1.203125,0.203125,1.0
3417,117,0,-0.3125,0.53125,0.0
3418,117,1,0.375,-0.3125,0.0
3419,117,1,-0.375,1.125,1.0
3420,117,0,0.1875,0.140625,1.0
3421,117,1,0.09375,-0.859375,1.0
3422,117,0,0.515625,-0.171875,0.0
3423,117,1,0.34375,-0.078125,1.0
3424,117,1,0.140625,0.3125,0.0
3425,117,0,-1.203125,-0.875,0.0
3426,118,1,1.140625,-1.109375,0.0
3427,118,0,0.28125,0.828125,0.0
3428,118,0,1.015625,-0.46875,0.0
3429,118,1,-0.03125,0.125,1.0
3430,118,0,-0.765625,-0.546875,1.0
3431,118,1,-0.5,-0.109375,0.0
3432,118,1,1.78125,-0.28125,1.0
3433,118,1,2.453125,-0.546875,1.0
3434,118,1,2.0,-0.40625,0.0
3435,118,1,0.25,-0.3125,0.0
3436,118,0,-2.203125,-0.515625,1.0
3437,118,1,0.515625,-1.15625,1.0
3438,118,1,-0.515625,0.65625,1.0
3439,118,1,0.40625,-0.8125,1.0
3440,118,1,0.09375,-0.3125,1.0
3441,118,1,-0.796875,-0.640625,1.0
3442,118,0,-1.15625,-0.96875,0.0
3443,118,1,-1.34375,-0.421875,0.0
3444,118,0,-0.40625,1.234375,1.0
3445,118,1,0.609375,-1.015625,1.0
3446,118,0,-0.078125,0.265625,1.0
3447,118,0,-0.578125,-0.328125,1.0
3448,118,0,-1.40625,-0.046875,0.0
3449,118,0,-0.390625,0.046875,0.0
3450,118,1,0.484375,-0.734375,1.0
3451,118,1,0.8125,-0.671875,1.0
3452,118,0,-1.15625,0.3125,1.0
3453,118,0,-0.046875,1.0,1.0
3454,118,0,-0.21875,1.0,0.0
3455,118,1,-0.921875,0.984375,0.0
3456,118,1,-0.921875,-0.625,1.0
3457,118,0,-0.234375,0.625,0.0
3458,118,0,0.328125,0.515625,0.0
3459,118,1,1.578125,-1.421875,1.0
3460,118,0,-1.125,-0.34375,0.0
3461,118,1,0.671875,-0.15625,1.0
3462,118,1,-0.71875,2.109375,1.0
3463,119,1,1.28125,-1.15625,1.0
3464,119,0,-0.21875,1.09375,0.0
3465,119,0,0.421875,-0.5625,0.0
3466,119,0,-0.53125,-0.53125,0.0
3467,119,0,0.109375,1.859375,1.0
3468,119,1,2.0,0.078125,1.0
3469,119,1,0.078125,-1.171875,0.0
3470,119,0,0.265625,-0.6875,0.0
3471,119,1,0.25,0.421875,0.0
3472,119,1,-0.671875,-0.90625,0.0
3473,119,0,0.953125,-1.203125,0.0
3474,119,0,-0.125,-0.90625,0.0
3475,119,0,-1.515625,-0.296875,0.0
3476,119,1,-0.6875,-1.75,1.0
3477,119,0,-0.375,-0.46875,1.0
3478,119,0,0.84375,0.5,0.0
3479,119,1,0.78125,0.171875,1.0
3480,119,1,0.953125,-1.09375,1.0
3481,119,1,0.171875,-1.125,0.0
3482,119,0,-0.4375,1.609375,0.0
3483,119,1,0.8125,0.15625,1.0
3484,119,0,-0.21875,0.390625,0.0
3485,119,0,-0.4375,-1.671875,0.0
3486,119,1,-0.390625,-0.703125,0.0
3487,119,0,0.53125,0.015625,1.0
3488,119,0,1.3125,-0.9375,0.0
3489,119,1,-0.640625,-1.109375,1.0
3490,119,0,-0.90625,-2.0,1.0
3491,119,1,1.03125,0.828125,1.0
3492,119,1,0.46875,-1.015625,0.0
3493,119,0,-0.578125,1.46875,1.0
3494,119,1,1.0625,-0.234375,0.0
3495,119,1,1.09375,-0.078125,0.0
3496,119,0,-0.75,0.5625,0.0
3497,119,1,1.8125,-0.546875,0.0
3498,119,1,0.296875,-0.84375,1.0
3499,119,1,-0.28125,-0.765625,0.0
3500,119,0,-0.015625,0.75,0.0
3501,120,0,-1.203125,0.4375,1.0
3502,120,0,0.265625,-1.8125,1.0
3503,120,1,-0.515625,-1.390625,1.0
3504,120,1,0.78125,-0.5,1.0
3505,120,0,-0.828125,-1.390625,0.0
3506,120,1,1.078125,-3.671875,0.0
3507,120,1,-0.75,-0.765625,1.0
3508,120,0,0.0,-0.5625,0.0
3509,120,0,0.40625,-2.125,0.0
3510,120,0,-0.359375,0.078125,0.0
3511,120,0,1.078125,-1.25,0.0
3512,120,0,1.671875,-0.390625,0.0
3513,120,0,-0.796875,0.3125,0.0
3514,120,0,0.078125,1.0625,1.0
3515,120,0,-0.015625,1.671875,1.0
3516,120,0,-0.765625,1.0,1.0
3517,120,1,1.234375,-0.5,0.0
3518,120,0,1.90625,0.5625,0.0
3519,120,0,0.21875,-2.296875,1.0
3520,120,1,0.34375,0.6875,0.0
3521,120,0,-0.890625,-2.0625,0.0
3522,120,0,0.171875,1.625,0.0
3523,120,0,-0.25,-0.671875,0.0
3524,120,0,-0.734375,0.25,0.0
3525,120,0,-0.4375,0.296875,0.0
3526,120,1,-0.203125,-1.203125,1.0
3527,120,0,-1.9375,-0.421875,1.0
3528,120,1,0.1875,1.09375,0.0
3529,120,0,-0.03125,0.4375,0.0
3530,120,1,-0.453125,-1.890625,0.0
3531,120,1,-0.40625,-1.921875,1.0
3532,120,0,-0.1875,1.15625,0.0
3533,120,1,-0.03125,-0.5,1.0
3534,120,1,0.34375,-0.15625,0.0
3535,120,1,1.515625,-0.578125,1.0
3536,120,0,1.15625,-0.59375,0.0
3537,120,0,-0.40625,1.140625,0.0
3538,120,0,-0.125,0.984375,1.0
3539,120,1,0.703125,0.109375,0.0
3540,121,0,-0.90625,1.03125,0.0
3541,121,0,-0.109375,-0.546875,0.0
3542,121,0,-1.1875,0.78125,1.0
3543,121,1,-0.296875,-1.234375,1.0
3544,121,0,-0.53125,-1.375,1.0
3545,121,0,0.5,0.234375,0.0
3546,121,0,0.078125,0.65625,0.0
3547,121,1,0.875,-2.609375,1.0
3548,121,0,1.28125,0.265625,0.0
3549,121,1,0.078125,0.4375,0.0
3550,121,1,1.234375,0.453125,0.0
3551,121,1,2.140625,-0.15625,1.0
3552,121,1,-0.328125,-0.421875,1.0
3553,121,1,0.578125,-1.265625,1.0
3554,121,1,2.171875,-1.25,1.0
3555,121,1,0.984375,-0.40625,0.0
3556,121,1,1.125,1.0,1.0
3557,121,0,-0.421875,-0.484375,1.0
3558,121,0,-1.625,-0.625,1.0
3559,121,0,0.359375,0.546875,1.0
3560,122,0,-2.65625,0.5625,0.0
3561,122,0,0.53125,-1.640625,0.0
3562,122,0,-1.09375,0.53125,0.0
3563,122,1,-0.75,0.671875,0.0
3564,122,1,-0.140625,0.265625,1.0
3565,122,1,-0.109375,1.640625,1.0
3566,122,1,-0.234375,0.390625,1.0
3567,122,1,-0.328125,-0.5,0.0
3568,122,0,0.046875,1.46875,0.0
3569,122,1,-0.84375,0.265625,0.0
3570,122,0,-1.578125,-0.1875,0.0
3571,122,1,3.21875,1.578125,1.0
3572,122,1,1.171875,1.78125,0.0
3573,122,0,-0.265625,1.28125,0.0
3574,122,0,-1.015625,0.265625,0.0
3575,122,1,-0.84375,-1.0,1.0
3576,122,1,-0.4375,-0.609375,0.0
3577,122,0,-0.421875,-0.734375,0.0
3578,122,1,-0.453125,-1.078125,0.0
3579,122,0,1.015625,0.84375,0.0
3580,122,1,-0.265625,1.890625,0.0
3581,123,0,-1.15625,-0.015625,0.0
3582,123,0,-1.578125,-0.515625,0.0
3583,123,0,-0.234375,-1.1875,0.0
3584,123,1,2.1875,0.875,0.0
3585,123,0,0.0625,-1.359375,0.0
3586,123,1,1.984375,-0.515625,0.0
3587,123,0,-0.734375,-0.4375,0.0
3588,123,0,-1.0625,-2.171875,1.0
3589,123,0,0.140625,0.921875,0.0
3590,123,1,0.640625,-1.6875,1.0
3591,123,1,-1.296875,-0.96875,1.0
3592,123,1,-0.078125,-1.03125,0.0
3593,123,1,0.9375,-1.125,0.0
3594,123,0,-1.5,-0.90625,0.0
3595,123,0,0.28125,0.125,0.0
3596,123,0,-0.15625,0.203125,0.0
3597,123,0,-0.09375,-1.265625,1.0
3598,123,0,-0.453125,-0.828125,1.0
3599,123,0,0.953125,-0.5,0.0
3600,123,1,0.203125,0.203125,0.0
3601,123,0,-1.171875,-1.109375,1.0
3602,123,0,-1.796875,0.421875,0.0
3603,124,0,0.15625,0.828125,0.0
3604,124,0,-1.125,0.953125,0.0
3605,124,0,0.265625,-1.0,1.0
3606,124,0,-1.890625,-0.546875,0.0
3607,124,0,0.203125,-1.125,0.0
3608,124,0,-2.140625,-0.125,0.0
3609,124,0,1.578125,1.4375,0.0
3610,124,0,-0.59375,-1.875,0.0
3611,124,1,0.265625,-0.921875,0.0
3612,124,0,-0.28125,-1.625,0.0
3613,124,0,0.171875,-1.125,0.0
3614,124,0,0.03125,-0.78125,0.0
3615,124,0,0.078125,-1.453125,0.0
3616,124,0,0.015625,1.65625,0.0
3617,124,0,1.046875,0.609375,0.0
3618,124,0,0.328125,0.328125,1.0
3619,124,1,-1.9375,-0.96875,0.0
3620,124,0,-0.75,-1.65625,1.0
3621,124,0,-1.5625,-1.125,0.0
3622,124,0,-1.015625,0.28125,1.0
3623,124,0,0.53125,-1.28125,0.0
3624,124,0,0.0625,-0.359375,1.0
3625,124,1,0.03125,-1.984375,0.0
3626,125,0,1.296875,1.15625,1.0
3627,125,0,0.0625,0.515625,0.0
3628,125,0,0.609375,0.734375,0.0
3629,125,1,-0.5625,-0.21875,1.0
3630,125,1,-1.484375,-1.265625,0.0
3631,125,1,0.0625,1.015625,0.0
3632,125,0,-0.09375,-0.25,0.0
3633,125,1,0.859375,1.1875,0.0
3634,125,1,0.203125,-1.546875,0.0
3635,125,1,1.421875,0.34375,0.0
3636,125,0,-0.40625,-0.671875,0.0
3637,125,0,-1.515625,-1.421875,1.0
3638,125,0,0.609375,-1.015625,0.0
3639,125,1,0.625,0.25,1.0
3640,125,1,0.265625,-0.9375,1.0
3641,125,1,1.0,-1.265625,0.0
3642,125,1,0.40625,-0.484375,0.0
3643,125,0,-0.015625,1.296875,0.0
3644,125,0,0.046875,-0.53125,1.0
3645,125,1,-0.9375,-0.859375,1.0
3646,125,1,-0.671875,0.578125,1.0
3647,125,0,-2.5625,-0.765625,1.0
3648,125,0,-0.96875,0.0,0.0
3649,125,0,0.1875,0.203125,0.0
3650,126,0,0.203125,0.28125,1.0
3651,126,0,-0.140625,0.25,0.0
3652,126,1,-0.96875,1.53125,0.0
3653,126,1,0.125,-0.65625,0.0
3654,126,0,0.046875,-0.5,1.0
3655,126,1,0.171875,-1.5625,1.0
3656,126,0,-0.515625,-1.78125,1.0
3657,126,1,0.5625,-0.0625,1.0
3658,126,1,-1.578125,-0.78125,1.0
3659,126,0,-1.40625,0.40625,0.0
3660,126,0,-0.609375,-1.5625,1.0
3661,126,1,1.03125,-0.328125,0.0
3662,126,1,0.90625,-0.65625,1.0
3663,126,1,-0.3125,-2.734375,0.0
3664,126,1,0.828125,-1.375,0.0
3665,126,1,-2.5625,0.09375,0.0
3666,126,1,0.921875,-1.421875,1.0
3667,126,0,1.265625,-1.75,0.0
3668,126,1,-0.3125,-0.171875,1.0
3669,126,0,-0.75,1.171875,1.0
3670,126,1,0.34375,-0.46875,0.0
3671,126,1,-0.328125,-0.21875,1.0
3672,126,1,1.9375,-1.390625,1.0
3673,126,0,2.09375,-0.015625,0.0
3674,126,0,-0.703125,-1.78125,0.0
3675,127,1,0.484375,-0.421875,1.0
3676,127,1,1.359375,-2.640625,0.0
3677,127,1,0.15625,0.921875,0.0
3678,127,0,-2.0,0.140625,0.0
3679,127,0,0.359375,0.359375,0.0
3680,127,1,1.546875,-0.984375,0.0
3681,127,1,-0.703125,0.15625,0.0
3682,127,0,-1.171875,-0.5,0.0
3683,127,0,-0.75,-0.40625,0.0
3684,127,1,1.546875,-1.203125,0.0
3685,127,0,-0.125,-0.015625,0.0
3686,127,1,1.0625,0.3125,1.0
3687,127,0,-1.53125,-0.796875,0.0
3688,127,0,-0.375,0.0,0.0
3689,127,0,-1.765625,1.265625,0.0
3690,127,0,-1.046875,-1.21875,0.0
3691,127,1,1.171875,-0.578125,0.0
3692,127,1,-0.078125,-0.578125,1.0
3693,127,1,0.0625,1.265625,1.0
3694,127,1,2.25,-1.421875,0.0
3695,127,1,-0.046875,0.234375,1.0
3696,127,1,0.765625,0.453125,1.0
3697,127,0,-0.828125,-0.984375,0.0
3698,127,1,0.671875,-0.078125,0.0
3699,127,0,-0.75,-1.359375,0.0
3700,127,1,-0.71875,-1.546875,1.0
3701,128,1,-0.28125,0.6875,1.0
3702,128,0,0.5625,-1.125,1.0
3703,128,0,-0.671875,-1.609375,0.0
3704,128,0,-0.171875,-1.046875,0.0
3705,128,1,2.21875,-0.59375,1.0
3706,128,0,1.03125,-0.515625,0.0
3707,128,1,-0.359375,0.09375,0.0
3708,128,0,-0.671875,-2.6875,0.0
3709,128,0,1.96875,1.09375,0.0
3710,128,1,-0.046875,0.78125,1.0
3711,128,0,1.5625,0.25,0.0
3712,128,1,-0.171875,0.765625,1.0
3713,128,0,1.296875,0.1875,0.0
3714,128,1,1.6875,0.453125,0.0
3715,128,0,-0.640625,1.171875,0.0
3716,128,0,-0.84375,-0.109375,1.0
3717,128,1,0.515625,-0.953125,1.0
3718,128,0,-0.421875,-0.359375,0.0
3719,128,0,-0.8125,-0.234375,0.0
3720,128,0,0.171875,0.140625,1.0
3721,128,1,-1.125,0.734375,0.0
3722,128,1,2.0625,1.21875,0.0
3723,128,1,0.03125,-2.203125,0.0
3724,128,1,2.234375,0.359375,0.0
3725,128,0,-0.359375,-2.28125,0.0
3726,128,0,1.734375,-0.84375,0.0
3727,128,0,-0.5,-1.421875,1.0
3728,129,1,-0.296875,-0.953125,0.0
3729,129,1,0.875,-1.15625,0.0
3730,129,1,1.875,1.671875,0.0
3731,129,1,0.296875,0.4375,0.0
3732,129,0,0.09375,1.25,1.0
3733,129,1,-1.03125,0.296875,1.0
3734,129,1,1.0,1.75,1.0
3735,129,1,0.59375,-0.265625,0.0
3736,129,0,0.546875,-0.015625,0.0
3737,129,0,-2.34375,-0.6875,0.0
3738,129,1,-1.21875,0.375,1.0
3739,129,1,-2.1875,-2.671875,0.0
3740,129,1,-0.71875,-0.75,0.0
3741,129,1,1.25,2.21875,1.0
3742,129,1,1.40625,-1.6875,1.0
3743,129,1,0.515625,-1.4375,1.0
3744,129,1,0.5,-0.453125,1.0
3745,129,1,-0.875,1.140625,1.0
3746,129,1,1.171875,-0.859375,0.0
3747,129,0,-0.96875,0.640625,0.0
3748,129,1,0.421875,-0.046875,1.0
3749,129,0,-0.21875,1.25,0.0
3750,129,0,-1.4375,0.4375,0.0
3751,129,0,-0.5625,0.046875,1.0
3752,129,0,-2.453125,-0.84375,0.0
3753,129,1,1.21875,-0.765625,1.0
3754,129,1,0.34375,1.953125,0.0
3755,129,0,-0.484375,1.109375,0.0
3756,130,0,-0.8125,0.828125,0.0
3757,130,1,-1.328125,0.15625,1.0
3758,130,1,1.125,-1.09375,0.0
3759,130,0,1.296875,1.078125,1.0
3760,130,0,-0.8125,0.015625,0.0
3761,130,1,-0.421875,-0.3125,0.0
3762,130,0,-0.234375,-2.46875,0.0
3763,130,0,-1.71875,-1.796875,1.0
3764,130,0,-0.953125,-1.046875,0.0
3765,130,0,-0.796875,-0.84375,1.0
3766,130,1,-0.109375,-0.296875,0.0
3767,130,0,-0.953125,-0.1875,1.0
3768,130,1,-1.359375,-0.140625,1.0
3769,130,1,-0.96875,-0.78125,1.0
3770,130,1,-0.375,-0.296875,0.0
3771,130,0,-1.640625,-0.140625,0.0
3772,130,1,1.390625,0.640625,0.0
3773,130,1,0.828125,-0.203125,0.0
3774,130,0,-0.453125,-0.34375,0.0
3775,130,0,-0.015625,0.015625,1.0
3776,130,0,-1.71875,0.796875,0.0
3777,130,0,0.296875,-0.75,1.0
3778,130,1,0.515625,-2.3125,0.0
3779,130,0,0.5625,0.421875,0.0
3780,130,1,-0.875,-0.53125,1.0
3781,130,0,0.421875,-1.796875,1.0
3782,130,1,-0.3125,-3.875,0.0
3783,130,1,-0.09375,-0.4375,0.0
3784,130,0,0.328125,-0.703125,0.0
3785,131,0,1.703125,0.328125,0.0
3786,131,0,-1.21875,-1.109375,1.0
3787,131,1,0.9375,-0.453125,0.0
3788,131,0,1.265625,-1.59375,1.0
3789,131,1,-0.453125,1.515625,1.0
3790,131,1,0.84375,-0.5,1.0
3791,131,1,-0.953125,-1.578125,0.0
3792,131,0,-0.125,-1.75,0.0
3793,131,0,0.484375,-0.21875,0.0
3794,131,0,0.359375,-1.1875,0.0
3795,131,1,1.1875,0.078125,1.0
3796,131,0,-2.078125,-0.078125,0.0
3797,131,0,1.109375,-1.453125,1.0
3798,131,0,-0.734375,0.71875,0.0
3799,131,1,0.921875,0.21875,0.0
3800,131,1,0.84375,-1.3125,1.0
3801,131,0,-0.734375,0.578125,0.0
3802,131,0,0.640625,0.453125,1.0
3803,131,1,2.25,-1.203125,1.0
3804,131,1,1.0625,-1.03125,1.0
3805,131,0,0.5,-0.359375,0.0
3806,131,0,-2.6875,-1.75,0.0
3807,131,1,-0.25,-1.0625,0.0
3808,131,1,-1.15625,-0.84375,1.0
3809,131,0,-0.171875,-0.734375,0.0
3810,131,0,-1.921875,0.65625,0.0
3811,131,1,0.1875,-1.59375,0.0
3812,131,1,-0.90625,0.0625,0.0
3813,131,0,-1.015625,-1.921875,0.0
3814,131,0,0.109375,-0.46875,1.0
3815,132,0,1.375,1.90625,1.0
3816,132,0,0.421875,-0.15625,0.0
3817,132,0,0.078125,-0.328125,0.0
3818,132,0,-1.484375,0.6875,0.0
3819,132,1,-0.15625,-0.90625,1.0
3820,132,1,-0.515625,-1.40625,1.0
3821,132,0,-1.90625,-0.28125,1.0
3822,132,1,-1.75,1.109375,1.0
3823,132,1,0.78125,0.734375,1.0
3824,132,0,0.75,-0.5,0.0
3825,132,0,-0.421875,-0.34375,0.0
3826,132,0,0.0625,0.078125,1.0
3827,132,1,-0.546875,0.21875,1.0
3828,132,0,-0.4375,-2.890625,0.0
3829,132,0,1.140625,-0.671875,0.0
3830,132,0,0.109375,-0.953125,1.0
3831,132,1,0.484375,-1.6875,1.0
3832,132,0,-1.09375,1.53125,1.0
3833,132,1,0.015625,-0.09375,0.0
3834,132,1,-0.046875,0.015625,0.0
3835,132,0,-0.3125,0.140625,0.0
3836,132,0,0.5,-0.765625,1.0
3837,132,0,-0.03125,0.546875,1.0
3838,132,0,1.46875,-2.15625,0.0
3839,132,0,0.140625,-0.421875,0.0
3840,132,1,1.109375,-0.015625,1.0
3841,132,0,0.1875,0.0,0.0
3842,132,1,1.0,0.71875,0.0
3843,132,0,0.1875,0.203125,0.0
3844,132,1,-1.921875,-0.265625,1.0
3845,132,1,0.0625,2.140625,1.0
3846,133,1,1.640625,-0.40625,0.0
3847,133,1,-2.09375,1.4375,0.0
3848,133,1,0.96875,-0.734375,1.0
3849,133,0,-1.234375,0.25,0.0
3850,133,1,-0.6875,-0.125,0.0
3851,133,1,0.578125,0.234375,0.0
3852,133,1,1.921875,-0.515625,1.0
3853,133,0,-1.078125,1.0625,1.0
3854,133,0,-0.71875,-1.328125,1.0
3855,133,1,-0.59375,0.140625,1.0
3856,133,1,0.96875,-1.0,1.0
3857,133,1,-0.265625,-1.109375,0.0
3858,133,1,0.828125,-1.625,0.0
3859,133,1,-0.03125,-2.28125,1.0
3860,133,0,-0.65625,-2.015625,1.0
3861,133,1,1.546875,0.90625,0.0
3862,133,1,0.25,-2.265625,0.0
3863,133,0,-1.109375,0.359375,1.0
3864,133,0,0.15625,0.390625,0.0
3865,133,0,-0.546875,-0.78125,0.0
3866,133,0,-0.46875,-0.515625,0.0
3867,133,0,0.8125,-0.5625,1.0
3868,133,0,0.890625,0.171875,0.0
3869,133,0,-2.421875,-1.34375,0.0
3870,133,0,0.25,-1.1875,0.0
3871,133,0,-0.078125,-1.40625,0.0
3872,133,1,-1.15625,-1.0625,0.0
3873,133,0,-0.359375,0.671875,0.0
3874,133,0,-1.390625,1.015625,0.0
3875,133,0,-0.9375,-0.9375,1.0
3876,133,1,0.71875,0.515625,0.0
3877,133,0,0.96875,-0.75,0.0
3878,134,1,-0.734375,-0.921875,0.0
3879,134,0,-0.609375,-0.671875,0.0
3880,134,0,-0.8125,-2.78125,0.0
3881,134,0,1.28125,-1.328125,0.0
3882,134,1,1.453125,0.078125,1.0
3883,134,0,1.015625,-0.21875,0.0
3884,134,0,-0.171875,0.59375,1.0
3885,134,0,0.859375,0.59375,0.0
3886,134,0,0.140625,0.515625,0.0
3887,134,1,2.40625,0.125,1.0
3888,134,0,0.40625,-0.859375,1.0
3889,134,1,-0.953125,-1.09375,0.0
3890,134,0,1.140625,0.421875,0.0
3891,134,1,-0.171875,-1.265625,0.0
3892,134,0,-0.4375,-0.1875,1.0
3893,134,1,-0.625,-0.96875,1.0
3894,134,0,-1.109375,1.125,0.0
3895,134,0,1.203125,-0.65625,1.0
3896,134,0,-0.5,-0.078125,1.0
3897,134,0,0.796875,0.53125,0.0
3898,134,1,0.453125,-1.3125,1.0
3899,134,0,-0.34375,-0.078125,1.0
3900,134,1,2.34375,0.671875,0.0
3901,134,1,1.15625,-0.1875,0.0
3902,134,1,-0.125,0.4375,0.0
3903,134,1,-0.21875,0.234375,0.0
3904,134,1,1.4375,-0.328125,1.0
3905,134,1,-0.265625,-0.96875,1.0
3906,134,1,0.78125,-0.546875,0.0
3907,134,0,-0.5,-1.171875,1.0
3908,134,0,-0.53125,-0.109375,0.0
3909,134,1,1.515625,0.203125,0.0
3910,134,0,0.234375,0.0,0.0
3911,135,0,0.71875,-0.109375,1.0
3912,135,0,0.21875,-0.21875,0.0
3913,135,1,0.640625,-1.046875,0.0
3914,135,0,1.1875,-1.71875,0.0
3915,135,0,0.3125,-2.515625,0.0
3916,135,0,-1.625,-0.25,0.0
3917,135,1,0.765625,-0.453125,0.0
3918,135,0,-0.421875,-0.328125,1.0
3919,135,0,-1.484375,-0.75,0.0
3920,135,0,-0.046875,-0.015625,0.0
3921,135,1,-1.078125,-0.484375,1.0
3922,135,0,-0.28125,-0.21875,1.0
3923,135,0,-1.015625,-0.796875,0.0
3924,135,0,-1.578125,0.328125,1.0
3925,135,0,-0.484375,-0.875,1.0
3926,135,0,0.0,-0.875,0.0
3927,135,0,0.5,-0.59375,0.0
3928,135,0,-1.15625,-1.40625,0.0
3929,135,0,0.1875,0.53125,0.0
3930,135,0,-0.078125,0.1875,0.0
3931,135,0,1.921875,0.59375,1.0
3932,135,1,-0.59375,-2.125,0.0
3933,135,1,-0.71875,-1.0625,1.0
3934,135,0,-0.84375,-1.265625,0.0
3935,135,1,2.015625,-2.125,0.0
3936,135,1,0.9375,-0.375,1.0
3937,135,0,-0.453125,-0.328125,1.0
3938,135,1,-0.265625,-0.1875,1.0
3939,135,0,0.140625,-0.90625,1.0
3940,135,0,-1.09375,-0.265625,0.0
3941,135,0,-0.203125,-2.484375,1.0
3942,135,0,-0.015625,0.78125,1.0
3943,135,1,0.25,0.859375,0.0
3944,135,0,0.265625,2.234375,1.0
3945,136,0,0.453125,-0.4375,0.0
3946,136,1,-0.984375,0.703125,0.0
3947,136,1,0.46875,0.15625,0.0
3948,136,1,3.421875,1.1875,0.0
3949,136,0,-0.3125,1.1875,1.0
3950,136,0,0.859375,-1.453125,0.0
3951,136,0,-0.9375,-0.640625,0.0
3952,136,1,1.03125,-0.84375,0.0
3953,136,0,-0.421875,0.28125,1.0
3954,136,1,0.15625,-0.578125,0.0
3955,136,1,1.125,0.0,0.0
3956,136,1,0.140625,-1.296875,1.0
3957,136,1,0.796875,0.4375,0.0
3958,136,0,-0.359375,-0.078125,0.0
3959,136,1,-1.03125,-0.984375,0.0
3960,136,0,-0.875,-1.4375,0.0
3961,136,0,-1.234375,-0.140625,1.0
3962,136,0,1.015625,-0.90625,1.0
3963,136,1,2.828125,-1.046875,1.0
3964,136,1,0.5625,-0.6875,1.0
3965,136,1,1.671875,-0.484375,0.0
3966,136,0,0.078125,-0.25,0.0
3967,136,1,-0.65625,0.171875,1.0
3968,136,1,1.546875,0.46875,0.0
3969,136,1,0.484375,-0.890625,1.0
3970,136,1,-1.5,-0.421875,0.0
3971,136,1,-0.234375,-0.90625,1.0
3972,136,1,-1.140625,-1.171875,0.0
3973,136,1,-0.09375,-1.0,0.0
3974,136,1,0.953125,-0.46875,0.0
3975,136,0,0.25,0.65625,0.0
3976,136,0,0.828125,0.109375,1.0
3977,136,1,-0.78125,0.296875,0.0
3978,136,0,-0.53125,0.28125,0.0
3979,136,1,-0.1875,-0.109375,0.0
3980,137,0,0.25,-0.421875,1.0
3981,137,0,-2.109375,0.015625,0.0
3982,137,0,0.4375,-0.671875,0.0
3983,137,0,0.796875,0.84375,0.0
3984,137,1,2.03125,-0.09375,1.0
3985,137,0,-2.28125,-0.9375,1.0
3986,137,1,0.59375,-1.03125,1.0
3987,137,1,-1.25,-1.015625,0.0
3988,137,1,0.875,-2.296875,0.0
3989,137,1,0.65625,0.125,1.0
3990,137,0,-1.703125,0.375,0.0
3991,137,0,-0.796875,-0.546875,0.0
3992,137,1,1.28125,0.28125,0.0
3993,137,0,-1.234375,-0.03125,1.0
3994,137,1,-0.84375,-0.21875,0.0
3995,137,1,0.921875,-0.84375,0.0
3996,137,1,-0.71875,0.984375,1.0
3997,137,1,0.4375,-1.015625,1.0
3998,137,0,0.03125,0.59375,0.0
3999,137,0,-0.25,0.4375,1.0
4000,137,0,-0.171875,-0.578125,0.0
4001,137,1,3.125,-0.359375,0.0
4002,137,0,0.03125,0.65625,0.0
4003,137,1,0.359375,0.484375,1.0
4004,137,0,0.734375,0.125,1.0
4005,137,0,-0.203125,0.1875,1.0
4006,137,1,-0.71875,-1.046875,0.0
4007,137,0,-0.453125,-1.546875,0.0
4008,137,0,-1.0,-2.625,0.0
4009,137,1,0.109375,-1.4375,1.0
4010,137,0,-0.84375,-0.609375,1.0
4011,137,0,-1.921875,-1.859375,0.0
4012,137,0,-0.5625,0.046875,0.0
4013,137,0,-1.765625,-0.0625,0.0
4014,137,0,-0.09375,-2.203125,1.0
4015,137,1,0.0,0.0,0.0
4016,138,1,-3.0,1.03125,1.0
4017,138,1,-0.265625,0.53125,0.0
4018,138,0,-0.953125,-1.84375,0.0
4019,138,1,-0.625,1.546875,0.0
4020,138,0,-0.4375,1.296875,1.0
4021,138,0,0.140625,2.078125,0.0
4022,138,1,1.84375,0.90625,0.0
4023,138,1,-0.84375,-0.359375,1.0
4024,138,1,0.453125,0.109375,0.0
4025,138,0,1.046875,-0.078125,1.0
4026,138,1,1.53125,1.0,0.0
4027,138,1,0.53125,-0.6875,1.0
4028,138,0,1.625,1.390625,1.0
4029,138,1,0.28125,-1.21875,1.0
4030,138,0,-1.1875,0.390625,0.0
4031,138,0,-2.171875,-1.59375,0.0
4032,138,0,-0.828125,0.640625,0.0
4033,138,1,0.75,-1.71875,0.0
4034,138,1,-1.9375,0.125,0.0
4035,138,0,-1.09375,-1.09375,1.0
4036,138,1,0.625,-0.140625,0.0
4037,138,1,-0.3125,-0.03125,1.0
4038,138,0,0.3125,-1.375,0.0
4039,138,1,-1.59375,-0.0625,1.0
4040,138,0,1.84375,-1.265625,1.0
4041,138,1,0.015625,0.078125,0.0
4042,138,1,-0.4375,0.328125,1.0
4043,138,1,0.515625,-0.5,0.0
4044,138,1,0.84375,0.328125,1.0
4045,138,0,0.375,0.046875,0.0
4046,138,0,-0.09375,0.828125,0.0
4047,138,1,-1.28125,-0.40625,1.0
4048,138,1,-0.015625,0.4375,1.0
4049,138,0,-0.390625,-0.859375,0.0
4050,138,1,0.46875,-0.765625,0.0
4051,138,1,0.421875,-1.34375,1.0
4052,138,1,0.78125,-1.703125,1.0
4053,139,0,-0.71875,0.078125,0.0
4054,139,1,-0.203125,-1.90625,1.0
4055,139,0,0.0625,-0.375,1.0
4056,139,0,-2.0625,0.921875,0.0
4057,139,0,-0.453125,-0.515625,0.0
4058,139,0,-0.640625,-0.796875,0.0
4059,139,1,0.796875,0.53125,1.0
4060,139,0,-1.078125,1.125,1.0
4061,139,1,2.625,-1.9375,1.0
4062,139,0,-0.609375,-1.03125,0.0
4063,139,1,-0.859375,-0.5625,0.0
4064,139,1,1.0625,-0.28125,0.0
4065,139,0,-0.234375,0.15625,1.0
4066,139,1,0.15625,0.390625,0.0
4067,139,1,0.21875,-1.0,0.0
4068,139,1,0.859375,-1.015625,0.0
4069,139,0,-1.09375,-1.0625,0.0
4070,139,1,1.796875,0.71875,1.0
4071,139,0,-2.109375,0.046875,1.0
4072,139,1,-0.28125,-0.375,1.0
4073,139,0,-0.96875,2.6875,1.0
4074,139,1,-0.890625,0.796875,1.0
4075,139,0,1.25,0.828125,1.0
4076,139,1,0.6875,-0.0625,1.0
4077,139,0,0.609375,0.140625,0.0
4078,139,1,-0.84375,1.296875,1.0
4079,139,0,-0.6875,1.5,1.0
4080,139,0,-1.15625,-1.640625,0.0
4081,139,1,1.796875,-0.578125,1.0
4082,139,0,-0.484375,0.546875,0.0
4083,139,0,-0.765625,0.25,0.0
4084,139,0,0.296875,-0.984375,0.0
4085,139,1,0.265625,1.765625,1.0
4086,139,0,-2.140625,-0.421875,1.0
4087,139,0,-0.9375,0.65625,0.0
4088,139,1,0.328125,2.046875,1.0
4089,139,1,-1.28125,-0.59375,0.0
4090,139,0,-1.25,0.03125,0.0
4091,140,0,-0.671875,-1.296875,0.0
4092,140,1,0.296875,0.453125,0.0
4093,140,0,-1.015625,0.09375,1.0
4094,140,0,-2.03125,0.265625,0.0
4095,140,0,0.234375,-1.828125,1.0
4096,140,0,1.046875,0.75,1.0
4097,140,0,0.203125,0.640625,1.0
4098,140,1,-0.78125,-0.53125,0.0
4099,140,1,-0.296875,-0.265625,0.0
4100,140,1,0.671875,-1.015625,0.0
4101,140,0,-0.75,-0.46875,0.0
4102,140,0,0.265625,0.9375,1.0
4103,140,1,0.796875,0.796875,1.0
4104,140,0,-0.65625,0.953125,0.0
4105,140,0,-0.75,0.78125,1.0
4106,140,0,-0.0625,-1.625,0.0
4107,140,1,1.03125,-0.359375,1.0
4108,140,0,-0.078125,-0.65625,0.0
4109,140,1,1.515625,-0.5,1.0
4110,140,1,-0.734375,-2.125,1.0
4111,140,0,-0.09375,0.34375,1.0
4112,140,0,0.46875,-0.234375,0.0
4113,140,1,-0.78125,-0.4375,0.0
4114,140,1,0.546875,-0.75,0.0
4115,140,1,1.046875,-1.25,0.0
4116,140,0,1.46875,0.53125,1.0
4117,140,0,0.28125,-0.75,0.0
4118,140,1,0.96875,-2.46875,0.0
4119,140,0,-0.84375,-0.328125,0.0
4120,140,0,-0.15625,0.0625,0.0
4121,140,1,0.140625,0.078125,1.0
4122,140,1,0.46875,-0.34375,1.0
4123,140,1,0.984375,0.390625,0.0
4124,140,1,1.15625,-0.65625,0.0
4125,140,1,1.03125,2.09375,1.0
4126,140,0,-2.1875,-0.5,1.0
4127,140,1,0.3125,0.515625,0.0
4128,140,1,-0.078125,-0.171875,1.0
4129,140,1,0.859375,-0.546875,0.0
4130,141,1,0.96875,-1.1875,0.0
4131,141,0,0.546875,-0.3125,0.0
4132,141,1,0.21875,-0.84375,0.0
4133,141,0,-0.546875,-0.515625,0.0
4134,141,0,-1.578125,-0.15625,0.0
4135,141,0,0.125,0.234375,0.0
4136,141,1,-2.109375,-0.265625,1.0
4137,141,0,-0.109375,0.546875,0.0
4138,141,1,-0.171875,0.09375,1.0
4139,141,1,1.25,-0.125,1.0
4140,141,0,-0.984375,-1.765625,0.0
4141,141,0,-1.65625,-1.65625,0.0
4142,141,0,-0.015625,-0.125,1.0
4143,141,1,0.34375,-0.046875,1.0
4144,141,1,1.1875,0.671875,0.0
4145,141,0,0.015625,1.21875,0.0
4146,141,1,0.328125,0.703125,1.0
4147,141,0,0.59375,1.125,0.0
4148,141,1,-0.53125,-0.125,1.0
4149,141,1,2.125,0.0625,1.0
4150,142,1,0.796875,0.171875,0.0
4151,142,1,1.65625,1.640625,0.0
4152,142,0,0.65625,-1.796875,0.0
4153,142,0,0.125,1.734375,0.0
4154,142,1,-1.359375,-0.171875,0.0
4155,142,1,0.703125,0.96875,0.0
4156,142,1,-0.09375,0.25,1.0
4157,142,0,-0.125,-0.171875,0.0
4158,142,0,-0.046875,0.328125,0.0
4159,142,0,-1.640625,1.65625,0.0
4160,142,1,1.09375,1.0625,0.0
4161,142,1,-0.046875,-0.484375,0.0
4162,142,0,-0.046875,-0.1875,0.0
4163,142,0,-1.0,1.0,0.0
4164,142,1,0.25,0.671875,1.0
4165,142,0,-0.171875,-0.171875,0.0
4166,142,1,-0.625,-0.671875,1.0
4167,142,1,0.046875,-0.984375,0.0
4168,142,1,-1.15625,0.3125,1.0
4169,142,0,-0.734375,-0.09375,0.0
4170,142,0,-2.078125,-0.390625,0.0
4171,143,0,-1.15625,-1.234375,0.0
4172,143,0,-1.4375,0.265625,1.0
4173,143,1,-0.40625,-1.203125,1.0
4174,143,0,-0.484375,0.953125,0.0
4175,143,1,1.390625,-0.46875,1.0
4176,143,0,0.328125,0.828125,1.0
4177,143,0,-1.1875,-0.796875,1.0
4178,143,0,0.890625,-2.921875,0.0
4179,143,0,0.09375,0.03125,0.0
4180,143,0,-1.015625,-1.78125,0.0
4181,143,1,-0.1875,-2.359375,1.0
4182,143,0,-0.515625,-0.234375,0.0
4183,143,0,-0.765625,-0.015625,0.0
4184,143,0,-0.671875,1.078125,0.0
4185,143,0,-0.203125,-1.0625,0.0
4186,143,0,-0.046875,0.625,0.0
4187,143,1,-0.046875,-1.578125,0.0
4188,143,0,-0.78125,0.9375,0.0
4189,143,0,-0.046875,-0.71875,0.0
4190,143,0,-0.53125,-1.90625,0.0
4191,143,0,0.890625,-0.875,0.0
4192,143,0,-0.265625,-0.46875,0.0
4193,144,0,-1.21875,-0.96875,1.0
4194,144,0,-0.46875,0.203125,1.0
4195,144,1,-0.359375,0.296875,1.0
4196,144,0,0.453125,0.453125,0.0
4197,144,0,0.96875,-0.1875,1.0
4198,144,1,2.3125,-1.359375,0.0
4199,144,0,-0.765625,1.15625,0.0
4200,144,0,0.015625,-1.4375,0.0
4201,144,1,1.453125,-1.390625,1.0
4202,144,1,-0.546875,-0.765625,1.0
4203,144,0,1.0,0.734375,0.0
4204,144,0,-0.75,-0.546875,1.0
4205,144,0,0.3125,-1.046875,0.0
4206,144,0,-2.3125,0.234375,1.0
4207,144,0,-1.609375,-2.015625,1.0
4208,144,0,0.25,-1.28125,1.0
4209,144,0,-0.609375,1.21875,0.0
4210,144,0,-0.265625,-1.5,0.0
4211,144,0,0.203125,-1.125,0.0
4212,144,0,-1.09375,-2.28125,0.0
4213,144,0,0.046875,-1.09375,0.0
4214,144,0,1.21875,0.34375,1.0
4215,144,0,-0.234375,-0.015625,0.0
4216,145,1,0.828125,1.6875,0.0
4217,145,0,1.28125,0.328125,1.0
4218,145,0,-1.03125,1.21875,0.0
4219,145,0,0.5,-1.296875,0.0
4220,145,0,-0.359375,1.1875,1.0
4221,145,1,0.25,-0.046875,1.0
4222,145,1,-1.515625,0.6875,1.0
4223,145,1,1.09375,-0.453125,1.0
4224,145,0,0.703125,-1.265625,0.0
4225,145,0,-1.28125,-0.296875,1.0
4226,145,1,1.875,1.53125,0.0
4227,145,0,-1.75,0.171875,0.0
4228,145,0,0.75,-0.1875,0.0
4229,145,1,1.953125,-1.359375,0.0
4230,145,0,0.140625,-0.125,0.0
4231,145,0,0.234375,0.796875,1.0
4232,145,0,-0.21875,-0.75,0.0
4233,145,1,-0.0625,0.0625,0.0
4234,145,0,-0.9375,-0.03125,0.0
4235,145,0,0.640625,-0.125,1.0
4236,145,0,-0.515625,-2.328125,0.0
4237,145,1,0.8125,0.59375,0.0
4238,145,0,1.1875,-0.328125,1.0
4239,145,0,0.78125,-0.046875,1.0
4240,146,1,0.671875,0.90625,0.0
4241,146,0,-0.625,1.65625,0.0
4242,146,0,-1.8125,-1.015625,0.0
4243,146,0,-2.125,-0.71875,0.0
4244,146,0,0.703125,1.4375,1.0
4245,146,0,0.234375,-0.46875,1.0
4246,146,1,0.953125,0.390625,0.0
4247,146,0,0.109375,1.25,0.0
4248,146,1,-1.234375,-1.5,0.0
4249,146,0,0.328125,-0.15625,0.0
4250,146,0,-0.890625,0.171875,1.0
4251,146,1,0.203125,0.140625,0.0
4252,146,1,-0.203125,1.203125,0.0
4253,146,0,1.546875,-0.140625,0.0
4254,146,0,-0.984375,-0.828125,1.0
4255,146,0,-1.71875,0.296875,0.0
4256,146,1,0.3125,0.078125,0.0
4257,146,1,0.90625,0.21875,0.0
4258,146,0,0.859375,0.875,0.0
4259,146,0,-2.796875,-1.28125,1.0
4260,146,0,0.015625,-0.75,0.0
4261,146,1,-0.921875,-0.765625,1.0
4262,146,1,1.265625,-1.0625,0.0
4263,146,1,-1.03125,-1.65625,0.0
4264,146,1,-0.5,0.453125,1.0
4265,147,0,0.375,-0.234375,0.0
4266,147,0,0.09375,1.671875,1.0
4267,147,0,-0.140625,-0.859375,1.0
4268,147,1,-0.640625,0.015625,0.0
4269,147,1,-0.3125,0.28125,1.0
4270,147,1,1.0625,1.78125,0.0
4271,147,1,-1.4375,0.75,0.0
4272,147,1,-0.296875,0.328125,0.0
4273,147,1,-0.625,-1.21875,1.0
4274,147,1,0.90625,0.109375,1.0
4275,147,1,-1.0625,1.015625,1.0
4276,147,0,-0.921875,-1.3125,1.0
4277,147,1,-0.875,-1.5,1.0
4278,147,0,-0.3125,0.90625,1.0
4279,147,1,-0.140625,-1.875,1.0
4280,147,0,0.0,1.3125,0.0
4281,147,1,0.5,-0.625,1.0
4282,147,0,0.0,-0.953125,0.0
4283,147,1,-1.046875,0.125,0.0
4284,147,1,0.546875,1.515625,1.0
4285,147,0,0.328125,0.421875,0.0
4286,147,1,-0.625,0.53125,0.0
4287,147,0,1.1875,0.796875,0.0
4288,147,1,0.46875,-0.375,0.0
4289,147,0,-0.875,-0.359375,0.0
4290,147,1,0.6875,-2.0,0.0
4291,148,0,-0.421875,1.40625,1.0
4292,148,0,0.046875,1.875,0.0
4293,148,0,-0.125,-1.796875,0.0
4294,148,1,-0.0625,-0.15625,0.0
4295,148,1,-0.109375,-0.71875,1.0
4296,148,1,0.203125,2.109375,0.0
4297,148,1,0.734375,-0.234375,1.0
4298,148,0,-1.125,0.515625,1.0
4299,148,1,0.203125,0.734375,1.0
4300,148,0,1.671875,1.34375,0.0
4301,148,1,-1.765625,0.125,0.0
4302,148,0,-1.328125,0.0625,1.0
4303,148,0,-1.546875,1.0,0.0
4304,148,1,0.9375,-1.0,1.0
4305,148,1,-0.71875,-0.671875,0.0
4306,148,1,-0.34375,0.3125,1.0
4307,148,1,1.453125,-0.765625,0.0
4308,148,1,-2.046875,-1.265625,0.0
4309,148,1,0.328125,-2.0625,0.0
4310,148,0,-0.703125,-0.515625,0.0
4311,148,0,-1.53125,0.203125,1.0
4312,148,1,-0.09375,-1.015625,0.0
4313,148,1,-0.921875,-0.4375,0.0
4314,148,1,0.203125,0.28125,0.0
4315,148,1,0.703125,0.015625,0.0
4316,148,1,1.46875,0.65625,1.0
4317,148,0,0.640625,-0.84375,0.0
4318,149,0,-1.28125,1.5,0.0
4319,149,0,-1.875,2.125,1.0
4320,149,1,-1.75,-3.03125,1.0
4321,149,1,0.671875,-1.234375,1.0
4322,149,1,-0.484375,-1.125,1.0
4323,149,0,-0.34375,-1.796875,0.0
4324,149,0,0.25,0.015625,0.0
4325,149,1,0.140625,-1.9375,0.0
4326,149,0,1.140625,-0.265625,0.0
4327,149,0,0.03125,-0.1875,1.0
4328,149,0,0.265625,0.4375,1.0
4329,149,0,2.828125,-0.796875,0.0
4330,149,0,0.09375,-0.015625,0.0
4331,149,0,-0.359375,-1.640625,0.0
4332,149,0,-1.734375,-0.65625,0.0
4333,149,0,-2.125,-0.625,0.0
4334,149,0,0.4375,-0.734375,0.0
4335,149,0,2.859375,1.125,0.0
4336,149,0,-0.078125,-2.015625,0.0
4337,149,1,0.765625,-1.34375,0.0
4338,149,1,0.1875,-0.953125,1.0
4339,149,1,1.40625,-1.0625,1.0
4340,149,0,-1.078125,-0.046875,0.0
4341,149,0,-0.375,-1.5,1.0
4342,149,0,-0.90625,-1.234375,1.0
4343,149,1,0.8125,-1.375,0.0
4344,149,0,-0.125,-0.9375,1.0
4345,149,1,-0.671875,0.109375,1.0
4346,150,0,-1.15625,-0.09375,0.0
4347,150,0,-1.21875,0.9375,1.0
4348,150,0,0.640625,0.03125,0.0
4349,150,0,-0.390625,-0.90625,1.0
4350,150,0,-0.0625,-2.6875,0.0
4351,150,0,-1.09375,-0.25,0.0
4352,150,0,0.390625,-2.1875,0.0
4353,150,0,0.53125,0.9375,0.0
4354,150,1,1.40625,0.15625,1.0
4355,150,0,0.125,0.03125,0.0
4356,150,0,-2.28125,-0.765625,1.0
4357,150,1,0.765625,1.75,1.0
4358,150,0,0.328125,-0.984375,1.0
4359,150,0,-0.078125,2.140625,0.0
4360,150,0,0.703125,0.625,1.0
4361,150,1,-1.5,-0.75,1.0
4362,150,0,-0.625,0.859375,0.0
4363,150,0,-0.4375,0.1875,0.0
4364,150,0,-0.5,-0.421875,1.0
4365,150,1,-0.78125,-0.84375,0.0
4366,150,0,-0.25,1.296875,1.0
4367,150,1,0.8125,-0.03125,0.0
4368,150,1,1.671875,0.140625,0.0
4369,150,1,0.296875,-2.3125,1.0
4370,150,0,0.359375,0.359375,1.0
4371,150,1,0.359375,0.671875,0.0
4372,150,1,-0.625,-0.859375,0.0
4373,150,0,-0.59375,0.53125,1.0
4374,150,0,0.890625,0.046875,0.0
4375,151,0,-1.15625,0.75,1.0
4376,151,1,-0.6875,-0.84375,1.0
4377,151,1,-0.34375,-0.390625,1.0
4378,151,1,-1.75,-0.125,1.0
4379,151,0,0.953125,-0.90625,0.0
4380,151,1,2.328125,0.359375,0.0
4381,151,0,-0.796875,-0.46875,0.0
4382,151,0,-0.5,-0.046875,1.0
4383,151,0,0.8125,-0.984375,0.0
4384,151,0,-1.5,0.4375,0.0
4385,151,1,1.140625,-0.890625,0.0
4386,151,1,-0.96875,-1.453125,0.0
4387,151,0,-0.328125,-0.015625,1.0
4388,151,1,0.078125,-1.25,1.0
4389,151,0,-0.125,-0.90625,0.0
4390,151,0,1.703125,1.125,0.0
4391,151,0,1.953125,0.1875,1.0
4392,151,0,-1.0625,0.0,1.0
4393,151,0,-0.828125,-0.625,1.0
4394,151,0,-0.5625,-1.15625,1.0
4395,151,0,0.71875,-0.296875,0.0
4396,151,0,-1.140625,0.671875,1.0
4397,151,0,-1.640625,-1.421875,0.0
4398,151,1,-0.296875,-2.375,0.0
4399,151,0,-1.953125,0.765625,0.0
4400,151,1,-2.421875,1.75,0.0
4401,151,1,-0.625,-0.90625,1.0
4402,151,0,1.5625,-0.53125,0.0
4403,151,0,-0.796875,-0.265625,0.0
4404,151,0,1.0625,-0.421875,1.0
4405,152,1,0.03125,1.328125,1.0
4406,152,1,-0.9375,-1.53125,0.0
4407,152,0,-0.125,-1.421875,0.0
4408,152,0,0.609375,-0.140625,0.0
4409,152,0,-0.65625,0.3125,1.0
4410,152,0,0.65625,0.5,1.0
4411,152,1,0.71875,-1.921875,1.0
4412,152,0,0.328125,-1.953125,0.0
4413,152,0,-0.59375,-0.578125,0.0
4414,152,0,0.78125,0.84375,0.0
4415,152,0,-0.546875,-0.28125,0.0
4416,152,0,-1.0625,1.109375,0.0
4417,152,1,1.015625,-0.578125,1.0
4418,152,1,-0.15625,-1.875,0.0
4419,152,0,-0.765625,0.078125,0.0
4420,152,0,-1.15625,-0.640625,0.0
4421,152,1,1.484375,-0.890625,1.0
4422,152,1,1.5625,0.328125,0.0
4423,152,0,0.109375,0.109375,0.0
4424,152,1,1.15625,-0.96875,1.0
4425,152,0,-0.25,1.15625,1.0
4426,152,0,-0.3125,0.4375,1.0
4427,152,0,-0.28125,0.640625,0.0
4428,152,1,-0.75,0.40625,1.0
4429,152,0,-1.328125,-0.015625,1.0
4430,152,0,-0.890625,-0.109375,0.0
4431,152,0,0.703125,1.109375,0.0
4432,152,1,-2.03125,0.40625,1.0
4433,152,0,-2.09375,0.703125,1.0
4434,152,1,0.1875,-1.015625,1.0
4435,152,0,-0.546875,-0.203125,0.0
4436,153,1,0.234375,-1.0,1.0
4437,153,1,0.078125,-1.140625,0.0
4438,153,1,-0.703125,-0.75,0.0
4439,153,1,1.25,-0.21875,0.0
4440,153,0,-1.125,-1.3125,1.0
4441,153,1,-0.328125,-0.203125,0.0
4442,153,1,-0.5,0.328125,0.0
4443,153,0,-0.421875,0.65625,1.0
4444,153,1,1.0625,0.921875,0.0
4445,153,1,0.796875,1.515625,1.0
4446,153,0,-0.5,-1.0,0.0
4447,153,1,-1.40625,0.59375,1.0
4448,153,1,1.078125,0.859375,0.0
4449,153,0,0.84375,1.484375,0.0
4450,153,0,-1.421875,-0.09375,0.0
4451,153,1,-0.40625,-1.140625,1.0
4452,153,1,0.671875,1.640625,1.0
4453,153,1,0.28125,-0.1875,0.0
4454,153,0,-1.46875,-0.0625,0.0
4455,153,1,0.125,-0.5,1.0
4456,153,0,-1.84375,-0.59375,0.0
4457,153,1,0.6875,-2.234375,0.0
4458,153,1,-0.421875,0.046875,0.0
4459,153,1,-0.859375,-0.65625,1.0
4460,153,1,0.1875,1.71875,1.0
4461,153,1,-0.84375,-0.375,1.0
4462,153,0,-1.5625,0.828125,0.0
4463,153,1,-1.390625,-0.765625,1.0
4464,153,0,-2.046875,0.203125,0.0
4465,153,1,-0.671875,1.59375,0.0
4466,153,1,0.84375,0.8125,1.0
4467,153,0,-0.859375,1.28125,0.0
4468,154,0,-0.0625,0.328125,1.0
4469,154,0,-0.921875,-1.21875,1.0
4470,154,0,0.859375,0.53125,0.0
4471,154,0,-1.296875,0.453125,0.0
4472,154,0,-0.78125,-0.546875,0.0
4473,154,0,0.453125,1.109375,0.0
4474,154,1,1.671875,-0.484375,0.0
4475,154,0,0.390625,-0.8125,0.0
4476,154,1,-0.390625,-0.09375,1.0
4477,154,1,1.671875,-1.359375,0.0
4478,154,0,-0.609375,-1.25,1.0
4479,154,0,0.0625,-0.15625,0.0
4480,154,0,0.515625,-0.1875,0.0
4481,154,0,0.265625,-1.15625,1.0
4482,154,1,1.03125,-1.53125,1.0
4483,154,1,0.015625,-0.671875,0.0
4484,154,1,-0.15625,-0.515625,1.0
4485,154,1,-0.015625,-0.234375,1.0
4486,154,1,0.0625,0.203125,1.0
4487,154,0,-0.71875,-0.984375,0.0
4488,154,1,-0.3125,-0.40625,1.0
4489,154,0,-0.84375,0.296875,0.0
4490,154,1,-0.046875,1.515625,1.0
4491,154,0,-0.484375,0.359375,0.0
4492,154,0,-1.0,-0.5625,0.0
4493,154,1,1.203125,-2.1875,1.0
4494,154,0,-0.375,0.421875,1.0
4495,154,0,-1.34375,-0.734375,0.0
4496,154,1,0.9375,0.953125,1.0
4497,154,0,-0.78125,-0.875,1.0
4498,154,0,0.375,-0.125,0.0
4499,154,1,2.640625,-2.0625,0.0
4500,154,0,1.8125,-1.0625,0.0
4501,155,1,-0.390625,1.015625,1.0
4502,155,1,-0.828125,1.0,1.0
4503,155,1,-0.796875,-0.03125,0.0
4504,155,1,0.171875,-0.546875,1.0
4505,155,1,1.375,-0.984375,1.0
4506,155,1,0.140625,0.90625,1.0
4507,155,1,-0.6875,-1.25,0.0
4508,155,1,-1.03125,-1.734375,1.0
4509,155,1,-0.203125,-0.40625,0.0
4510,155,1,-2.03125,0.5625,0.0
4511,155,1,1.0,-0.171875,1.0
4512,155,1,0.390625,-0.9375,1.0
4513,155,0,0.375,1.640625,0.0
4514,155,1,0.5625,2.171875,0.0
4515,155,1,0.171875,0.703125,1.0
4516,155,0,-1.296875,0.328125,0.0
4517,155,1,0.234375,0.296875,0.0
4518,155,1,0.15625,-0.59375,0.0
4519,155,1,0.03125,-0.609375,1.0
4520,155,1,0.015625,-0.15625,1.0
4521,155,0,1.171875,-0.09375,0.0
4522,155,0,-0.046875,0.015625,0.0
4523,155,1,-0.90625,-1.046875,0.0
4524,155,1,0.8125,-0.546875,1.0
4525,155,1,0.484375,-0.125,0.0
4526,155,1,0.75,-0.375,1.0
4527,155,0,-1.15625,-1.484375,1.0
4528,155,0,0.4375,-1.078125,0.0
4529,155,1,1.203125,0.859375,1.0
4530,155,0,-0.25,-0.921875,1.0
4531,155,0,0.046875,-0.3125,1.0
4532,155,0,-0.15625,-0.140625,0.0
4533,155,1,2.03125,-1.375,0.0
4534,155,0,-0.21875,1.640625,0.0
4535,156,1,-2.53125,0.953125,0.0
4536,156,1,1.421875,-2.46875,0.0
4537,156,0,1.15625,-1.578125,0.0
4538,156,0,0.28125,-1.09375,0.0
4539,156,0,0.625,-0.8125,0.0
4540,156,0,0.53125,0.546875,1.0
4541,156,0,1.921875,0.453125,0.0
4542,156,0,-0.953125,-0.25,0.0
4543,156,0,1.078125,0.03125,0.0
4544,156,1,-1.375,0.375,0.0
4545,156,0,-1.265625,-0.421875,1.0
4546,156,1,-0.265625,-1.765625,0.0
4547,156,1,-1.015625,-0.453125,1.0
4548,156,1,0.046875,-0.6875,1.0
4549,156,1,0.59375,-1.296875,1.0
4550,156,1,0.4375,-1.125,0.0
4551,156,1,1.8125,-1.09375,0.0
4552,156,1,0.1875,0.703125,1.0
4553,156,0,0.09375,-1.15625,0.0
4554,156,0,-0.546875,-0.5625,1.0
4555,156,0,0.375,-1.5625,0.0
4556,156,0,0.15625,-0.421875,0.0
4557,156,1,-1.53125,-0.359375,1.0
4558,156,0,0.59375,-1.21875,0.0
4559,156,1,-0.03125,-0.296875,0.0
4560,156,0,-1.4375,0.0625,0.0
4561,156,1,0.03125,0.21875,1.0
4562,156,1,1.1875,-1.609375,0.0
4563,156,0,-0.84375,-1.484375,1.0
4564,156,1,1.515625,-0.453125,1.0
4565,156,1,0.109375,-1.21875,1.0
4566,156,1,0.328125,0.03125,0.0
4567,156,0,-1.484375,-1.984375,0.0
4568,156,0,-1.40625,0.84375,0.0
4569,156,0,0.734375,-0.859375,0.0
4570,157,1,0.71875,0.765625,0.0
4571,157,0,0.53125,-1.578125,0.0
4572,157,0,-2.046875,-0.0625,1.0
4573,157,0,1.0625,-0.0625,0.0
4574,157,0,0.15625,0.28125,0.0
4575,157,1,1.90625,0.1875,0.0
4576,157,0,1.734375,-0.46875,0.0
4577,157,1,-0.484375,-1.125,0.0
4578,157,0,0.390625,-0.234375,0.0
4579,157,0,-1.828125,2.0,1.0
4580,157,0,1.03125,-0.375,1.0
4581,157,0,0.21875,-1.4375,1.0
4582,157,0,0.625,-0.640625,1.0
4583,157,1,0.5625,0.984375,0.0
4584,157,0,0.984375,-0.171875,1.0
4585,157,1,0.640625,-0.65625,1.0
4586,157,0,-1.203125,-0.734375,0.0
4587,157,1,0.40625,0.625,0.0
4588,157,0,-0.53125,0.6875,1.0
4589,157,1,-0.703125,-0.984375,1.0
4590,157,1,0.734375,-0.90625,0.0
4591,157,0,0.40625,1.078125,0.0
4592,157,0,-2.4375,-0.078125,1.0
4593,157,1,-0.203125,0.109375,0.0
4594,157,0,-0.765625,-0.140625,1.0
4595,157,1,-0.578125,-1.40625,1.0
4596,157,0,-0.140625,0.40625,0.0
4597,157,0,-0.890625,-0.125,0.0
4598,157,0,1.640625,0.796875,0.0
4599,157,1,0.28125,-1.859375,0.0
4600,157,1,0.859375,0.515625,1.0
4601,157,1,-0.921875,1.0,0.0
4602,157,0,-0.1875,0.71875,0.0
4603,157,0,-0.71875,-1.5,0.0
4604,157,1,0.328125,-0.359375,1.0
4605,157,0,0.578125,0.109375,1.0
4606,158,0,0.078125,0.90625,0.0
4607,158,0,-0.4375,-1.3125,0.0
4608,158,1,-1.28125,-0.34375,1.0
4609,158,1,0.359375,-0.265625,0.0
4610,158,1,2.0,3.09375,0.0
4611,158,1,2.859375,0.671875,0.0
4612,158,0,1.796875,-2.21875,0.0
4613,158,1,1.734375,0.5625,1.0
4614,158,1,-2.15625,-0.390625,1.0
4615,158,1,-1.6875,-0.65625,0.0
4616,158,0,-0.75,-0.078125,1.0
4617,158,1,0.8125,0.0625,0.0
4618,158,0,-0.734375,-0.546875,0.0
4619,158,0,-0.046875,0.296875,0.0
4620,158,0,-1.296875,0.921875,1.0
4621,158,1,0.453125,0.15625,0.0
4622,158,1,0.078125,0.1875,0.0
4623,158,0,-1.328125,0.03125,0.0
4624,158,1,0.6875,1.03125,0.0
4625,158,1,-0.28125,0.25,1.0
4626,158,0,-0.671875,-1.1875,0.0
4627,158,1,-0.046875,1.640625,0.0
4628,158,0,-1.625,0.484375,1.0
4629,158,0,0.265625,0.9375,0.0
4630,158,1,1.046875,1.03125,1.0
4631,158,1,-1.609375,-0.96875,1.0
4632,158,0,-0.515625,2.046875,0.0
4633,158,1,0.59375,-0.78125,0.0
4634,158,1,1.546875,0.171875,0.0
4635,158,1,-0.59375,0.75,1.0
4636,158,1,0.609375,-1.171875,1.0
4637,158,1,0.875,1.390625,1.0
4638,158,1,1.203125,-0.90625,0.0
4639,158,0,0.6875,1.9375,0.0
4640,158,1,-0.96875,0.296875,0.0
4641,158,1,-1.671875,0.421875,0.0
4642,158,1,-0.078125,-0.625,0.0
4643,159,1,1.59375,-0.09375,1.0
4644,159,1,-0.78125,-0.765625,1.0
4645,159,0,-1.03125,-0.578125,1.0
4646,159,1,1.890625,-0.75,0.0
4647,159,1,0.0625,0.0,0.0
4648,159,0,0.21875,0.40625,0.0
4649,159,0,-1.0625,-0.828125,0.0
4650,159,0,-1.046875,-0.6875,1.0
4651,159,1,-0.828125,-0.25,0.0
4652,159,1,0.90625,-0.46875,1.0
4653,159,0,-1.5,-0.90625,0.0
4654,159,0,0.234375,-0.984375,0.0
4655,159,1,-0.515625,-1.15625,1.0
4656,159,1,1.203125,-1.140625,1.0
4657,159,1,1.140625,-1.765625,0.0
4658,159,1,1.171875,-0.109375,1.0
4659,159,0,-1.171875,-1.21875,0.0
4660,159,1,-0.5,1.84375,0.0
4661,159,1,-0.234375,-1.375,0.0
4662,159,0,-0.796875,-0.65625,0.0
4663,159,0,-0.421875,0.796875,1.0
4664,159,0,0.046875,0.15625,0.0
4665,159,0,-0.109375,0.59375,0.0
4666,159,1,0.140625,1.234375,0.0
4667,159,0,-0.28125,-1.046875,0.0
4668,159,0,0.09375,-0.4375,1.0
4669,159,0,0.40625,0.328125,1.0
4670,159,0,1.625,-0.71875,0.0
4671,159,0,1.484375,-0.78125,0.0
4672,159,0,0.84375,-1.125,1.0
4673,159,1,-1.03125,-2.859375,0.0
4674,159,1,1.0,-1.90625,1.0
4675,159,1,-1.4375,-0.359375,1.0
4676,159,1,0.578125,0.109375,1.0
4677,159,1,-1.125,0.71875,1.0
4678,159,0,0.4375,0.453125,1.0
4679,159,0,-0.4375,-0.765625,0.0
4680,159,1,0.546875,0.34375,1.0
4681,160,0,-1.3125,-1.46875,1.0
4682,160,1,0.671875,0.65625,0.0
4683,160,1,-0.671875,-0.703125,0.0
4684,160,0,0.5625,1.3125,0.0
4685,160,1,0.0625,0.625,1.0
4686,160,0,1.421875,-0.875,0.0
4687,160,0,-0.1875,0.96875,0.0
4688,160,0,1.453125,0.59375,1.0
4689,160,0,-2.03125,0.484375,0.0
4690,160,1,0.046875,-1.4375,1.0
4691,160,0,-0.703125,-0.296875,0.0
4692,160,0,-0.578125,1.21875,0.0
4693,160,0,0.21875,1.53125,0.0
4694,160,1,0.71875,-0.296875,0.0
4695,160,1,1.0,-0.734375,0.0
4696,160,0,-1.296875,0.5625,0.0
4697,160,1,0.515625,0.21875,0.0
4698,160,1,1.25,-0.984375,0.0
4699,160,0,-0.5625,0.828125,0.0
4700,160,0,2.296875,0.4375,1.0
4701,160,1,0.65625,-0.734375,0.0
4702,160,1,0.171875,1.71875,0.0
4703,160,0,-1.296875,0.046875,0.0
4704,160,0,-0.03125,0.71875,1.0
4705,160,1,0.34375,-1.53125,0.0
4706,160,1,0.625,1.203125,0.0
4707,160,0,0.4375,1.265625,0.0
4708,160,0,0.125,0.0625,0.0
4709,160,1,-0.03125,-0.328125,1.0
4710,160,1,2.140625,0.859375,1.0
4711,160,1,-0.625,-0.484375,1.0
4712,160,1,1.40625,-1.265625,0.0
4713,160,0,-0.53125,-1.40625,1.0
4714,160,0,-0.5,0.984375,0.0
4715,160,1,-0.15625,0.046875,0.0
4716,160,1,1.375,-1.5,1.0
4717,160,0,-1.015625,0.421875,1.0
4718,160,0,-0.71875,-0.3125,0.0
4719,160,0,0.828125,-1.171875,0.0
4720,161,0,-0.28125,-0.71875,0.0
4721,161,0,-1.0625,2.09375,1.0
4722,161,1,-0.21875,0.4375,0.0
4723,161,0,0.71875,-0.21875,0.0
4724,161,1,0.125,-1.921875,1.0
4725,161,1,0.921875,-0.515625,0.0
4726,161,0,-0.546875,-1.5625,0.0
4727,161,1,-0.515625,0.40625,1.0
4728,161,1,1.578125,-0.84375,0.0
4729,161,0,-2.0625,-1.59375,0.0
4730,161,0,-0.21875,-0.28125,0.0
4731,161,1,0.125,-0.5625,1.0
4732,161,0,-0.5625,-0.65625,1.0
4733,161,1,3.234375,-1.0,0.0
4734,161,0,1.421875,-0.5,0.0
4735,161,1,-1.46875,-0.890625,1.0
4736,161,1,-0.53125,-1.796875,1.0
4737,161,0,-2.015625,-0.421875,0.0
4738,161,0,1.671875,0.375,0.0
4739,161,0,0.875,0.375,0.0
4740,162,0,-0.421875,-1.234375,0.0
4741,162,1,-0.921875,-0.390625,0.0
4742,162,0,-0.296875,-0.296875,0.0
4743,162,0,1.015625,-0.109375,0.0
4744,162,1,-0.328125,0.0625,0.0
4745,162,0,-1.0625,0.109375,1.0
4746,162,1,0.59375,0.3125,0.0
4747,162,0,-0.265625,-2.359375,0.0
4748,162,1,1.203125,0.46875,1.0
4749,162,1,-1.171875,-1.65625,0.0
4750,162,0,0.234375,-0.015625,0.0
4751,162,1,-0.078125,-1.25,1.0
4752,162,0,0.171875,-0.90625,1.0
4753,162,0,0.53125,-0.828125,0.0
4754,162,0,-0.6875,-1.53125,1.0
4755,162,0,-0.59375,-1.5,0.0
4756,162,1,-0.734375,1.0,0.0
4757,162,0,1.09375,0.09375,1.0
4758,162,0,-1.390625,0.46875,0.0
4759,162,0,0.46875,0.5,0.0
4760,162,1,0.296875,-0.1875,1.0
4761,163,1,0.125,-1.984375,1.0
4762,163,0,0.296875,-0.765625,1.0
4763,163,0,0.71875,0.015625,1.0
4764,163,0,-0.546875,-1.0,0.0
4765,163,1,0.28125,0.796875,0.0
4766,163,0,-0.296875,-0.28125,0.0
4767,163,1,0.15625,-0.125,1.0
4768,163,1,1.640625,-0.34375,1.0
4769,163,0,-0.28125,0.640625,0.0
4770,163,1,-0.984375,-0.453125,1.0
4771,163,1,-1.828125,0.21875,1.0
4772,163,0,-0.515625,-0.84375,1.0
4773,163,0,0.515625,0.734375,0.0
4774,163,0,-0.734375,1.703125,0.0
4775,163,1,0.953125,-0.046875,0.0
4776,163,0,-1.015625,0.0,1.0
4777,163,0,0.3125,0.46875,1.0
4778,163,0,0.296875,-0.421875,1.0
4779,163,1,-0.046875,-0.921875,0.0
4780,163,1,-0.890625,0.203125,1.0
4781,163,0,-1.15625,-0.671875,1.0
4782,163,0,-0.390625,-0.265625,1.0
4783,164,1,0.65625,-1.078125,0.0
4784,164,1,0.90625,-1.0,1.0
4785,164,0,0.890625,-0.296875,0.0
4786,164,1,0.96875,-2.0,1.0
4787,164,1,0.578125,-0.0625,0.0
4788,164,0,-1.234375,-0.1875,0.0
4789,164,1,0.09375,-0.53125,1.0
4790,164,1,-0.078125,-0.625,1.0
4791,164,1,-1.15625,0.015625,0.0
4792,164,1,0.765625,0.65625,0.0
4793,164,0,-1.109375,0.25,0.0
4794,164,1,-0.40625,-0.703125,0.0
4795,164,1,-0.546875,-0.046875,0.0
4796,164,0,-0.0625,0.328125,0.0
4797,164,0,-1.3125,-0.9375,1.0
4798,164,0,-1.46875,0.984375,0.0
4799,164,0,-0.453125,-0.875,0.0
4800,164,0,0.1875,-0.890625,1.0
4801,164,1,-1.03125,0.546875,0.0
4802,164,0,-0.71875,-1.59375,0.0
4803,164,1,0.78125,0.875,0.0
4804,164,0,0.8125,0.96875,1.0
4805,164,1,-0.625,-0.625,1.0
4806,165,1,1.546875,-0.390625,1.0
4807,165,1,1.015625,1.421875,1.0
4808,165,0,0.21875,-1.375,1.0
4809,165,1,-1.359375,0.53125,0.0
4810,165,1,-1.015625,-0.890625,0.0
4811,165,0,-0.859375,0.1875,1.0
4812,165,1,-0.078125,-1.1875,1.0
4813,165,1,-0.546875,0.109375,1.0
4814,165,1,-0.265625,0.1875,1.0
4815,165,1,0.625,-1.140625,0.0
4816,165,0,-0.90625,0.75,0.0
4817,165,0,-1.4375,-0.296875,1.0
4818,165,0,-0.671875,-0.09375,1.0
4819,165,0,-1.0,-1.796875,1.0
4820,165,0,0.078125,0.765625,0.0
4821,165,1,1.234375,-1.359375,1.0
4822,165,1,1.25,0.90625,1.0
4823,165,1,-1.15625,0.703125,0.0
4824,165,0,0.0625,0.9375,0.0
4825,165,1,0.5,1.171875,1.0
4826,165,1,-0.140625,0.09375,0.0
4827,165,0,0.265625,1.1875,0.0
4828,165,1,-0.78125,-0.421875,1.0
4829,165,1,0.046875,0.015625,0.0
4830,166,1,0.34375,-1.078125,0.0
4831,166,1,0.203125,-1.75,0.0
4832,166,1,2.875,-0.578125,0.0
4833,166,0,-0.265625,0.703125,0.0
4834,166,1,1.15625,-0.0625,1.0
4835,166,1,-2.265625,-2.5625,0.0
4836,166,1,1.46875,-1.84375,1.0
4837,166,1,0.21875,0.171875,0.0
4838,166,1,0.15625,-1.375,1.0
4839,166,0,-2.40625,1.34375,1.0
4840,166,0,-1.84375,-0.546875,1.0
4841,166,0,0.015625,0.421875,0.0
4842,166,0,-0.203125,-0.875,0.0
4843,166,1,1.3125,-2.875,1.0
4844,166,1,0.859375,0.640625,0.0
4845,166,1,-0.890625,-0.921875,0.0
4846,166,0,1.5,-0.75,1.0
4847,166,0,-0.40625,-1.515625,0.0
4848,166,0,0.1875,-0.484375,1.0
4849,166,1,-0.15625,-1.125,0.0
4850,166,1,-0.765625,-0.859375,0.0
4851,166,1,2.171875,0.71875,0.0
4852,166,0,-0.140625,-0.015625,0.0
4853,166,1,-0.46875,-1.8125,1.0
4854,166,1,0.4375,0.421875,1.0
4855,167,1,0.078125,-0.609375,1.0
4856,167,1,-0.1875,-0.578125,1.0
4857,167,0,0.828125,1.328125,0.0
4858,167,1,0.671875,-0.375,0.0
4859,167,1,0.140625,0.078125,1.0
4860,167,1,-1.0625,0.140625,0.0
4861,167,0,1.46875,-0.421875,0.0
4862,167,0,-1.421875,0.015625,0.0
4863,167,0,-1.140625,0.015625,0.0
4864,167,0,-0.75,-1.71875,0.0
4865,167,0,-0.015625,0.625,1.0
4866,167,1,-0.5625,-1.34375,1.0
4867,167,0,0.21875,0.265625,0.0
4868,167,1,1.484375,-1.5625,1.0
4869,167,0,0.515625,0.34375,0.0
4870,167,0,0.25,-0.515625,1.0
4871,167,1,0.953125,0.421875,0.0
4872,167,0,-0.25,0.609375,1.0
4873,167,0,0.625,-0.25,0.0
4874,167,0,0.5,0.59375,0.0
4875,167,0,1.59375,-0.125,0.0
4876,167,0,-0.078125,0.21875,0.0
4877,167,0,-1.4375,0.40625,0.0
4878,167,1,-0.296875,-0.75,1.0
4879,167,0,0.265625,-0.59375,0.0
4880,167,0,-0.84375,-1.1875,0.0
4881,168,1,0.609375,0.4375,0.0
4882,168,0,1.765625,0.046875,0.0
4883,168,1,-1.234375,-0.75,0.0
4884,168,1,1.328125,-0.328125,1.0
4885,168,0,-0.421875,0.765625,1.0
4886,168,0,0.3125,-0.59375,0.0
4887,168,1,-0.359375,-1.28125,0.0
4888,168,0,-1.21875,0.375,1.0
4889,168,0,0.796875,-0.8125,0.0
4890,168,1,1.8125,0.46875,1.0
4891,168,0,-0.265625,-0.71875,0.0
4892,168,0,-0.109375,-1.1875,0.0
4893,168,1,-0.734375,-0.734375,0.0
4894,168,1,-0.78125,-0.109375,1.0
4895,168,0,0.40625,0.859375,0.0
4896,168,0,1.3125,-1.75,1.0
4897,168,0,0.125,-0.90625,1.0
4898,168,1,-0.1875,0.640625,1.0
4899,168,1,-0.828125,-0.703125,0.0
4900,168,0,0.296875,-0.203125,0.0
4901,168,1,1.234375,-0.46875,1.0
4902,168,1,-0.6875,0.03125,0.0
4903,168,1,-0.890625,-0.875,0.0
4904,168,1,2.171875,-0.578125,0.0
4905,168,0,0.328125,-0.234375,1.0
4906,168,0,-1.109375,0.515625,0.0
4907,168,1,-0.984375,-0.4375,1.0
4908,169,1,-0.859375,0.234375,1.0
4909,169,1,0.421875,0.421875,1.0
4910,169,0,-0.03125,-0.890625,0.0
4911,169,0,-1.859375,-1.515625,0.0
4912,169,1,0.890625,0.046875,1.0
4913,169,0,-2.1875,1.015625,0.0
4914,169,1,1.546875,-0.15625,1.0
4915,169,1,2.546875,0.015625,1.0
4916,169,0,-0.625,-0.78125,0.0
4917,169,0,-2.640625,0.140625,0.0
4918,169,0,-1.421875,-1.84375,0.0
4919,169,0,0.078125,-2.015625,0.0
4920,169,0,-0.5625,-0.65625,1.0
4921,169,1,0.78125,-1.546875,0.0
4922,169,1,1.828125,0.015625,1.0
4923,169,1,0.21875,0.1875,0.0
4924,169,1,-1.03125,-0.828125,1.0
4925,169,1,0.171875,-0.421875,0.0
4926,169,0,0.78125,-1.109375,0.0
4927,169,0,-0.40625,-0.5,0.0
4928,169,0,-1.1875,0.875,0.0
4929,169,1,-0.421875,-1.546875,0.0
4930,169,1,-0.171875,0.484375,1.0
4931,169,0,0.90625,-1.140625,0.0
4932,169,0,0.15625,-1.6875,0.0
4933,169,1,2.125,0.03125,1.0
4934,169,1,1.25,-0.296875,0.0
4935,169,1,-2.359375,-0.6875,1.0
4936,170,1,0.21875,-0.296875,1.0
4937,170,0,-1.21875,0.9375,1.0
4938,170,1,0.671875,-1.71875,1.0
4939,170,1,1.546875,-0.53125,1.0
4940,170,0,0.828125,-0.328125,0.0
4941,170,0,-0.9375,0.65625,0.0
4942,170,1,0.390625,-0.265625,0.0
4943,170,1,0.0625,0.171875,1.0
4944,170,1,1.296875,1.78125,0.0
4945,170,1,0.875,-0.953125,1.0
4946,170,1,0.890625,-1.15625,0.0
4947,170,0,1.046875,1.046875,0.0
4948,170,0,-0.390625,0.484375,0.0
4949,170,0,0.9375,-0.0625,0.0
4950,170,1,1.234375,0.6875,1.0
4951,170,0,-0.265625,0.375,0.0
4952,170,0,1.203125,0.734375,0.0
4953,170,1,-0.0625,-0.21875,0.0
4954,170,0,-0.921875,-0.890625,1.0
4955,170,0,-1.53125,1.015625,1.0
4956,170,1,1.3125,-0.859375,0.0
4957,170,0,0.265625,-0.375,0.0
4958,170,1,0.71875,0.453125,0.0
4959,170,1,0.265625,0.453125,1.0
4960,170,1,0.375,1.671875,0.0
4961,170,1,-2.140625,-1.296875,0.0
4962,170,1,-0.375,1.125,0.0
4963,170,1,0.65625,0.9375,1.0
4964,170,0,-1.390625,0.5625,0.0
4965,171,1,-0.296875,0.171875,0.0
4966,171,0,-0.3125,0.40625,0.0
4967,171,0,-0.328125,0.421875,0.0
4968,171,0,0.421875,-0.46875,1.0
4969,171,1,-0.515625,-2.0,1.0
4970,171,1,1.671875,-1.375,1.0
4971,171,0,-0.0625,-0.296875,0.0
4972,171,1,0.09375,1.890625,1.0
4973,171,1,0.984375,1.34375,1.0
4974,171,1,0.09375,-0.578125,0.0
4975,171,1,0.453125,-0.53125,0.0
4976,171,0,-0.953125,-0.828125,1.0
4977,171,0,-1.546875,-1.0625,1.0
4978,171,0,1.3125,-0.53125,1.0
4979,171,1,-0.125,0.21875,1.0
4980,171,0,-0.390625,0.4375,0.0
4981,171,1,0.296875,0.15625,1.0
4982,171,0,-0.96875,2.890625,0.0
4983,171,1,-1.21875,-0.640625,0.0
4984,171,0,-0.890625,-0.453125,0.0
4985,171,1,-0.171875,-0.1875,1.0
4986,171,0,-2.21875,0.609375,1.0
4987,171,0,0.140625,0.5625,1.0
4988,171,0,0.9375,-0.015625,0.0
4989,171,0,0.34375,-0.421875,1.0
4990,171,1,-0.40625,-0.546875,1.0
4991,171,0,0.25,0.90625,0.0
4992,171,1,-1.125,-1.015625,0.0
4993,171,0,-0.484375,-0.921875,1.0
4994,171,1,-0.765625,-0.1875,0.0
4995,172,1,1.015625,-0.65625,0.0
4996,172,0,0.296875,-0.421875,0.0
4997,172,1,0.171875,-1.296875,1.0
4998,172,1,-0.71875,0.03125,0.0
4999,172,0,0.84375,1.3125,0.0
5000,172,0,1.453125,-0.703125,1.0
5001,172,1,0.21875,-0.140625,1.0
5002,172,1,-0.125,-1.078125,1.0
5003,172,1,1.015625,1.484375,1.0
5004,172,0,-1.109375,-0.1875,0.0
5005,172,0,1.3125,0.15625,0.0
5006,172,0,-0.203125,0.046875,1.0
5007,172,1,-0.609375,-1.984375,0.0
5008,172,0,0.84375,-1.890625,0.0
5009,172,1,0.015625,-2.140625,1.0
5010,172,1,-0.0625,-1.34375,1.0
5011,172,1,0.96875,-1.5,0.0
5012,172,1,1.96875,-0.734375,1.0
5013,172,0,-0.921875,-0.375,0.0
5014,172,0,-1.296875,0.640625,0.0
5015,172,0,-0.203125,0.4375,0.0
5016,172,1,-0.765625,0.3125,1.0
5017,172,0,-1.03125,-2.40625,1.0
5018,172,1,0.171875,0.71875,1.0
5019,172,1,0.359375,1.8125,1.0
5020,172,0,0.578125,0.78125,0.0
5021,172,0,0.328125,-1.53125,1.0
5022,172,0,0.375,0.40625,1.0
5023,172,1,0.34375,-0.015625,1.0
5024,172,0,-0.21875,0.671875,1.0
5025,172,1,-2.046875,-0.53125,1.0
5026,173,1,-0.203125,0.109375,1.0
5027,173,1,0.640625,1.3125,0.0
5028,173,1,-1.765625,0.5625,1.0
5029,173,1,-0.984375,-0.9375,0.0
5030,173,1,0.171875,0.03125,1.0
5031,173,0,0.28125,1.4375,1.0
5032,173,1,-0.328125,0.875,1.0
5033,173,1,1.34375,-0.03125,1.0
5034,173,1,-0.203125,-0.15625,1.0
5035,173,1,1.109375,-0.4375,1.0
5036,173,0,0.375,0.21875,0.0
5037,173,1,0.140625,0.4375,0.0
5038,173,1,1.1875,-0.828125,0.0
5039,173,1,-1.203125,-0.609375,1.0
5040,173,1,-0.171875,0.3125,0.0
5041,173,1,-0.3125,1.4375,0.0
5042,173,1,1.4375,0.140625,0.0
5043,173,1,0.453125,-0.25,0.0
5044,173,1,-0.625,0.109375,1.0
5045,173,1,0.109375,1.40625,1.0
5046,173,1,0.875,2.640625,0.0
5047,173,1,1.328125,0.875,1.0
5048,173,0,0.09375,0.6875,1.0
5049,173,0,-1.109375,0.4375,0.0
5050,173,1,0.15625,-0.78125,1.0
5051,173,1,0.15625,-0.546875,0.0
5052,173,1,-0.21875,0.25,1.0
5053,173,1,0.078125,-0.921875,0.0
5054,173,1,-0.0625,-0.140625,1.0
5055,173,0,-0.234375,0.46875,1.0
5056,173,1,1.453125,-0.203125,1.0
5057,173,0,0.0,1.109375,0.0
5058,174,1,1.34375,0.859375,0.0
5059,174,0,0.640625,0.546875,1.0
5060,174,0,0.640625,-1.21875,1.0
5061,174,1,-0.109375,-0.375,1.0
5062,174,1,0.546875,0.375,0.0
5063,174,1,1.859375,0.453125,0.0
5064,174,0,-0.21875,-0.84375,0.0
5065,174,1,1.015625,-0.6875,1.0
5066,174,1,0.953125,-1.53125,0.0
5067,174,1,0.40625,-1.4375,0.0
5068,174,0,-0.390625,0.375,1.0
5069,174,1,1.765625,-1.1875,1.0
5070,174,0,-1.015625,1.421875,0.0
5071,174,0,-1.0625,0.1875,0.0
5072,174,0,-0.734375,0.390625,0.0
5073,174,0,0.046875,-0.640625,1.0
5074,174,1,-0.328125,-0.515625,0.0
5075,174,1,0.28125,-1.15625,1.0
5076,174,0,0.359375,0.078125,0.0
5077,174,1,-0.640625,0.28125,1.0
5078,174,1,1.25,-0.265625,1.0
5079,174,0,0.140625,-0.078125,0.0
5080,174,0,-1.21875,0.078125,0.0
5081,174,0,1.515625,0.828125,1.0
5082,174,0,3.609375,-1.953125,1.0
5083,174,1,-1.25,0.484375,1.0
5084,174,1,0.125,-0.203125,1.0
5085,174,0,-0.421875,1.796875,0.0
5086,174,1,0.921875,0.46875,0.0
5087,174,0,0.390625,-0.8125,1.0
5088,174,0,-1.5625,-0.578125,1.0
5089,174,0,-1.84375,-0.6875,0.0
5090,174,1,0.765625,-1.59375,1.0
5091,175,1,0.40625,-0.78125,0.0
5092,175,0,-1.203125,-2.140625,1.0
5093,175,1,-0.140625,1.046875,1.0
5094,175,0,-0.5,-0.40625,0.0
5095,175,1,-0.109375,1.578125,0.0
5096,175,1,0.265625,0.390625,0.0
5097,175,0,0.0625,2.125,1.0
5098,175,1,0.609375,1.90625,1.0
5099,175,0,-0.4375,1.5,1.0
5100,175,1,-0.0625,-0.953125,0.0
5101,175,0,-1.140625,-0.203125,0.0
5102,175,0,-0.84375,-0.484375,0.0
5103,175,1,-0.984375,1.171875,0.0
5104,175,0,-0.46875,-1.15625,0.0
5105,175,0,0.75,-1.234375,1.0
5106,175,1,-0.984375,0.140625,0.0
5107,175,1,-0.46875,-1.296875,0.0
5108,175,1,-1.234375,-1.84375,1.0
5109,175,0,-0.5625,-1.03125,0.0
5110,175,1,1.203125,-1.8125,0.0
5111,175,0,-0.46875,1.28125,0.0
5112,175,1,0.390625,1.609375,0.0
5113,175,0,1.9375,0.40625,0.0
5114,175,1,-0.765625,-0.71875,1.0
5115,175,0,1.015625,-1.390625,0.0
5116,175,0,-1.046875,0.125,0.0
5117,175,1,0.4375,0.8125,1.0
5118,175,1,-0.484375,-0.09375,0.0
5119,175,1,1.015625,-0.03125,1.0
5120,175,0,0.078125,-0.171875,0.0
5121,175,1,1.203125,0.140625,0.0
5122,175,1,0.734375,1.703125,1.0
5123,175,0,0.5625,1.8125,0.0
5124,175,0,0.296875,0.734375,1.0
5125,176,0,-1.546875,1.296875,0.0
5126,176,0,-0.890625,-0.359375,1.0
5127,176,0,0.109375,0.40625,1.0
5128,176,0,-0.515625,0.34375,1.0
5129,176,1,0.34375,-0.375,0.0
5130,176,0,1.390625,-0.078125,0.0
5131,176,0,1.75,-0.296875,0.0
5132,176,1,0.71875,0.203125,0.0
5133,176,0,0.65625,-1.40625,1.0
5134,176,1,0.890625,-0.765625,1.0
5135,176,0,-1.90625,-2.609375,0.0
5136,176,1,2.484375,-1.015625,0.0
5137,176,0,-1.265625,-1.6875,0.0
5138,176,1,-0.609375,-1.796875,0.0
5139,176,0,0.53125,-1.390625,0.0
5140,176,0,0.328125,0.59375,0.0
5141,176,0,-1.53125,-1.453125,0.0
5142,176,0,-1.515625,1.90625,0.0
5143,176,1,0.390625,-0.796875,0.0
5144,176,1,1.203125,-1.96875,0.0
5145,176,0,-0.515625,-0.359375,0.0
5146,176,1,1.84375,0.28125,1.0
5147,176,1,0.390625,-2.265625,1.0
5148,176,0,1.171875,-1.484375,1.0
5149,176,0,0.265625,-0.828125,1.0
5150,176,1,0.484375,0.390625,0.0
5151,176,0,-1.171875,-1.453125,0.0
5152,176,1,0.53125,-1.265625,1.0
5153,176,0,-0.796875,-0.1875,0.0
5154,176,0,0.71875,0.21875,1.0
5155,176,1,0.984375,0.90625,0.0
5156,176,0,-2.625,-1.5,0.0
5157,176,0,0.578125,-0.578125,1.0
5158,176,0,2.078125,-0.484375,0.0
5159,176,0,0.0625,-0.5,1.0
5160,177,1,1.734375,0.265625,0.0
5161,177,1,-0.515625,1.3125,0.0
5162,177,0,0.234375,0.984375,0.0
5163,177,0,-0.34375,0.265625,0.0
5164,177,0,0.625,-0.625,0.0
5165,177,1,1.015625,1.078125,0.0
5166,177,0,-0.265625,-0.96875,0.0
5167,177,0,0.734375,0.078125,1.0
5168,177,1,0.515625,1.03125,1.0
5169,177,1,0.828125,-1.421875,1.0
5170,177,1,-0.375,-1.109375,1.0
5171,177,1,0.1875,0.40625,1.0
5172,177,0,-1.25,-1.140625,1.0
5173,177,0,-1.125,-0.65625,1.0
5174,177,0,0.71875,0.78125,0.0
5175,177,0,-1.09375,-1.484375,0.0
5176,177,1,-0.96875,0.125,1.0
5177,177,1,-0.875,-0.140625,0.0
5178,177,1,0.140625,0.34375,0.0
5179,177,0,-0.6875,0.890625,0.0
5180,177,0,1.078125,-0.09375,0.0
5181,177,1,1.125,-0.46875,1.0
5182,177,0,1.03125,-0.609375,0.0
5183,177,1,0.34375,-1.25,1.0
5184,177,0,-1.8125,-0.265625,0.0
5185,177,0,0.71875,-2.3125,0.0
5186,177,0,-0.875,-0.796875,0.0
5187,177,1,1.140625,-2.296875,1.0
5188,177,0,0.203125,1.578125,1.0
5189,177,1,1.1875,-1.71875,1.0
5190,177,0,0.109375,1.15625,0.0
5191,177,0,-0.640625,1.078125,1.0
5192,177,1,0.015625,-1.734375,1.0
5193,177,1,1.234375,-1.359375,1.0
5194,177,1,0.515625,-1.46875,0.0
5195,177,1,2.359375,-1.078125,0.0
5196,178,0,-1.03125,-1.40625,0.0
5197,178,0,0.1875,-1.0625,1.0
5198,178,0,-2.1875,-0.28125,0.0
5199,178,0,0.78125,-1.078125,1.0
5200,178,1,0.515625,-1.375,0.0
5201,178,1,0.703125,-0.734375,1.0
5202,178,0,-0.34375,-1.703125,0.0
5203,178,0,0.25,-0.8125,0.0
5204,178,0,-0.921875,-1.84375,0.0
5205,178,0,0.109375,1.46875,0.0
5206,178,0,1.15625,-0.75,0.0
5207,178,0,0.453125,0.6875,1.0
5208,178,0,-0.125,-1.078125,0.0
5209,178,0,0.40625,-0.140625,0.0
5210,178,1,-0.25,-1.703125,0.0
5211,178,1,1.046875,0.03125,0.0
5212,178,1,0.953125,0.015625,1.0
5213,178,0,0.65625,-0.40625,0.0
5214,178,0,1.03125,-1.46875,1.0
5215,178,1,0.109375,-4.03125,1.0
5216,178,0,-0.109375,-0.796875,0.0
5217,178,0,-0.21875,-0.96875,0.0
5218,178,0,0.046875,-0.5,0.0
5219,178,0,-1.65625,-0.6875,0.0
5220,178,0,-0.640625,-1.375,1.0
5221,178,1,1.515625,-1.25,0.0
5222,178,1,1.96875,-0.78125,0.0
5223,178,1,0.3125,-2.140625,1.0
5224,178,1,-1.203125,-2.875,1.0
5225,178,0,-1.9375,0.21875,0.0
5226,178,1,-0.3125,-1.78125,0.0
5227,178,1,0.28125,-1.234375,0.0
5228,178,0,-0.265625,-1.265625,1.0
5229,178,1,1.3125,-0.890625,1.0
5230,178,0,-0.265625,-1.265625,0.0
5231,178,1,1.703125,1.203125,0.0
5232,178,0,-1.265625,0.59375,1.0
5233,179,0,-0.90625,-0.5625,0.0
5234,179,1,0.71875,0.71875,0.0
5235,179,1,0.53125,-0.9375,1.0
5236,179,1,-1.859375,0.921875,0.0
5237,179,1,0.1875,-0.125,0.0
5238,179,0,-0.171875,-1.5,0.0
5239,179,1,-0.78125,-0.484375,1.0
5240,179,1,1.578125,-1.515625,1.0
5241,179,0,0.0,-0.40625,0.0
5242,179,1,0.140625,1.515625,1.0
5243,179,1,1.46875,0.921875,1.0
5244,179,1,0.1875,-0.78125,0.0
5245,179,1,0.0625,0.6875,1.0
5246,179,0,-0.90625,1.75,1.0
5247,179,0,-1.921875,-1.546875,1.0
5248,179,1,0.703125,-0.1875,1.0
5249,179,0,-0.265625,0.734375,0.0
5250,179,1,-0.84375,-0.421875,0.0
5251,179,1,-0.421875,-1.8125,0.0
5252,179,1,0.1875,-1.234375,0.0
5253,179,1,-1.328125,-0.71875,1.0
5254,179,1,0.796875,-0.90625,1.0
5255,179,1,-0.59375,-1.4375,1.0
5256,179,1,-1.578125,-0.140625,0.0
5257,179,1,-0.25,-2.328125,0.0
5258,179,1,1.296875,1.015625,0.0
5259,179,0,-0.625,0.25,1.0
5260,179,1,1.53125,0.875,0.0
5261,179,1,-0.296875,0.203125,1.0
5262,179,1,0.9375,0.5625,1.0
5263,179,0,1.015625,-0.4375,0.0
5264,179,1,-1.0,-1.0625,0.0
5265,179,1,-1.765625,0.265625,0.0
5266,179,0,-0.703125,-0.6875,0.0
5267,179,1,1.125,-2.0625,1.0
5268,179,1,0.1875,-1.109375,1.0
5269,179,0,1.03125,1.140625,0.0
5270,179,1,0.765625,0.9375,1.0
5271,180,1,-1.203125,0.828125,0.0
5272,180,1,0.0625,0.046875,0.0
5273,180,1,-2.015625,0.265625,1.0
5274,180,0,0.65625,0.9375,0.0
5275,180,0,0.78125,0.015625,0.0
5276,180,0,-0.0625,0.203125,0.0
5277,180,1,-1.421875,-0.84375,0.0
5278,180,1,0.515625,1.21875,0.0
5279,180,1,0.046875,-1.109375,1.0
5280,180,1,1.15625,-1.578125,0.0
5281,180,0,0.71875,1.84375,0.0
5282,180,1,1.265625,0.859375,1.0
5283,180,0,-0.46875,0.015625,0.0
5284,180,1,3.078125,0.5625,1.0
5285,180,1,0.71875,-1.78125,1.0
5286,180,1,0.734375,0.203125,1.0
5287,180,0,-1.234375,-1.984375,0.0
5288,180,1,1.84375,-2.09375,0.0
5289,180,1,-0.03125,-0.796875,1.0
5290,180,1,-0.171875,1.015625,1.0
5291,180,1,0.359375,0.0,0.0
5292,180,0,-0.796875,1.09375,1.0
5293,180,1,-1.53125,-1.15625,1.0
5294,180,0,-1.078125,0.703125,1.0
5295,180,1,0.984375,-0.796875,0.0
5296,180,1,0.265625,0.671875,0.0
5297,180,1,0.515625,-2.21875,0.0
5298,180,1,-0.4375,-0.921875,0.0
5299,180,0,-0.25,-0.421875,0.0
5300,180,0,0.953125,0.578125,0.0
5301,180,1,-1.03125,-0.8125,0.0
5302,180,0,0.96875,1.25,0.0
5303,180,1,2.59375,-0.8125,1.0
5304,180,1,1.015625,-1.390625,1.0
5305,180,0,0.15625,-2.1875,1.0
5306,180,1,-1.875,0.890625,1.0
5307,180,0,-0.625,1.0,0.0
5308,180,1,1.125,0.3125,0.0
5309,180,1,-1.078125,0.484375,0.0
5310,181,1,-0.234375,-1.109375,1.0
5311,181,1,-0.078125,0.03125,1.0
5312,181,0,-1.625,0.0,1.0
5313,181,0,-1.25,0.9375,0.0
5314,181,0,1.015625,-0.8125,0.0
5315,181,0,-0.15625,0.125,0.0
5316,181,0,-1.140625,0.109375,0.0
5317,181,1,-2.109375,-1.046875,1.0
5318,181,0,-2.0,-0.84375,0.0
5319,181,0,-1.09375,1.625,0.0
5320,181,1,1.1875,0.09375,0.0
5321,181,0,0.0,-0.828125,0.0
5322,181,1,0.28125,-1.1875,0.0
5323,181,1,1.15625,0.0625,0.0
5324,181,1,0.09375,-0.65625,0.0
5325,181,1,1.390625,0.53125,1.0
5326,181,0,1.625,0.171875,1.0
5327,181,1,0.453125,-2.171875,0.0
5328,181,1,-2.1875,-2.4375,0.0
5329,181,0,-0.640625,0.625,0.0
5330,182,0,0.140625,0.515625,0.0
5331,182,0,1.765625,-0.359375,0.0
5332,182,0,-0.734375,-0.390625,0.0
5333,182,0,-1.15625,-0.71875,0.0
5334,182,0,1.09375,1.1875,0.0
5335,182,0,-2.359375,-0.03125,0.0
5336,182,0,0.25,-0.46875,0.0
5337,182,0,1.1875,-0.46875,1.0
5338,182,0,0.515625,-1.109375,1.0
5339,182,1,0.328125,0.34375,1.0
5340,182,0,-1.046875,-0.703125,1.0
5341,182,0,-0.953125,-0.65625,1.0
5342,182,0,-1.125,-0.484375,0.0
5343,182,0,1.84375,-0.65625,0.0
5344,182,0,-0.34375,-0.96875,0.0
5345,182,0,-0.65625,-1.0625,1.0
5346,182,0,-0.015625,-1.40625,0.0
5347,182,1,1.125,-0.03125,1.0
5348,182,0,0.578125,0.25,0.0
5349,182,1,0.5,0.859375,0.0
5350,182,0,0.484375,-2.515625,1.0
5351,183,0,-1.328125,-1.171875,0.0
5352,183,1,0.75,-0.515625,0.0
5353,183,1,-0.8125,-0.171875,1.0
5354,183,0,-0.84375,-0.390625,0.0
5355,183,0,-2.484375,-0.296875,0.0
5356,183,0,-0.328125,-0.1875,0.0
5357,183,1,0.4375,-0.8125,1.0
5358,183,1,0.796875,-1.0,0.0
5359,183,0,-1.5,-1.328125,1.0
5360,183,0,0.34375,-1.296875,1.0
5361,183,0,-0.5625,0.453125,0.0
5362,183,0,-1.1875,0.140625,0.0
5363,183,1,0.515625,0.03125,0.0
5364,183,1,0.796875,-0.40625,1.0
5365,183,1,2.34375,-0.265625,0.0
5366,183,0,1.03125,0.28125,0.0
5367,183,1,1.890625,-0.828125,1.0
5368,183,1,-0.59375,0.390625,0.0
5369,183,1,2.640625,0.21875,1.0
5370,183,1,1.296875,0.390625,1.0
5371,183,0,-1.4375,0.875,1.0
5372,183,0,-0.046875,-1.0625,0.0
5373,184,1,1.171875,-2.1875,0.0
5374,184,1,0.484375,-0.875,1.0
5375,184,0,-0.015625,0.796875,0.0
5376,184,0,-1.5,0.125,1.0
5377,184,0,-0.765625,-0.296875,1.0
5378,184,0,-2.25,-0.3125,0.0
5379,184,1,0.578125,-1.59375,0.0
5380,184,1,-0.046875,-1.75,1.0
5381,184,1,-0.4375,-0.4375,1.0
5382,184,1,0.296875,0.0625,0.0
5383,184,1,1.109375,-0.953125,1.0
5384,184,1,0.734375,-1.875,0.0
5385,184,0,0.640625,2.265625,1.0
5386,184,0,-0.09375,-2.90625,1.0
5387,184,0,-0.859375,0.34375,0.0
5388,184,0,-0.921875,2.328125,0.0
5389,184,0,2.15625,-0.4375,1.0
5390,184,0,-0.53125,1.453125,0.0
5391,184,1,0.078125,0.375,1.0
5392,184,1,-0.5625,-1.296875,1.0
5393,184,0,-0.84375,-1.40625,0.0
5394,184,0,0.34375,1.015625,0.0
5395,184,0,0.515625,0.3125,0.0
5396,185,1,-2.0625,-0.84375,0.0
5397,185,1,1.03125,-1.0,0.0
5398,185,0,-2.375,-1.984375,0.0
5399,185,0,-0.65625,-0.171875,0.0
5400,185,1,-0.78125,0.484375,1.0
5401,185,0,-0.4375,0.21875,0.0
5402,185,0,-2.71875,-0.25,0.0
5403,185,1,-0.40625,0.6875,1.0
5404,185,0,-0.421875,0.6875,1.0
5405,185,0,-0.546875,1.015625,0.0
5406,185,0,-0.078125,-0.28125,0.0
5407,185,0,-1.125,-0.21875,1.0
5408,185,0,0.40625,-0.171875,0.0
5409,185,0,1.015625,0.015625,0.0
5410,185,1,0.84375,0.90625,1.0
5411,185,1,-1.828125,-0.015625,0.0
5412,185,0,-0.125,0.5625,0.0
5413,185,1,-1.765625,-1.78125,1.0
5414,185,1,-0.4375,0.625,1.0
5415,185,0,-1.0,-1.0625,1.0
5416,185,1,-0.171875,0.046875,1.0
5417,185,0,0.34375,-1.6875,0.0
5418,185,1,-0.546875,-0.34375,0.0
5419,185,0,1.25,0.453125,0.0
5420,186,0,1.296875,0.78125,0.0
5421,186,1,-0.5625,-0.3125,1.0
5422,186,1,0.53125,-0.140625,0.0
5423,186,0,0.25,0.71875,0.0
5424,186,1,0.09375,0.125,1.0
5425,186,1,1.28125,-0.484375,1.0
5426,186,1,0.78125,0.09375,1.0
5427,186,0,-0.25,2.03125,0.0
5428,186,1,-0.390625,0.828125,0.0
5429,186,1,0.203125,-1.421875,1.0
5430,186,1,-0.1875,1.203125,1.0
5431,186,1,0.375,0.875,0.0
5432,186,1,0.890625,-0.1875,0.0
5433,186,1,0.359375,-0.40625,0.0
5434,186,1,-0.34375,-0.78125,0.0
5435,186,1,0.34375,2.265625,1.0
5436,186,1,-0.625,1.46875,1.0
5437,186,0,-0.875,0.171875,0.0
5438,186,1,2.8125,-1.96875,1.0
5439,186,0,-0.125,0.125,1.0
5440,186,1,0.890625,2.140625,0.0
5441,186,1,1.671875,0.796875,1.0
5442,186,1,1.21875,0.140625,0.0
5443,186,1,0.0,2.640625,0.0
5444,186,1,0.28125,-1.140625,0.0
5445,187,0,-0.09375,0.625,1.0
5446,187,0,1.234375,1.171875,0.0
5447,187,0,-0.046875,0.546875,0.0
5448,187,0,-0.578125,-0.625,0.0
5449,187,0,1.1875,-1.3125,1.0
5450,187,1,0.84375,0.40625,0.0
5451,187,1,1.703125,-1.234375,0.0
5452,187,1,-0.046875,-0.53125,1.0
5453,187,0,-0.453125,-0.546875,0.0
5454,187,1,-0.625,-1.1875,1.0
5455,187,0,-1.359375,-1.078125,1.0
5456,187,0,-0.953125,-0.921875,1.0
5457,187,0,-1.015625,-0.546875,0.0
5458,187,1,-0.109375,-0.265625,1.0
5459,187,0,-0.9375,1.46875,0.0
5460,187,0,-0.484375,0.09375,0.0
5461,187,0,-0.28125,-0.4375,0.0
5462,187,1,0.078125,-0.546875,0.0
5463,187,1,1.9375,-0.5625,0.0
5464,187,0,0.1875,-1.125,1.0
5465,187,1,1.078125,0.8125,0.0
5466,187,0,1.703125,0.046875,0.0
5467,187,1,-0.421875,0.953125,0.0
5468,187,1,-0.625,-0.984375,1.0
5469,187,1,1.78125,-0.75,0.0
5470,187,1,-0.203125,-0.296875,1.0
5471,188,1,2.703125,-1.046875,1.0
5472,188,0,-3.0,1.015625,1.0
5473,188,1,0.5,1.34375,0.0
5474,188,1,1.125,-0.5,1.0
5475,188,1,0.578125,-0.65625,0.0
5476,188,0,-0.3125,-2.078125,0.0
5477,188,1,0.484375,0.0,0.0
5478,188,1,-1.296875,0.765625,1.0
5479,188,1,-0.890625,1.796875,1.0
5480,188,0,-1.828125,2.46875,1.0
5481,188,1,-1.171875,0.546875,0.0
5482,188,0,1.203125,-0.71875,0.0
5483,188,1,0.6875,-0.203125,1.0
5484,188,0,-1.953125,1.734375,0.0
5485,188,1,-0.0625,-0.8125,1.0
5486,188,0,-0.546875,-0.265625,0.0
5487,188,1,1.546875,-0.375,0.0
5488,188,0,-0.484375,-0.5625,0.0
5489,188,0,-0.140625,-1.125,1.0
5490,188,0,-0.296875,0.5625,0.0
5491,188,0,-1.109375,-1.15625,1.0
5492,188,1,0.578125,0.140625,0.0
5493,188,0,-0.78125,0.109375,0.0
5494,188,1,-1.4375,0.078125,0.0
5495,188,1,0.59375,1.765625,0.0
5496,188,1,0.921875,-2.0625,1.0
5497,188,1,-1.78125,-1.6875,1.0
5498,189,0,1.34375,-0.578125,1.0
5499,189,1,1.46875,-0.71875,0.0
5500,189,0,0.125,-0.1875,1.0
5501,189,0,0.8125,-0.109375,0.0
5502,189,1,-0.34375,-0.09375,0.0
5503,189,1,-0.90625,-1.140625,0.0
5504,189,0,-0.09375,-0.109375,0.0
5505,189,0,0.390625,-1.890625,0.0
5506,189,0,-1.265625,0.21875,1.0
5507,189,0,-0.96875,-0.28125,0.0
5508,189,0,-0.25,-2.171875,0.0
5509,189,0,-1.953125,-0.453125,1.0
5510,189,0,1.046875,-2.25,0.0
5511,189,0,-0.34375,-0.75,0.0
5512,189,0,1.671875,-0.21875,0.0
5513,189,0,0.984375,-0.171875,1.0
5514,189,0,1.171875,-1.21875,0.0
5515,189,0,-0.609375,-0.578125,1.0
5516,189,0,-0.09375,-1.171875,0.0
5517,189,0,1.296875,-0.953125,0.0
5518,189,0,0.515625,-1.5,0.0
5519,189,1,0.515625,-2.65625,0.0
5520,189,0,-0.328125,-0.5625,0.0
5521,189,0,-1.359375,-0.34375,0.0
5522,189,1,-0.078125,-1.234375,1.0
5523,189,1,0.1875,-1.453125,1.0
5524,189,1,1.296875,-0.28125,1.0
5525,189,1,0.421875,-2.1875,1.0
5526,190,1,0.53125,0.28125,0.0
5527,190,1,-0.8125,-1.75,0.0
5528,190,1,1.75,0.453125,1.0
5529,190,1,0.15625,-1.0625,0.0
5530,190,1,0.125,-0.703125,0.0
5531,190,0,-1.390625,0.09375,0.0
5532,190,0,-1.921875,0.3125,0.0
5533,190,1,-0.453125,1.15625,0.0
5534,190,0,0.796875,0.59375,0.0
5535,190,0,-0.90625,-0.5,0.0
5536,190,1,-0.765625,-0.21875,0.0
5537,190,1,-0.46875,-0.015625,1.0
5538,190,1,-1.328125,-1.546875,1.0
5539,190,1,0.125,0.796875,1.0
5540,190,0,-0.484375,-1.25,0.0
5541,190,0,-0.859375,1.0,0.0
5542,190,1,-1.109375,2.296875,0.0
5543,190,0,0.375,-0.21875,0.0
5544,190,1,0.546875,0.0625,0.0
5545,190,1,0.578125,-0.625,0.0
5546,190,1,1.140625,0.6875,0.0
5547,190,0,-1.0,0.28125,1.0
5548,190,1,0.984375,0.140625,0.0
5549,190,1,-0.46875,-0.015625,1.0
5550,190,1,-2.328125,-0.125,0.0
5551,190,1,-0.390625,0.046875,1.0
5552,190,1,1.046875,0.328125,1.0
5553,190,1,1.5,-0.328125,0.0
5554,190,0,-0.5,-0.75,0.0
5555,191,0,0.53125,-0.296875,0.0
5556,191,1,0.546875,-1.90625,0.0
5557,191,1,-1.84375,0.421875,0.0
5558,191,0,1.125,-0.6875,0.0
5559,191,0,0.34375,-0.84375,1.0
5560,191,0,-0.921875,-0.578125,1.0
5561,191,1,-0.40625,-0.09375,1.0
5562,191,0,-0.109375,0.234375,0.0
5563,191,1,1.421875,0.671875,1.0
5564,191,0,-0.65625,-0.671875,0.0
5565,191,1,-1.015625,0.90625,1.0
5566,191,1,-0.546875,-1.4375,0.0
5567,191,1,-0.265625,-1.0625,1.0
5568,191,0,0.59375,-0.015625,0.0
5569,191,0,0.546875,-0.421875,1.0
5570,191,1,-0.4375,-0.234375,0.0
5571,191,0,-0.875,-1.234375,0.0
5572,191,1,-1.75,-1.1875,0.0
5573,191,1,2.28125,-0.546875,0.0
5574,191,0,0.25,-0.25,1.0
5575,191,0,-0.5625,-0.0625,1.0
5576,191,1,0.21875,0.453125,0.0
5577,191,0,-0.625,-1.03125,0.0
5578,191,1,1.125,-0.125,1.0
5579,191,0,-1.59375,1.03125,1.0
5580,191,0,-0.96875,0.71875,1.0
5581,191,0,0.671875,0.390625,0.0
5582,191,1,-0.953125,-1.609375,0.0
5583,191,0,-1.9375,0.3125,1.0
5584,191,1,1.109375,1.34375,0.0
5585,192,0,-0.546875,-0.1875,0.0
5586,192,0,-0.125,0.328125,0.0
5587,192,1,1.75,0.703125,0.0
5588,192,0,0.09375,-0.109375,0.0
5589,192,1,0.859375,-0.84375,0.0
5590,192,0,-0.265625,1.015625,0.0
5591,192,1,0.6875,-0.234375,0.0
5592,192,0,-0.09375,0.234375,1.0
5593,192,0,0.1875,-1.4375,0.0
5594,192,1,0.65625,-0.90625,0.0
5595,192,0,-1.34375,0.046875,1.0
5596,192,0,-1.359375,-0.265625,1.0
5597,192,1,0.390625,1.1875,1.0
5598,192,0,-1.578125,0.96875,1.0
5599,192,1,-0.171875,1.96875,1.0
5600,192,1,0.453125,-0.0625,0.0
5601,192,1,1.0,0.078125,0.0
5602,192,1,0.40625,0.171875,1.0
5603,192,0,-1.1875,1.359375,1.0
5604,192,1,-0.390625,0.484375,0.0
5605,192,1,-1.09375,-0.03125,0.0
5606,192,1,1.5,-0.25,1.0
5607,192,1,-2.265625,-0.359375,1.0
5608,192,1,0.296875,0.390625,1.0
5609,192,1,-0.53125,-0.28125,1.0
5610,192,1,-0.109375,0.9375,1.0
5611,192,1,1.421875,0.6875,0.0
5612,192,0,-1.515625,0.828125,1.0
5613,192,1,-0.75,0.953125,0.0
5614,192,1,-0.3125,0.546875,0.0
5615,192,1,-0.265625,-0.421875,0.0
5616,193,1,1.453125,1.296875,0.0
5617,193,0,0.390625,0.390625,1.0
5618,193,1,-1.671875,-1.0,0.0
5619,193,0,1.171875,2.171875,0.0
5620,193,0,-0.203125,0.453125,0.0
5621,193,1,0.734375,-0.171875,1.0
5622,193,1,2.5625,1.671875,1.0
5623,193,1,1.125,-0.8125,0.0
5624,193,1,-1.140625,0.59375,0.0
5625,193,0,-2.234375,0.875,0.0
5626,193,1,0.859375,-0.125,0.0
5627,193,1,-0.46875,-0.6875,1.0
5628,193,1,-0.0625,-0.328125,1.0
5629,193,0,-1.796875,-0.28125,0.0
5630,193,1,1.828125,-1.609375,0.0
5631,193,1,0.109375,0.703125,1.0
5632,193,1,0.4375,-0.015625,0.0
5633,193,1,-0.546875,0.765625,1.0
5634,193,1,0.484375,0.3125,1.0
5635,193,1,1.6875,0.65625,1.0
5636,193,1,-1.328125,0.453125,0.0
5637,193,0,-0.296875,1.140625,0.0
5638,193,1,0.5,1.21875,1.0
5639,193,0,0.578125,-0.546875,0.0
5640,193,1,0.0,0.40625,0.0
5641,193,1,1.09375,-1.5625,0.0
5642,193,1,0.3125,0.828125,0.0
5643,193,0,0.90625,-1.09375,0.0
5644,193,1,-0.09375,-0.84375,1.0
5645,193,1,1.625,0.078125,0.0
5646,193,1,-1.953125,-0.65625,1.0
5647,193,1,1.125,1.234375,0.0
5648,194,1,0.140625,1.21875,1.0
5649,194,0,-0.078125,-0.515625,0.0
5650,194,0,1.09375,0.78125,0.0
5651,194,1,0.28125,1.234375,1.0
5652,194,1,0.15625,0.75,0.0
5653,194,1,0.609375,0.609375,0.0
5654,194,0,0.640625,1.15625,0.0
5655,194,0,0.078125,1.171875,0.0
5656,194,1,-1.484375,-0.921875,0.0
5657,194,1,-1.546875,0.90625,1.0
5658,194,1,1.546875,0.21875,0.0
5659,194,0,-1.734375,0.640625,1.0
5660,194,0,0.609375,-0.21875,0.0
5661,194,1,0.171875,1.09375,1.0
5662,194,0,-0.734375,0.515625,0.0
5663,194,1,-0.09375,1.125,1.0
5664,194,1,-1.0,0.390625,0.0
5665,194,1,1.015625,0.390625,0.0
5666,194,1,0.515625,0.203125,0.0
5667,194,1,-0.046875,-0.65625,1.0
5668,194,0,-1.140625,0.21875,0.0
5669,194,1,0.921875,0.203125,1.0
5670,194,1,0.890625,1.203125,1.0
5671,194,1,-0.609375,0.625,0.0
5672,194,1,-0.734375,0.828125,0.0
5673,194,1,1.390625,1.21875,1.0
5674,194,0,-0.40625,0.15625,0.0
5675,194,1,1.90625,-0.734375,0.0
5676,194,1,0.8125,0.578125,1.0
5677,194,1,0.140625,-0.5625,1.0
5678,194,1,2.84375,0.875,0.0
5679,194,0,-0.71875,-0.28125,0.0
5680,194,0,0.765625,0.171875,1.0
5681,195,0,-0.25,0.765625,0.0
5682,195,1,-0.75,-0.15625,0.0
5683,195,1,0.328125,-2.125,1.0
5684,195,1,1.078125,0.4375,1.0
5685,195,0,0.546875,-0.6875,0.0
5686,195,1,0.328125,-1.890625,0.0
5687,195,1,1.0,0.78125,1.0
5688,195,0,0.546875,0.828125,0.0
5689,195,1,0.03125,-0.296875,0.0
5690,195,0,1.234375,-0.484375,1.0
5691,195,1,0.296875,0.171875,0.0
5692,195,0,1.125,0.90625,1.0
5693,195,0,0.390625,1.953125,0.0
5694,195,0,-0.90625,-1.125,1.0
5695,195,1,-1.15625,-2.109375,1.0
5696,195,0,-0.578125,0.359375,1.0
5697,195,1,0.28125,0.0,1.0
5698,195,1,0.875,-0.765625,0.0
5699,195,0,-0.046875,-1.359375,0.0
5700,195,0,-0.78125,-0.640625,1.0
5701,195,1,0.40625,0.0,1.0
5702,195,1,0.625,-0.359375,0.0
5703,195,0,-1.34375,0.46875,1.0
5704,195,0,-0.125,-0.515625,1.0
5705,195,1,0.265625,-0.984375,1.0
5706,195,0,1.4375,-1.40625,0.0
5707,195,1,-0.390625,-0.125,1.0
5708,195,1,-0.625,-0.984375,1.0
5709,195,0,0.71875,0.5,0.0
5710,195,0,0.171875,1.828125,0.0
5711,195,1,-0.921875,1.96875,1.0
5712,195,0,-0.625,0.96875,0.0
5713,195,1,1.984375,-0.4375,0.0
5714,195,1,-0.015625,-1.203125,0.0
5715,196,1,0.75,-0.078125,0.0
5716,196,0,1.78125,0.25,0.0
5717,196,1,0.375,-0.671875,0.0
5718,196,0,-0.140625,1.625,0.0
5719,196,0,-0.125,-2.140625,0.0
5720,196,1,-0.125,0.140625,1.0
5721,196,1,1.28125,-0.765625,1.0
5722,196,1,0.15625,-0.15625,0.0
5723,196,1,-0.109375,0.015625,1.0
5724,196,1,0.734375,0.75,0.0
5725,196,1,-0.09375,0.890625,0.0
5726,196,0,-0.625,-0.15625,1.0
5727,196,0,-0.6875,-0.828125,0.0
5728,196,0,-1.015625,0.65625,0.0
5729,196,1,1.109375,-1.890625,0.0
5730,196,1,0.140625,-1.296875,0.0
5731,196,0,-0.421875,-1.15625,0.0
5732,196,1,-2.15625,-0.0625,1.0
5733,196,1,0.21875,0.84375,0.0
5734,196,0,-1.328125,-1.6875,1.0
5735,196,1,1.125,0.359375,1.0
5736,196,1,-1.171875,0.796875,1.0
5737,196,1,-1.671875,0.140625,1.0
5738,196,1,-1.46875,-1.296875,1.0
5739,196,0,2.203125,-1.546875,0.0
5740,196,0,0.46875,-0.671875,0.0
5741,196,1,1.171875,-0.40625,0.0
5742,196,1,-0.25,0.03125,1.0
5743,196,0,0.5,-2.0,0.0
5744,196,1,-0.21875,-0.265625,1.0
5745,196,1,-0.59375,-0.59375,0.0
5746,196,1,1.328125,-0.796875,1.0
5747,196,0,0.515625,-2.234375,0.0
5748,196,0,-0.234375,0.28125,1.0
5749,196,1,-1.6875,1.84375,1.0
5750,197,1,0.515625,-0.21875,1.0
5751,197,0,-0.90625,1.515625,1.0
5752,197,1,-0.0625,-0.734375,0.0
5753,197,1,-0.890625,-1.421875,0.0
5754,197,1,-0.15625,0.203125,0.0
5755,197,1,0.4375,-1.84375,0.0
5756,197,0,-2.125,0.46875,1.0
5757,197,0,0.21875,0.40625,1.0
5758,197,0,-0.703125,1.0625,0.0
5759,197,1,1.328125,-2.078125,1.0
5760,197,0,-0.078125,-1.078125,0.0
5761,197,1,1.3125,1.96875,1.0
5762,197,1,-0.96875,0.171875,0.0
5763,197,0,0.375,-1.0,0.0
5764,197,1,-1.375,-0.9375,1.0
5765,197,1,1.078125,-1.875,1.0
5766,197,0,0.46875,1.125,1.0
5767,197,0,-2.359375,0.90625,0.0
5768,197,0,-1.4375,0.75,0.0
5769,197,0,-0.28125,1.5625,0.0
5770,197,0,0.796875,-1.421875,0.0
5771,197,0,0.890625,0.796875,0.0
5772,197,0,-0.421875,-1.109375,0.0
5773,197,1,0.125,-0.265625,1.0
5774,197,0,-0.109375,0.484375,0.0
5775,197,1,-0.84375,0.390625,0.0
5776,197,0,-0.65625,-0.765625,0.0
5777,197,0,0.125,0.0,1.0
5778,197,0,0.984375,0.421875,1.0
5779,197,1,1.0625,1.421875,0.0
5780,197,1,2.4375,-0.875,0.0
5781,197,1,-1.4375,-0.484375,0.0
5782,197,0,-0.90625,0.171875,0.0
5783,197,1,-0.453125,-0.296875,1.0
5784,197,0,0.78125,-1.140625,0.0
5785,197,1,-0.796875,-0.40625,1.0
5786,198,0,1.390625,0.421875,0.0
5787,198,0,0.515625,1.15625,0.0
5788,198,0,0.390625,1.328125,0.0
5789,198,1,-0.71875,0.359375,0.0
5790,198,1,0.046875,-0.90625,0.0
5791,198,1,0.1875,-1.84375,1.0
5792,198,1,0.046875,0.8125,1.0
5793,198,0,-1.109375,-0.140625,0.0
5794,198,0,0.96875,1.953125,1.0
5795,198,0,-0.796875,-0.1875,1.0
5796,198,1,1.25,-0.6875,0.0
5797,198,0,-0.34375,-1.375,0.0
5798,198,0,2.1875,1.359375,0.0
5799,198,1,1.359375,0.6875,1.0
5800,198,1,0.578125,-0.375,0.0
5801,198,0,1.1875,0.40625,1.0
5802,198,0,-0.6875,-0.640625,1.0
5803,198,1,0.984375,0.046875,0.0
5804,198,0,0.546875,-0.96875,0.0
5805,198,1,-0.109375,1.078125,0.0
5806,198,0,0.640625,-2.328125,1.0
5807,198,1,0.40625,-1.109375,0.0
5808,198,0,0.15625,-0.78125,0.0
5809,198,1,1.640625,-0.53125,0.0
5810,198,0,-0.484375,-1.296875,1.0
5811,198,1,-0.03125,-1.59375,0.0
5812,198,1,-0.59375,0.234375,1.0
5813,198,0,-0.359375,2.765625,0.0
5814,198,1,-0.234375,-1.359375,1.0
5815,198,1,-0.59375,-1.125,0.0
5816,198,1,-0.234375,0.859375,0.0
5817,198,0,-0.46875,-1.046875,0.0
5818,198,0,-1.609375,1.203125,1.0
5819,198,1,1.171875,0.765625,0.0
5820,198,1,0.046875,1.5625,0.0
5821,198,0,-0.640625,0.875,1.0
5822,198,0,-0.96875,2.09375,1.0
5823,199,0,0.15625,-0.171875,1.0
5824,199,0,-0.109375,-0.9375,1.0
5825,199,1,-0.171875,-1.28125,0.0
5826,199,1,-0.484375,-1.109375,1.0
5827,199,1,0.5625,-1.6875,1.0
5828,199,1,-0.28125,0.265625,1.0
5829,199,0,-0.359375,0.1875,1.0
5830,199,1,1.015625,-1.46875,0.0
5831,199,0,-0.484375,-0.4375,0.0
5832,199,0,0.453125,-0.28125,0.0
5833,199,1,0.53125,0.046875,0.0
5834,199,1,2.21875,0.359375,1.0
5835,199,1,-0.84375,-0.890625,1.0
5836,199,0,-0.65625,1.9375,1.0
5837,199,0,0.921875,0.015625,0.0
5838,199,0,0.75,0.203125,0.0
5839,199,0,-2.375,-2.703125,0.0
5840,199,1,1.171875,-2.0625,0.0
5841,199,1,1.390625,-0.359375,1.0
5842,199,0,1.28125,0.296875,0.0
5843,199,1,-0.640625,0.5625,0.0
5844,199,1,-1.140625,-0.65625,0.0
5845,199,0,1.703125,1.484375,0.0
5846,199,1,2.078125,1.234375,1.0
5847,199,0,-0.515625,-0.75,0.0
5848,199,0,1.265625,0.53125,0.0
5849,199,1,1.0,-1.1875,1.0
5850,199,1,-0.578125,-0.890625,0.0
5851,199,1,-1.1875,-0.671875,1.0
5852,199,0,2.453125,-0.6875,1.0
5853,199,0,-0.4375,1.75,1.0
5854,199,0,-0.078125,1.03125,0.0
5855,199,1,1.484375,-0.1875,1.0
5856,199,1,0.34375,-0.3125,1.0
5857,199,1,0.3125,-1.46875,0.0
5858,199,0,-1.375,-1.21875,1.0
5859,199,1,-0.765625,0.453125,1.0
5860,199,1,1.375,-0.921875,0.0
5861,200,1,-0.125,0.609375,0.0
5862,200,0,1.078125,0.671875,0.0
5863,200,1,0.15625,-0.15625,0.0
5864,200,0,-1.703125,1.4375,0.0
5865,200,1,-0.171875,-0.140625,1.0
5866,200,1,0.828125,-0.21875,0.0
5867,200,0,-0.71875,0.140625,1.0
5868,200,1,-1.953125,0.328125,1.0
5869,200,1,1.125,0.390625,1.0
5870,200,1,-0.125,-1.234375,1.0
5871,200,1,0.625,-2.09375,1.0
5872,200,1,0.921875,-1.9375,0.0
5873,200,1,0.40625,-0.875,0.0
5874,200,0,-0.484375,0.9375,1.0
5875,200,1,-0.65625,-0.84375,1.0
5876,200,0,1.15625,-1.640625,0.0
5877,200,1,0.03125,1.5,1.0
5878,200,0,-1.296875,-0.296875,0.0
5879,200,0,-0.15625,-0.375,1.0
5880,200,0,0.4375,0.09375,0.0
5881,200,1,-0.609375,-1.78125,1.0
5882,200,0,-0.765625,-0.953125,0.0
5883,200,0,-0.921875,2.046875,1.0
5884,200,1,0.0,-1.890625,0.0
5885,200,1,-0.0625,-1.453125,1.0
5886,200,0,-0.71875,-0.03125,1.0
5887,200,1,1.03125,0.640625,0.0
5888,200,0,0.875,0.6875,0.0
5889,200,0,1.671875,-1.078125,0.0
5890,200,1,0.578125,-1.9375,1.0
5891,200,0,0.25,1.671875,1.0
5892,200,0,-0.578125,-0.171875,0.0
5893,200,0,-0.75,-1.265625,0.0
5894,200,0,-0.78125,1.234375,0.0
5895,200,0,0.28125,0.25,0.0
5896,200,0,-0.859375,0.265625,0.0
5897,200,0,-1.359375,0.078125,1.0
5898,200,1,1.515625,1.015625,0.0
5899,200,1,0.421875,-0.96875,1.0
5900,201,1,-0.96875,-0.203125,0.0
5901,201,0,0.28125,-1.625,0.0
5902,201,0,-0.125,0.015625,1.0
5903,201,1,0.21875,0.375,0.0
5904,201,0,1.046875,0.0625,1.0
5905,201,1,0.453125,0.3125,0.0
5906,201,0,1.75,0.328125,0.0
5907,201,0,0.1875,1.09375,0.0
5908,201,1,-0.25,1.5625,0.0
5909,201,1,0.515625,0.0,0.0
5910,201,1,-0.8125,-0.21875,1.0
5911,201,0,0.59375,0.75,0.0
5912,201,0,-0.703125,0.21875,1.0
5913,201,1,-0.203125,0.28125,1.0
5914,201,1,0.078125,-1.390625,1.0
5915,201,1,0.671875,-0.5,0.0
5916,201,0,-0.171875,1.546875,1.0
5917,201,0,-0.265625,0.359375,0.0
5918,201,1,0.765625,0.171875,0.0
5919,201,0,0.4375,-0.84375,1.0
5920,202,1,0.390625,0.015625,0.0
5921,202,1,-0.75,0.625,1.0
5922,202,1,0.046875,-0.4375,0.0
5923,202,0,-1.203125,-0.09375,1.0
5924,202,1,1.90625,0.28125,1.0
5925,202,1,-0.8125,-0.15625,0.0
5926,202,1,-0.28125,0.53125,0.0
5927,202,0,-0.34375,1.984375,0.0
5928,202,1,0.53125,-0.484375,0.0
5929,202,0,0.125,1.1875,0.0
5930,202,1,1.34375,1.8125,1.0
5931,202,0,-0.0625,0.65625,0.0
5932,202,1,1.3125,0.734375,1.0
5933,202,0,0.0,0.3125,1.0
5934,202,0,-0.59375,1.1875,0.0
5935,202,0,-0.203125,-0.453125,0.0
5936,202,1,0.1875,-0.296875,0.0
5937,202,1,-0.9375,-0.078125,0.0
5938,202,1,0.484375,1.53125,0.0
5939,202,0,-1.390625,0.0625,1.0
5940,202,1,0.8125,1.9375,0.0
5941,203,1,2.625,-0.625,1.0
5942,203,1,0.15625,1.015625,0.0
5943,203,0,0.359375,0.421875,0.0
5944,203,0,-0.765625,-0.6875,0.0
5945,203,0,-1.453125,-0.796875,0.0
5946,203,1,0.765625,-3.40625,0.0
5947,203,1,1.703125,-1.4375,1.0
5948,203,0,-1.03125,-0.671875,1.0
5949,203,1,0.234375,-1.90625,0.0
5950,203,1,0.921875,-1.59375,0.0
5951,203,0,-1.140625,-1.484375,1.0
5952,203,1,-0.953125,-2.53125,1.0
5953,203,0,2.421875,1.03125,0.0
5954,203,1,-0.234375,0.15625,0.0
5955,203,0,-0.5625,0.984375,0.0
5956,203,0,0.484375,-1.734375,0.0
5957,203,0,0.4375,-1.765625,1.0
5958,203,1,0.03125,-1.921875,1.0
5959,203,1,0.953125,-0.390625,1.0
5960,203,1,-1.46875,-0.953125,1.0
5961,203,0,0.0,-1.6875,0.0
5962,203,0,0.53125,0.609375,0.0
5963,204,1,-1.890625,-0.609375,1.0
5964,204,0,-0.15625,0.421875,1.0
5965,204,0,-0.3125,-0.1875,0.0
5966,204,1,-0.34375,-1.546875,1.0
5967,204,1,0.59375,-1.15625,0.0
5968,204,1,-0.828125,-0.640625,0.0
5969,204,1,-0.4375,0.5,1.0
5970,204,0,-0.96875,-0.640625,0.0
5971,204,1,-0.40625,-0.203125,1.0
5972,204,1,0.59375,-0.671875,1.0
5973,204,0,-0.5,-0.375,1.0
5974,204,0,-0.234375,-0.921875,0.0
5975,204,1,1.59375,-0.703125,0.0
5976,204,1,2.5625,0.96875,0.0
5977,204,1,1.03125,0.1875,0.0
5978,204,1,1.015625,-1.296875,1.0
5979,204,0,-0.21875,-1.65625,0.0
5980,204,0,-0.203125,0.625,0.0
5981,204,0,0.28125,-0.390625,0.0
5982,204,0,0.34375,1.09375,0.0
5983,204,1,-1.234375,-1.046875,1.0
5984,204,0,1.46875,1.3125,1.0
5985,204,0,-0.78125,0.25,0.0
5986,205,0,-0.1875,-0.71875,0.0
5987,205,1,1.140625,0.046875,1.0
5988,205,1,0.328125,-0.78125,0.0
5989,205,0,-1.875,-1.734375,0.0
5990,205,1,-0.515625,-1.234375,1.0
5991,205,1,0.09375,-1.390625,1.0
5992,205,1,-0.0625,-2.25,1.0
5993,205,1,-0.015625,-0.609375,0.0
5994,205,1,1.359375,0.09375,1.0
5995,205,1,-0.5,-0.765625,0.0
5996,205,1,0.671875,-0.375,1.0
5997,205,0,0.265625,1.640625,0.0
5998,205,1,0.1875,-1.75,0.0
5999,205,0,-0.84375,0.40625,1.0
6000,205,1,-1.046875,-0.578125,0.0
6001,205,1,0.296875,-0.78125,1.0
6002,205,0,-1.921875,1.0625,1.0
6003,205,1,-0.234375,-1.296875,1.0
6004,205,0,-0.390625,0.640625,0.0
6005,205,0,-2.890625,-0.171875,0.0
6006,205,1,0.453125,0.1875,1.0
6007,205,0,-0.75,0.265625,0.0
6008,205,0,-2.265625,-0.1875,0.0
6009,205,1,1.03125,-1.0625,1.0
6010,206,0,-1.28125,0.140625,1.0
6011,206,0,0.125,1.1875,1.0
6012,206,0,-1.453125,1.765625,0.0
6013,206,0,-1.734375,1.203125,0.0
6014,206,0,1.09375,-0.609375,0.0
6015,206,0,-1.15625,0.78125,0.0
6016,206,1,0.734375,-0.390625,0.0
6017,206,0,0.421875,-0.40625,1.0
6018,206,0,-0.90625,0.375,1.0
6019,206,1,-0.484375,0.421875,1.0
6020,206,0,-0.671875,-0.890625,0.0
6021,206,1,-0.21875,0.546875,0.0
6022,206,1,1.65625,0.515625,0.0
6023,206,1,1.109375,-0.421875,0.0
6024,206,1,1.125,1.25,1.0
6025,206,1,0.515625,-1.171875,0.0
6026,206,0,1.234375,0.734375,0.0
6027,206,1,2.328125,0.796875,0.0
6028,206,0,-0.375,-0.125,0.0
6029,206,0,0.0625,1.234375,0.0
6030,206,1,-0.625,-1.3125,0.0
6031,206,0,0.0625,0.453125,0.0
6032,206,0,-0.234375,1.03125,0.0
6033,206,0,-1.078125,-0.046875,1.0
6034,206,0,0.8125,0.9375,0.0
6035,207,0,-0.984375,-1.515625,1.0
6036,207,1,0.125,0.234375,1.0
6037,207,0,-0.46875,0.5625,1.0
6038,207,1,0.71875,2.140625,1.0
6039,207,1,-0.59375,-2.546875,0.0
6040,207,0,0.875,-0.078125,1.0
6041,207,0,0.5625,0.390625,0.0
6042,207,1,-1.25,-0.03125,0.0
6043,207,1,-0.5625,0.140625,1.0
6044,207,0,0.828125,-0.40625,0.0
6045,207,1,2.03125,-0.9375,0.0
6046,207,0,1.125,0.65625,0.0
6047,207,1,0.5625,0.484375,0.0
6048,207,0,-0.828125,0.78125,1.0
6049,207,0,-1.6875,-0.515625,1.0
6050,207,0,-0.078125,-1.90625,1.0
6051,207,1,-1.09375,0.046875,1.0
6052,207,0,-1.640625,-0.625,1.0
6053,207,0,0.84375,1.0,0.0
6054,207,1,-1.359375,0.671875,1.0
6055,207,1,-0.09375,-2.125,1.0
6056,207,1,2.015625,0.859375,1.0
6057,207,1,1.65625,-1.171875,1.0
6058,207,0,1.359375,-0.5,1.0
6059,207,0,-0.859375,-0.296875,0.0
6060,207,1,0.078125,-0.515625,1.0
6061,208,1,-0.765625,1.453125,1.0
6062,208,1,0.5,0.15625,1.0
6063,208,0,-0.390625,0.25,0.0
6064,208,1,-0.90625,0.0,1.0
6065,208,0,-0.390625,-1.046875,0.0
6066,208,1,0.75,0.203125,1.0
6067,208,0,-1.296875,1.4375,1.0
6068,208,1,-0.640625,-0.15625,0.0
6069,208,0,-0.421875,-0.34375,0.0
6070,208,0,-0.390625,-0.25,0.0
6071,208,0,0.796875,-0.890625,0.0
6072,208,1,-0.5,0.109375,1.0
6073,208,0,-0.40625,0.28125,1.0
6074,208,1,0.125,-1.609375,0.0
6075,208,1,0.15625,-0.984375,0.0
6076,208,1,1.546875,-0.15625,1.0
6077,208,1,-0.453125,0.1875,1.0
6078,208,1,-0.21875,0.171875,0.0
6079,208,0,-0.78125,-2.296875,1.0
6080,208,0,0.5,-1.765625,0.0
6081,208,0,0.875,-0.140625,0.0
6082,208,0,0.578125,-0.484375,0.0
6083,208,1,0.671875,-0.375,0.0
6084,208,0,0.375,1.9375,0.0
6085,208,0,-0.96875,-1.15625,1.0
6086,208,1,-0.9375,-0.75,0.0
6087,208,1,-0.46875,-0.4375,1.0
6088,209,0,-1.28125,-1.15625,0.0
6089,209,0,0.984375,1.0625,0.0
6090,209,0,-1.0625,-0.78125,1.0
6091,209,0,-0.703125,0.5,0.0
6092,209,0,0.984375,1.296875,0.0
6093,209,1,1.546875,-1.859375,0.0
6094,209,0,-0.03125,1.171875,1.0
6095,209,0,-0.296875,-0.21875,0.0
6096,209,0,-1.359375,0.9375,1.0
6097,209,1,0.640625,-0.171875,0.0
6098,209,0,0.203125,-0.90625,0.0
6099,209,1,-0.140625,2.375,0.0
6100,209,0,0.234375,0.796875,0.0
6101,209,0,0.625,-0.21875,1.0
6102,209,1,-0.8125,1.3125,0.0
6103,209,0,-0.375,-0.5625,0.0
6104,209,1,-0.375,-1.78125,1.0
6105,209,1,0.5,0.5625,0.0
6106,209,1,0.53125,-1.640625,1.0
6107,209,1,0.328125,-0.984375,0.0
6108,209,0,0.078125,-1.234375,1.0
6109,209,1,1.578125,-0.875,0.0
6110,209,1,-1.75,-0.328125,0.0
6111,209,0,0.390625,-0.859375,1.0
6112,209,1,0.640625,-0.359375,0.0
6113,209,1,1.140625,-1.15625,0.0
6114,209,1,2.0,-2.921875,0.0
6115,209,1,1.359375,0.546875,0.0
6116,210,1,-0.0625,0.84375,0.0
6117,210,0,0.984375,0.984375,0.0
6118,210,1,-1.21875,0.375,1.0
6119,210,0,0.015625,0.53125,1.0
6120,210,1,0.625,-1.0,0.0
6121,210,0,-0.28125,-2.703125,0.0
6122,210,1,0.078125,-0.296875,0.0
6123,210,1,1.65625,-0.75,1.0
6124,210,1,0.5,-1.203125,1.0
6125,210,0,0.171875,-1.734375,0.0
6126,210,1,0.484375,1.03125,0.0
6127,210,0,-0.65625,1.28125,1.0
6128,210,0,-1.875,0.40625,1.0
6129,210,1,-0.40625,0.703125,0.0
6130,210,0,-0.140625,1.75,1.0
6131,210,0,-0.484375,1.0625,0.0
6132,210,1,-1.203125,0.15625,1.0
6133,210,1,-1.140625,-1.125,1.0
6134,210,0,-1.859375,-1.140625,1.0
6135,210,1,-0.5625,-1.640625,0.0
6136,210,1,0.6875,1.1875,0.0
6137,210,1,0.234375,-0.703125,0.0
6138,210,0,1.375,-1.078125,1.0
6139,210,0,-0.3125,0.421875,0.0
6140,210,0,-1.328125,-1.625,0.0
6141,210,0,-0.53125,0.109375,0.0
6142,210,1,1.296875,-1.890625,0.0
6143,210,1,0.59375,-0.265625,1.0
6144,210,1,-2.0,-0.75,0.0
6145,211,1,0.984375,-0.0625,1.0
6146,211,1,2.15625,-0.953125,0.0
6147,211,0,0.390625,-1.1875,0.0
6148,211,1,2.0,-0.28125,1.0
6149,211,0,0.171875,-0.890625,0.0
6150,211,1,0.4375,-0.65625,0.0
6151,211,0,-0.375,0.03125,1.0
6152,211,0,0.796875,1.78125,1.0
6153,211,0,-1.640625,-0.296875,1.0
6154,211,0,-1.71875,-0.8125,0.0
6155,211,1,1.359375,-0.34375,0.0
6156,211,1,1.546875,0.875,1.0
6157,211,1,-0.96875,0.875,1.0
6158,211,1,0.34375,-0.4375,1.0
6159,211,0,-1.453125,-1.09375,0.0
6160,211,1,-1.46875,-1.65625,1.0
6161,211,0,-1.71875,-0.109375,0.0
6162,211,0,1.375,-1.5625,1.0
6163,211,0,-0.609375,-1.671875,0.0
6164,211,0,0.265625,-0.8125,0.0
6165,211,0,-2.578125,0.125,0.0
6166,211,1,1.125,-0.578125,1.0
6167,211,1,-0.890625,0.375,0.0
6168,211,1,0.234375,1.28125,0.0
6169,211,1,1.0625,0.1875,1.0
6170,211,1,-0.078125,0.171875,0.0
6171,211,0,-1.75,0.828125,0.0
6172,211,0,0.015625,0.171875,0.0
6173,211,0,0.203125,-0.203125,0.0
6174,211,1,1.015625,-0.921875,1.0
6175,212,1,-0.359375,0.515625,0.0
6176,212,1,0.453125,-1.40625,1.0
6177,212,0,0.65625,-0.640625,1.0
6178,212,0,0.25,-0.40625,0.0
6179,212,1,-0.953125,1.09375,1.0
6180,212,0,-1.4375,-1.484375,0.0
6181,212,1,-0.65625,-0.40625,0.0
6182,212,0,1.203125,-1.390625,0.0
6183,212,0,0.46875,-0.1875,0.0
6184,212,0,-1.9375,0.109375,0.0
6185,212,1,0.796875,1.5,0.0
6186,212,0,-1.125,0.390625,0.0
6187,212,0,0.390625,0.1875,0.0
6188,212,1,-1.609375,-1.75,0.0
6189,212,1,-1.375,-2.453125,1.0
6190,212,0,0.65625,-2.765625,0.0
6191,212,1,-0.78125,1.265625,0.0
6192,212,0,-0.65625,0.140625,0.0
6193,212,0,2.71875,-2.46875,0.0
6194,212,0,0.078125,0.609375,0.0
6195,212,0,0.890625,-0.46875,0.0
6196,212,1,0.515625,-0.203125,1.0
6197,212,1,0.8125,1.125,1.0
6198,212,0,-0.453125,0.109375,0.0
6199,212,1,2.390625,-1.578125,0.0
6200,212,0,-0.5,1.90625,1.0
6201,212,0,-0.234375,-0.546875,0.0
6202,212,1,0.015625,-0.265625,0.0
6203,212,1,0.515625,0.609375,0.0
6204,212,0,0.875,-0.921875,1.0
6205,212,0,-0.125,0.578125,0.0
6206,213,0,0.1875,2.359375,1.0
6207,213,0,-1.203125,-1.5,0.0
6208,213,0,-0.71875,0.265625,1.0
6209,213,1,0.15625,-0.375,0.0
6210,213,0,-0.453125,-0.46875,0.0
6211,213,0,-0.546875,-0.390625,0.0
6212,213,1,0.453125,-0.171875,1.0
6213,213,0,-1.359375,-0.828125,0.0
6214,213,1,1.125,-0.625,1.0
6215,213,0,0.09375,-0.84375,0.0
6216,213,0,0.515625,0.484375,0.0
6217,213,0,-0.15625,0.828125,1.0
6218,213,1,0.984375,-2.0,1.0
6219,213,0,-1.515625,-1.703125,1.0
6220,213,0,-0.734375,0.09375,0.0
6221,213,0,-2.265625,-0.5,0.0
6222,213,0,-0.859375,-1.015625,0.0
6223,213,1,0.71875,1.875,1.0
6224,213,1,-0.71875,0.015625,1.0
6225,213,0,1.53125,-1.5,0.0
6226,213,1,-0.09375,-0.8125,0.0
6227,213,1,-0.203125,-0.859375,0.0
6228,213,0,-0.734375,-1.203125,1.0
6229,213,1,0.25,-0.875,1.0
6230,213,0,-0.359375,-1.390625,0.0
6231,213,0,-0.546875,-0.296875,0.0
6232,213,0,-0.921875,-0.453125,1.0
6233,213,0,1.15625,0.9375,0.0
6234,213,0,0.5,-1.21875,0.0
6235,213,0,0.015625,0.546875,0.0
6236,213,0,-0.125,0.28125,0.0
6237,213,1,0.359375,-1.90625,1.0
6238,214,0,-1.140625,0.734375,0.0
6239,214,0,-1.3125,-0.828125,0.0
6240,214,1,2.96875,-0.015625,1.0
6241,214,0,2.015625,-1.671875,1.0
6242,214,0,-2.28125,-0.171875,0.0
6243,214,0,-0.9375,-0.34375,1.0
6244,214,1,-1.171875,-0.453125,1.0
6245,214,1,0.171875,0.75,0.0
6246,214,1,0.109375,-1.625,1.0
6247,214,0,0.34375,1.09375,0.0
6248,214,1,2.125,-0.046875,1.0
6249,214,0,-2.40625,-0.65625,1.0
6250,214,1,0.015625,-0.96875,0.0
6251,214,1,1.3125,-1.015625,0.0
6252,214,0,-1.453125,0.84375,0.0
6253,214,0,-0.609375,-0.515625,0.0
6254,214,1,1.125,0.21875,0.0
6255,214,0,0.546875,-0.578125,0.0
6256,214,0,1.015625,1.65625,0.0
6257,214,0,-0.65625,-0.3125,0.0
6258,214,1,-0.9375,-1.203125,0.0
6259,214,1,1.359375,1.21875,0.0
6260,214,0,0.609375,1.046875,0.0
6261,214,0,0.8125,-0.40625,0.0
6262,214,0,-0.75,1.9375,0.0
6263,214,1,0.484375,0.09375,1.0
6264,214,0,0.75,0.984375,0.0
6265,214,1,1.953125,-0.28125,0.0
6266,214,1,0.453125,0.3125,1.0
6267,214,1,0.390625,-0.125,0.0
6268,214,0,1.296875,0.234375,1.0
6269,214,0,-0.484375,1.640625,0.0
6270,214,1,-0.609375,-1.53125,1.0
6271,215,0,-0.4375,-0.953125,0.0
6272,215,1,0.15625,-0.8125,0.0
6273,215,0,-0.4375,-0.640625,0.0
6274,215,1,0.359375,-0.765625,0.0
6275,215,1,0.84375,1.5,1.0
6276,215,1,-0.796875,-2.21875,1.0
6277,215,0,0.203125,-1.21875,0.0
6278,215,0,0.25,-1.703125,0.0
6279,215,0,-0.453125,-1.21875,0.0
6280,215,0,0.359375,0.625,0.0
6281,215,0,0.234375,-0.046875,1.0
6282,215,1,0.6875,-0.125,1.0
6283,215,0,-0.1875,0.8125,1.0
6284,215,0,-1.1875,-0.515625,0.0
6285,215,0,0.703125,-1.421875,0.0
6286,215,0,-1.625,-0.828125,1.0
6287,215,0,-0.859375,1.0,1.0
6288,215,1,-0.078125,1.0,1.0
6289,215,0,0.96875,-0.125,0.0
6290,215,0,-0.71875,-1.046875,0.0
6291,215,0,-0.515625,-0.515625,0.0
6292,215,0,-1.34375,-2.0625,1.0
6293,215,0,-1.109375,1.515625,0.0
6294,215,0,-1.234375,-0.765625,0.0
6295,215,0,0.984375,-0.15625,0.0
6296,215,1,0.9375,1.6875,0.0
6297,215,0,-1.21875,-0.859375,1.0
6298,215,0,-0.453125,1.265625,0.0
6299,215,1,-1.21875,-0.4375,0.0
6300,215,0,-1.671875,-0.484375,1.0
6301,215,0,-1.640625,0.078125,1.0
6302,215,0,-1.671875,-1.703125,1.0
6303,215,0,0.546875,-1.421875,0.0
6304,215,0,0.4375,-1.515625,1.0
6305,216,1,1.484375,0.9375,0.0
6306,216,1,0.953125,-0.25,1.0
6307,216,0,-0.3125,0.359375,0.0
6308,216,1,-0.046875,0.140625,1.0
6309,216,1,-0.65625,0.34375,0.0
6310,216,1,-1.15625,-0.46875,0.0
6311,216,1,0.359375,0.265625,1.0
6312,216,1,-0.671875,-0.3125,0.0
6313,216,1,-0.640625,1.1875,1.0
6314,216,0,0.8125,-1.6875,1.0
6315,216,0,-0.421875,1.03125,0.0
6316,216,0,0.5,1.09375,0.0
6317,216,1,0.921875,0.640625,0.0
6318,216,1,-1.65625,0.203125,1.0
6319,216,0,1.171875,1.375,1.0
6320,216,0,-2.265625,-0.125,0.0
6321,216,1,3.171875,-0.40625,0.0
6322,216,0,1.40625,1.265625,1.0
6323,216,1,0.109375,-0.953125,1.0
6324,216,0,-0.390625,-1.71875,0.0
6325,216,0,0.1875,0.96875,0.0
6326,216,1,0.796875,-0.34375,1.0
6327,216,0,0.984375,0.453125,1.0
6328,216,1,-0.15625,-2.03125,0.0
6329,216,1,0.953125,-2.03125,0.0
6330,216,0,-1.296875,1.078125,1.0
6331,216,1,-0.328125,-1.1875,0.0
6332,216,1,0.609375,-0.234375,1.0
6333,216,1,-2.484375,-0.609375,1.0
6334,216,1,0.3125,-0.765625,0.0
6335,216,1,1.109375,-0.40625,0.0
6336,216,0,-0.234375,0.421875,0.0
6337,216,1,-0.03125,0.25,1.0
6338,216,1,-0.953125,-0.9375,0.0
6339,216,1,-0.34375,1.5,1.0
6340,217,0,1.234375,-1.796875,0.0
6341,217,1,-0.65625,0.546875,1.0
6342,217,1,-0.25,-0.65625,1.0
6343,217,1,-1.125,-0.015625,1.0
6344,217,1,1.5,0.90625,0.0
6345,217,0,-0.9375,-0.21875,1.0
6346,217,0,-1.953125,0.1875,1.0
6347,217,1,1.734375,0.09375,1.0
6348,217,1,-0.125,-1.28125,1.0
6349,217,1,-0.828125,-1.140625,1.0
6350,217,0,0.265625,-0.078125,0.0
6351,217,0,1.296875,-0.71875,0.0
6352,217,1,-0.625,-0.859375,0.0
6353,217,0,-0.78125,-0.671875,0.0
6354,217,0,0.390625,-0.375,0.0
6355,217,1,-0.5,1.546875,1.0
6356,217,0,-1.875,-1.265625,1.0
6357,217,0,0.015625,0.484375,1.0
6358,217,1,-1.15625,1.53125,0.0
6359,217,0,0.609375,0.484375,0.0
6360,217,1,-0.96875,0.296875,1.0
6361,217,0,0.046875,-0.609375,1.0
6362,217,0,0.140625,-0.5625,1.0
6363,217,0,-1.125,-0.609375,1.0
6364,217,1,-0.296875,-0.296875,1.0
6365,217,1,1.5625,-0.40625,1.0
6366,217,1,0.90625,-2.1875,0.0
6367,217,1,-0.234375,-0.375,1.0
6368,217,0,-0.5,-1.515625,0.0
6369,217,1,0.765625,0.234375,1.0
6370,217,1,1.859375,0.9375,0.0
6371,217,0,1.3125,1.09375,0.0
6372,217,0,-1.796875,-1.828125,0.0
6373,217,1,-0.65625,-0.25,1.0
6374,217,0,-1.34375,-0.28125,1.0
6375,217,0,0.171875,0.34375,1.0
6376,218,0,-0.5625,-0.09375,0.0
6377,218,1,0.546875,-2.5,1.0
6378,218,0,-0.875,0.0,0.0
6379,218,1,1.109375,-1.140625,0.0
6380,218,1,1.765625,-0.046875,1.0
6381,218,0,-0.734375,-1.453125,0.0
6382,218,1,1.125,0.078125,0.0
6383,218,0,0.421875,0.3125,1.0
6384,218,0,0.03125,-1.59375,0.0
6385,218,0,-1.75,-0.140625,1.0
6386,218,0,-0.296875,0.09375,0.0
6387,218,1,0.171875,-0.671875,1.0
6388,218,1,0.875,-0.84375,0.0
6389,218,1,-1.5,0.859375,0.0
6390,218,0,-0.5,0.9375,0.0
6391,218,0,0.015625,-0.96875,0.0
6392,218,1,-0.1875,-2.875,0.0
6393,218,1,0.421875,-0.796875,1.0
6394,218,1,0.484375,-0.6875,0.0
6395,218,1,0.40625,-0.25,1.0
6396,218,1,0.015625,0.46875,1.0
6397,218,1,-0.640625,0.484375,1.0
6398,218,0,-0.796875,-1.109375,0.0
6399,218,0,1.671875,0.875,1.0
6400,218,0,-0.15625,-0.65625,0.0
6401,218,0,-2.234375,0.34375,0.0
6402,218,0,-0.09375,-1.515625,1.0
6403,218,0,-1.4375,0.515625,0.0
6404,218,0,-0.625,-0.265625,1.0
6405,218,1,-0.0625,0.875,0.0
6406,218,1,-0.015625,-0.265625,0.0
6407,218,1,0.828125,-0.4375,1.0
6408,218,1,0.0625,-1.953125,0.0
6409,218,1,0.421875,-0.609375,0.0
6410,218,0,0.765625,-0.71875,1.0
6411,218,1,2.21875,-0.125,1.0
6412,218,1,-0.375,-0.21875,0.0
6413,219,0,-0.84375,-0.171875,0.0
6414,219,1,1.375,-0.078125,0.0
6415,219,1,0.671875,0.5,0.0
6416,219,0,0.328125,0.53125,0.0
6417,219,1,1.6875,0.953125,1.0
6418,219,1,0.765625,0.484375,1.0
6419,219,1,0.21875,0.0625,0.0
6420,219,0,-1.875,0.171875,1.0
6421,219,0,-0.515625,1.4375,1.0
6422,219,0,-1.59375,-0.109375,0.0
6423,219,1,0.046875,-2.296875,1.0
6424,219,1,0.265625,0.515625,0.0
6425,219,0,-0.5625,1.03125,1.0
6426,219,0,-0.46875,-0.125,0.0
6427,219,0,1.328125,1.71875,0.0
6428,219,1,-0.203125,-1.765625,0.0
6429,219,1,-2.40625,-0.265625,0.0
6430,219,1,0.1875,-0.875,0.0
6431,219,1,1.953125,-0.578125,1.0
6432,219,1,-0.59375,1.671875,1.0
6433,219,0,0.671875,-0.203125,0.0
6434,219,0,-1.296875,0.828125,0.0
6435,219,1,1.640625,0.53125,1.0
6436,219,0,-1.3125,0.84375,0.0
6437,219,1,-1.59375,-0.84375,1.0
6438,219,0,-0.859375,1.203125,0.0
6439,219,0,0.546875,0.109375,0.0
6440,219,1,0.265625,-0.78125,1.0
6441,219,0,-0.5,0.671875,0.0
6442,219,1,0.21875,-0.96875,1.0
6443,219,0,-1.625,0.40625,0.0
6444,219,1,-0.96875,-0.171875,0.0
6445,219,1,-0.40625,-1.21875,1.0
6446,219,1,-0.703125,0.21875,1.0
6447,219,1,1.34375,1.9375,1.0
6448,219,0,1.3125,-0.328125,0.0
6449,219,1,0.625,0.234375,1.0
6450,219,0,-0.375,-0.453125,1.0
6451,220,0,-1.296875,0.328125,1.0
6452,220,1,-0.171875,0.46875,0.0
6453,220,0,0.96875,-0.1875,0.0
6454,220,1,0.65625,0.21875,1.0
6455,220,1,1.4375,1.109375,0.0
6456,220,0,-1.6875,-0.109375,0.0
6457,220,1,0.515625,-0.234375,1.0
6458,220,1,-0.9375,-2.21875,0.0
6459,220,1,2.328125,0.140625,1.0
6460,220,0,-0.34375,0.765625,1.0
6461,220,1,-0.046875,1.5,1.0
6462,220,1,0.234375,-1.0,0.0
6463,220,0,0.984375,0.75,1.0
6464,220,0,0.4375,-0.59375,0.0
6465,220,0,-0.765625,0.875,1.0
6466,220,0,-0.609375,-0.21875,0.0
6467,220,0,-1.984375,-0.625,1.0
6468,220,0,-0.875,-0.859375,1.0
6469,220,1,0.4375,0.484375,0.0
6470,220,1,0.765625,0.671875,1.0
6471,220,1,0.234375,0.15625,0.0
6472,220,0,0.328125,-0.125,0.0
6473,220,0,0.796875,0.15625,0.0
6474,220,1,-0.5625,-1.0625,0.0
6475,220,1,0.921875,-0.828125,1.0
6476,220,1,0.453125,-0.4375,0.0
6477,220,1,-0.859375,0.171875,1.0
6478,220,1,0.453125,1.171875,0.0
6479,220,0,-2.21875,0.046875,0.0
6480,220,0,0.171875,-1.03125,1.0
6481,220,0,1.078125,-0.109375,0.0
6482,220,0,-0.625,-0.71875,0.0
6483,220,1,0.515625,0.96875,1.0
6484,220,1,0.484375,0.234375,1.0
6485,220,0,0.140625,0.296875,0.0
6486,220,1,-0.125,-0.6875,1.0
6487,220,1,0.9375,0.953125,0.0
6488,220,1,0.25,-1.453125,1.0
6489,220,0,0.984375,-0.09375,0.0
6490,221,1,1.4375,0.328125,0.0
6491,221,1,0.609375,-1.15625,1.0
6492,221,0,-0.203125,-0.390625,0.0
6493,221,0,-0.109375,-2.015625,0.0
6494,221,0,1.125,2.0,0.0
6495,221,1,0.734375,-2.015625,0.0
6496,221,1,0.203125,-1.3125,1.0
6497,221,1,0.296875,-0.28125,0.0
6498,221,1,-1.1875,-0.625,0.0
6499,221,0,-0.84375,-1.59375,0.0
6500,221,1,-1.59375,1.109375,1.0
6501,221,0,-1.4375,-1.828125,0.0
6502,221,0,-0.4375,-2.21875,0.0
6503,221,1,-0.46875,1.453125,1.0
6504,221,0,-1.328125,-0.421875,0.0
6505,221,0,0.046875,0.484375,0.0
6506,221,0,-0.203125,-0.265625,0.0
6507,221,1,0.390625,-0.796875,1.0
6508,221,1,-0.15625,-1.296875,1.0
6509,221,1,0.15625,-1.375,1.0
6510,222,1,-0.390625,-1.734375,0.0
6511,222,0,3.21875,0.5,0.0
6512,222,1,1.03125,-0.796875,1.0
6513,222,1,-1.015625,0.84375,0.0
6514,222,0,0.25,1.796875,0.0
6515,222,1,0.359375,-1.109375,1.0
6516,222,0,-0.671875,-1.75,0.0
6517,222,1,-0.625,-0.15625,1.0
6518,222,1,0.546875,1.0,1.0
6519,222,0,0.625,-0.21875,0.0
6520,222,1,-0.875,-1.328125,0.0
6521,222,0,0.765625,-1.9375,1.0
6522,222,1,0.4375,-0.046875,1.0
6523,222,1,0.171875,-0.390625,1.0
6524,222,1,-1.40625,-0.53125,0.0
6525,222,0,-0.765625,-0.59375,0.0
6526,222,1,-1.0,-1.0625,1.0
6527,222,0,-0.21875,-1.90625,0.0
6528,222,0,1.59375,-0.109375,0.0
6529,222,1,-0.484375,0.296875,0.0
6530,222,0,0.5,-0.25,0.0
6531,223,1,0.28125,-0.484375,0.0
6532,223,0,0.5625,-1.890625,0.0
6533,223,1,0.75,-0.5625,0.0
6534,223,0,0.671875,-0.671875,0.0
6535,223,0,0.140625,-0.9375,0.0
6536,223,0,-0.59375,0.015625,0.0
6537,223,0,-0.765625,-0.265625,0.0
6538,223,0,-0.015625,-1.125,1.0
6539,223,0,-0.953125,-0.953125,0.0
6540,223,1,0.109375,0.828125,0.0
6541,223,0,0.9375,-0.140625,1.0
6542,223,0,-1.21875,-0.984375,0.0
6543,223,0,0.921875,-0.703125,1.0
6544,223,0,0.09375,-0.671875,0.0
6545,223,1,1.6875,-1.21875,0.0
6546,223,1,1.78125,0.59375,0.0
6547,223,1,1.359375,0.1875,1.0
6548,223,0,-1.375,0.296875,0.0
6549,223,0,1.65625,-1.421875,0.0
6550,223,1,1.3125,-1.515625,1.0
6551,223,1,2.1875,-1.140625,0.0
6552,223,1,-0.65625,-0.296875,0.0
6553,224,0,-0.765625,0.359375,1.0
6554,224,1,0.984375,-0.6875,1.0
6555,224,0,-1.046875,0.203125,0.0
6556,224,0,0.3125,-0.453125,1.0
6557,224,0,0.15625,-0.34375,0.0
6558,224,1,0.0,-0.359375,1.0
6559,224,1,0.125,0.125,0.0
6560,224,0,0.484375,0.53125,1.0
6561,224,1,0.890625,0.671875,1.0
6562,224,1,1.875,-1.859375,0.0
6563,224,1,0.1875,0.46875,1.0
6564,224,0,0.171875,0.234375,1.0
6565,224,1,0.859375,0.390625,0.0
6566,224,1,1.203125,-0.515625,0.0
6567,224,0,-0.734375,0.0625,0.0
6568,224,1,-0.59375,-0.703125,0.0
6569,224,0,-0.921875,0.125,0.0
6570,224,1,0.921875,0.109375,0.0
6571,224,0,-0.609375,-1.4375,0.0
6572,224,1,2.203125,0.78125,0.0
6573,224,1,-0.953125,-0.453125,1.0
6574,224,0,-0.40625,0.65625,1.0
6575,224,0,-0.25,-0.421875,0.0
6576,225,0,-1.78125,-0.5625,0.0
6577,225,1,0.203125,0.1875,0.0
6578,225,0,-0.21875,-0.78125,1.0
6579,225,1,-0.203125,-0.8125,0.0
6580,225,1,1.84375,0.671875,0.0
6581,225,0,-0.53125,-0.59375,0.0
6582,225,1,-0.390625,-0.5,1.0
6583,225,0,0.9375,-1.96875,0.0
6584,225,0,-3.296875,-1.515625,1.0
6585,225,0,-0.734375,-0.140625,0.0
6586,225,0,0.203125,1.015625,0.0
6587,225,1,-0.875,0.109375,0.0
6588,225,0,0.53125,-0.703125,1.0
6589,225,1,0.125,0.15625,1.0
6590,225,0,-1.21875,-0.015625,1.0
6591,225,0,0.546875,-0.6875,0.0
6592,225,1,1.28125,0.15625,0.0
6593,225,1,0.3125,-0.75,1.0
6594,225,1,0.671875,-1.0,1.0
6595,225,0,0.28125,-0.53125,0.0
6596,225,0,-0.734375,-1.171875,0.0
6597,225,1,1.078125,-2.09375,0.0
6598,225,0,-0.203125,-1.59375,0.0
6599,225,1,-0.171875,-0.234375,1.0
6600,226,0,-0.140625,0.65625,0.0
6601,226,1,0.1875,-0.5625,0.0
6602,226,0,0.25,1.546875,0.0
6603,226,1,1.15625,-1.09375,1.0
6604,226,0,-0.28125,0.15625,0.0
6605,226,1,1.15625,0.34375,1.0
6606,226,0,0.359375,-1.265625,0.0
6607,226,0,-0.71875,0.71875,0.0
6608,226,1,1.15625,-0.140625,0.0
6609,226,0,-1.96875,0.65625,0.0
6610,226,0,0.359375,-0.890625,0.0
6611,226,1,-0.40625,-0.359375,1.0
6612,226,0,-1.453125,-0.421875,0.0
6613,226,0,-0.921875,-0.015625,1.0
6614,226,0,-0.5,0.921875,0.0
6615,226,1,0.3125,-0.78125,0.0
6616,226,1,0.703125,-0.3125,1.0
6617,226,0,-1.25,-1.796875,0.0
6618,226,1,2.15625,-1.3125,1.0
6619,226,0,-2.078125,0.34375,0.0
6620,226,1,0.71875,-0.21875,1.0
6621,226,1,0.84375,0.8125,0.0
6622,226,0,0.609375,0.40625,0.0
6623,226,0,-1.046875,0.640625,0.0
6624,226,1,-1.125,-0.875,0.0
6625,227,0,-0.859375,-1.484375,0.0
6626,227,0,-0.96875,0.296875,1.0
6627,227,1,0.84375,-0.171875,0.0
6628,227,0,-0.078125,-2.046875,0.0
6629,227,0,-0.375,-0.09375,0.0
6630,227,1,0.96875,-0.578125,0.0
6631,227,1,0.328125,-1.390625,0.0
6632,227,1,-0.5,0.515625,1.0
6633,227,0,-1.265625,-2.578125,1.0
6634,227,0,-0.390625,1.859375,0.0
6635,227,1,1.125,-0.65625,1.0
6636,227,0,1.828125,0.5625,0.0
6637,227,0,-1.328125,-1.453125,0.0
6638,227,0,0.515625,-1.765625,0.0
6639,227,0,-0.109375,-1.15625,1.0
6640,227,0,0.984375,0.5,1.0
6641,227,0,-0.53125,-2.59375,1.0
6642,227,0,-0.15625,-0.828125,0.0
6643,227,0,0.421875,-0.765625,0.0
6644,227,1,-0.15625,0.03125,0.0
6645,227,1,0.140625,-1.484375,1.0
6646,227,1,2.125,-1.21875,0.0
6647,227,0,0.21875,-2.71875,0.0
6648,227,1,-1.0625,-2.15625,1.0
6649,227,1,1.125,-0.015625,1.0
6650,227,0,-0.921875,0.296875,0.0
6651,228,0,-3.046875,-0.03125,0.0
6652,228,0,0.78125,-0.34375,0.0
6653,228,0,-0.765625,0.203125,0.0
6654,228,0,0.1875,-2.015625,0.0
6655,228,0,1.0,-1.5,1.0
6656,228,0,-1.53125,-2.421875,0.0
6657,228,0,-2.125,-0.015625,0.0
6658,228,0,-1.671875,-0.25,1.0
6659,228,0,0.5625,0.5,0.0
6660,228,1,0.953125,0.28125,0.0
6661,228,0,-0.5,-0.96875,0.0
6662,228,0,-2.546875,0.015625,0.0
6663,228,0,-0.65625,-1.515625,0.0
6664,228,1,0.859375,-0.90625,1.0
6665,228,0,-1.109375,-0.6875,1.0
6666,228,1,-1.296875,1.53125,1.0
6667,228,1,-0.25,-2.375,1.0
6668,228,1,-0.1875,-0.4375,0.0
6669,228,0,0.25,-1.640625,0.0
6670,228,1,0.640625,-1.546875,0.0
6671,228,0,-0.46875,-1.78125,1.0
6672,228,0,-0.484375,-0.953125,0.0
6673,228,0,0.296875,0.796875,0.0
6674,228,0,0.359375,-0.078125,1.0
6675,228,0,-0.25,-0.28125,1.0
6676,228,1,0.578125,-1.515625,1.0
6677,228,1,0.09375,-1.515625,0.0
6678,229,1,1.453125,-1.359375,1.0
6679,229,0,-0.78125,-0.25,0.0
6680,229,1,1.09375,0.84375,1.0
6681,229,1,-0.734375,-0.3125,1.0
6682,229,0,0.1875,-1.546875,0.0
6683,229,0,0.78125,1.28125,1.0
6684,229,0,0.953125,-0.390625,1.0
6685,229,0,0.921875,0.171875,0.0
6686,229,0,-0.796875,-0.90625,0.0
6687,229,1,-1.328125,-0.734375,0.0
6688,229,0,-0.65625,0.125,0.0
6689,229,0,0.984375,-1.109375,0.0
6690,229,1,-0.921875,-1.46875,0.0
6691,229,0,-1.46875,-0.125,1.0
6692,229,0,0.484375,-1.109375,0.0
6693,229,1,1.15625,-0.59375,1.0
6694,229,0,-1.296875,-0.4375,0.0
6695,229,0,-0.53125,-0.78125,0.0
6696,229,1,0.296875,-0.203125,1.0
6697,229,1,-0.3125,-0.765625,0.0
6698,229,0,-2.46875,-2.1875,0.0
6699,229,1,-0.921875,0.859375,1.0
6700,229,0,-0.59375,-1.28125,0.0
6701,229,0,1.3125,-2.0,0.0
6702,229,0,0.375,-1.171875,0.0
6703,229,1,0.703125,0.015625,1.0
6704,229,0,0.296875,0.71875,0.0
6705,229,0,-1.765625,0.1875,1.0
6706,230,1,1.21875,0.5,1.0
6707,230,1,-0.0625,-0.65625,0.0
6708,230,1,0.5625,-0.859375,0.0
6709,230,1,-1.015625,-1.15625,1.0
6710,230,1,-0.234375,0.078125,0.0
6711,230,1,0.765625,0.28125,0.0
6712,230,0,-0.921875,-1.109375,0.0
6713,230,1,1.9375,0.578125,1.0
6714,230,0,0.046875,0.015625,0.0
6715,230,1,0.203125,-1.953125,1.0
6716,230,0,-0.34375,0.359375,0.0
6717,230,1,-0.875,-1.078125,1.0
6718,230,0,0.546875,1.265625,0.0
6719,230,1,2.015625,-1.34375,0.0
6720,230,0,0.71875,-0.75,0.0
6721,230,0,-0.828125,-0.546875,0.0
6722,230,1,-1.078125,-0.171875,0.0
6723,230,1,0.28125,-0.34375,1.0
6724,230,0,1.5,-0.328125,0.0
6725,230,1,0.125,0.328125,1.0
6726,230,1,-0.875,1.28125,1.0
6727,230,0,-0.109375,0.28125,0.0
6728,230,1,-0.265625,-0.4375,1.0
6729,230,1,-0.3125,0.59375,0.0
6730,230,0,-0.84375,-1.0,0.0
6731,230,0,-0.96875,-1.21875,0.0
6732,230,0,0.453125,-0.390625,0.0
6733,230,1,0.046875,-1.671875,0.0
6734,230,0,2.21875,0.46875,0.0
6735,231,1,1.1875,-0.546875,1.0
6736,231,0,0.296875,0.90625,0.0
6737,231,1,0.34375,0.859375,0.0
6738,231,1,1.25,-2.453125,1.0
6739,231,1,0.234375,0.296875,0.0
6740,231,1,-0.65625,-0.125,0.0
6741,231,0,0.015625,0.4375,1.0
6742,231,0,-0.71875,0.140625,0.0
6743,231,0,-1.171875,-0.109375,0.0
6744,231,1,-0.109375,-0.09375,0.0
6745,231,1,0.859375,2.484375,1.0
6746,231,1,-0.078125,-1.15625,0.0
6747,231,1,1.5,-0.59375,0.0
6748,231,1,-0.828125,-0.234375,1.0
6749,231,0,0.234375,0.625,1.0
6750,231,0,1.328125,0.375,0.0
6751,231,1,1.4375,-0.84375,1.0
6752,231,0,0.359375,-0.859375,0.0
6753,231,0,-0.703125,0.171875,0.0
6754,231,1,-1.0625,-1.203125,1.0
6755,231,1,-0.390625,-1.5625,0.0
6756,231,1,-0.953125,-1.671875,1.0
6757,231,1,-0.09375,1.078125,1.0
6758,231,1,1.703125,-0.25,0.0
6759,231,1,-0.171875,-0.71875,1.0
6760,231,1,-0.984375,1.125,0.0
6761,231,1,-1.015625,-0.53125,1.0
6762,231,0,-0.921875,-0.09375,0.0
6763,231,0,-0.1875,-0.953125,0.0
6764,231,1,0.15625,-1.359375,1.0
6765,232,1,-0.03125,-0.890625,1.0
6766,232,0,1.171875,-0.421875,1.0
6767,232,0,-0.1875,0.484375,0.0
6768,232,0,0.265625,-0.890625,0.0
6769,232,1,-1.234375,-0.984375,0.0
6770,232,0,-0.828125,1.140625,1.0
6771,232,0,1.109375,0.203125,0.0
6772,232,1,0.125,-0.8125,1.0
6773,232,0,0.140625,-1.734375,0.0
6774,232,1,1.59375,-0.109375,1.0
6775,232,0,0.015625,1.15625,0.0
6776,232,1,0.28125,0.296875,1.0
6777,232,1,-2.4375,-2.71875,0.0
6778,232,1,0.265625,0.5625,1.0
6779,232,1,0.859375,-0.171875,0.0
6780,232,1,-0.0625,-2.171875,1.0
6781,232,1,1.078125,-1.84375,0.0
6782,232,0,-2.046875,0.171875,0.0
6783,232,1,-1.28125,-0.484375,1.0
6784,232,1,1.03125,0.0,0.0
6785,232,0,-1.078125,0.140625,0.0
6786,232,0,-0.203125,-0.25,1.0
6787,232,0,-0.546875,-0.53125,0.0
6788,232,0,-0.859375,-0.46875,1.0
6789,232,1,0.4375,-0.28125,1.0
6790,232,1,-0.28125,0.640625,0.0
6791,232,0,0.609375,1.28125,0.0
6792,232,0,1.765625,0.875,0.0
6793,232,0,-0.359375,-0.78125,0.0
6794,232,0,-0.109375,1.296875,0.0
6795,232,1,0.578125,-0.984375,0.0
6796,233,0,1.265625,0.203125,0.0
6797,233,0,1.421875,-1.34375,0.0
6798,233,1,1.75,-0.453125,0.0
6799,233,0,-0.046875,0.0625,0.0
6800,233,0,1.796875,-0.140625,1.0
6801,233,1,2.59375,1.046875,0.0
6802,233,1,-0.03125,-1.453125,1.0
6803,233,1,0.3125,-0.765625,1.0
6804,233,0,-1.015625,-0.359375,1.0
6805,233,1,0.953125,-0.4375,1.0
6806,233,1,0.6875,1.125,0.0
6807,233,0,0.03125,-0.46875,1.0
6808,233,0,0.578125,-0.84375,0.0
6809,233,1,1.046875,-0.5,0.0
6810,233,1,1.125,-1.109375,0.0
6811,233,0,-1.390625,0.390625,0.0
6812,233,0,-0.9375,0.46875,1.0
6813,233,0,-0.015625,-1.28125,1.0
6814,233,0,-0.515625,1.296875,0.0
6815,233,0,0.5,0.140625,0.0
6816,233,0,0.5,-0.1875,1.0
6817,233,0,-0.109375,0.890625,0.0
6818,233,1,1.234375,-0.3125,0.0
6819,233,0,0.734375,-0.0625,0.0
6820,233,0,-1.59375,-0.25,1.0
6821,233,0,1.203125,-0.25,1.0
6822,233,0,0.59375,-0.921875,1.0
6823,233,0,-1.140625,-1.640625,0.0
6824,233,0,0.03125,-0.046875,0.0
6825,233,1,0.625,-0.3125,0.0
6826,233,1,0.78125,-1.265625,0.0
6827,233,0,0.703125,-0.203125,0.0
6828,234,0,0.375,-1.171875,1.0
6829,234,0,-0.875,1.90625,0.0
6830,234,1,0.234375,0.453125,0.0
6831,234,0,0.515625,-0.15625,1.0
6832,234,0,-0.171875,-1.015625,1.0
6833,234,1,-0.84375,-0.046875,0.0
6834,234,0,3.078125,-2.046875,0.0
6835,234,0,-0.078125,0.515625,1.0
6836,234,1,-0.53125,-1.328125,0.0
6837,234,0,-0.9375,-0.78125,0.0
6838,234,0,-1.6875,-0.078125,1.0
6839,234,1,-0.359375,-0.875,1.0
6840,234,0,-0.84375,0.390625,0.0
6841,234,0,-1.3125,-0.46875,1.0
6842,234,1,0.203125,-1.359375,1.0
6843,234,1,0.796875,-0.96875,0.0
6844,234,0,-0.34375,-0.921875,0.0
6845,234,1,2.390625,0.703125,1.0
6846,234,0,1.34375,-0.59375,1.0
6847,234,0,-1.875,-0.59375,1.0
6848,234,1,0.1875,0.4375,0.0
6849,234,0,0.71875,-1.53125,0.0
6850,234,1,0.09375,-0.921875,0.0
6851,234,0,-0.09375,0.765625,0.0
6852,234,0,-0.28125,1.796875,1.0
6853,234,1,-0.4375,-1.78125,0.0
6854,234,0,0.578125,-0.15625,0.0
6855,234,1,1.0,0.6875,1.0
6856,234,0,0.234375,-0.578125,0.0
6857,234,0,-2.109375,0.609375,0.0
6858,234,0,-0.9375,-0.09375,0.0
6859,234,0,1.546875,-0.015625,0.0
6860,234,0,-0.703125,-0.140625,0.0
6861,235,0,-0.59375,1.046875,0.0
6862,235,1,-0.171875,0.859375,0.0
6863,235,0,-0.234375,0.109375,0.0
6864,235,0,-0.703125,0.1875,0.0
6865,235,0,-0.234375,0.859375,1.0
6866,235,0,-0.03125,-1.265625,0.0
6867,235,1,-0.296875,-0.828125,0.0
6868,235,1,0.40625,0.734375,0.0
6869,235,1,1.34375,0.71875,0.0
6870,235,1,1.015625,-1.3125,0.0
6871,235,0,0.671875,-0.5625,0.0
6872,235,0,-0.3125,0.125,1.0
6873,235,1,1.28125,-1.765625,1.0
6874,235,1,-0.8125,-0.46875,0.0
6875,235,0,-0.265625,0.59375,1.0
6876,235,0,-0.671875,0.34375,1.0
6877,235,0,-2.328125,-0.609375,0.0
6878,235,0,0.640625,-1.546875,0.0
6879,235,0,1.125,-1.828125,0.0
6880,235,0,-0.921875,0.265625,0.0
6881,235,0,-1.0,1.296875,0.0
6882,235,1,1.46875,0.171875,1.0
6883,235,0,0.34375,-0.875,0.0
6884,235,0,-1.359375,-0.3125,0.0
6885,235,1,0.46875,-0.734375,1.0
6886,235,1,1.09375,0.4375,1.0
6887,235,0,2.015625,1.15625,0.0
6888,235,0,0.390625,-1.1875,0.0
6889,235,1,1.53125,0.4375,1.0
6890,235,0,0.5625,-1.75,1.0
6891,235,0,-0.296875,-0.125,0.0
6892,235,0,0.625,0.046875,0.0
6893,235,1,1.375,-1.375,0.0
6894,235,1,0.28125,-0.4375,0.0
6895,236,1,0.890625,0.828125,0.0
6896,236,1,0.28125,1.1875,1.0
6897,236,0,-0.890625,-1.5625,1.0
6898,236,1,1.234375,-1.5625,0.0
6899,236,0,-0.78125,0.3125,0.0
6900,236,0,-0.96875,0.0,0.0
6901,236,1,0.046875,-1.984375,0.0
6902,236,1,1.734375,-0.921875,0.0
6903,236,0,-0.484375,0.421875,0.0
6904,236,0,0.0,-1.640625,0.0
6905,236,1,-2.890625,-0.84375,1.0
6906,236,0,-1.875,-2.75,0.0
6907,236,0,0.15625,-2.3125,0.0
6908,236,1,-0.796875,-2.328125,1.0
6909,236,0,0.234375,-0.671875,0.0
6910,236,0,0.75,-0.34375,0.0
6911,236,0,-0.0625,2.125,1.0
6912,236,0,-0.046875,0.703125,0.0
6913,236,1,-1.28125,-1.21875,1.0
6914,236,1,0.421875,-1.40625,0.0
6915,236,0,0.0,-0.140625,0.0
6916,236,0,1.34375,0.59375,0.0
6917,236,0,2.1875,-0.21875,0.0
6918,236,0,-1.46875,1.3125,0.0
6919,236,0,-0.09375,-0.671875,0.0
6920,236,0,-1.8125,0.234375,1.0
6921,236,0,0.3125,1.640625,1.0
6922,236,0,-1.578125,0.15625,0.0
6923,236,0,-0.34375,0.375,0.0
6924,236,1,0.671875,-1.859375,0.0
6925,236,0,-1.125,-1.28125,0.0
6926,236,0,0.234375,-0.421875,0.0
6927,236,0,-1.3125,0.078125,0.0
6928,236,1,-1.296875,0.46875,0.0
6929,236,0,1.515625,-0.75,0.0
6930,237,1,-0.6875,-2.453125,1.0
6931,237,1,0.1875,0.953125,0.0
6932,237,0,1.46875,0.3125,1.0
6933,237,0,0.84375,-0.546875,0.0
6934,237,0,-0.125,-0.453125,0.0
6935,237,0,-0.40625,-0.25,0.0
6936,237,1,-1.125,-0.15625,0.0
6937,237,0,-2.015625,0.0625,0.0
6938,237,0,-1.296875,-0.59375,1.0
6939,237,1,0.015625,-0.90625,0.0
6940,237,0,1.09375,0.609375,0.0
6941,237,0,0.03125,1.171875,1.0
6942,237,0,0.390625,0.140625,1.0
6943,237,0,-0.171875,0.96875,0.0
6944,237,1,-0.203125,-0.484375,0.0
6945,237,1,1.25,1.421875,0.0
6946,237,0,-0.53125,0.15625,1.0
6947,237,0,-0.921875,0.515625,0.0
6948,237,1,0.140625,-1.71875,1.0
6949,237,0,-1.078125,0.765625,0.0
6950,237,0,0.109375,0.375,0.0
6951,237,0,-0.875,-0.875,1.0
6952,237,1,-0.171875,-0.203125,1.0
6953,237,0,-0.046875,0.65625,0.0
6954,237,1,-0.90625,-0.40625,0.0
6955,237,0,2.296875,-1.5,0.0
6956,237,0,-1.8125,-0.625,0.0
6957,237,1,-0.84375,-0.03125,1.0
6958,237,0,-0.6875,0.65625,1.0
6959,237,0,1.15625,0.140625,1.0
6960,237,1,0.265625,-1.0625,1.0
6961,237,1,1.9375,0.0625,0.0
6962,237,0,-0.078125,1.0625,1.0
6963,237,0,0.03125,-0.03125,0.0
6964,237,0,0.21875,-0.328125,0.0
6965,237,1,-2.078125,-1.125,0.0
6966,238,0,-1.015625,1.0,0.0
6967,238,0,-0.984375,-2.09375,0.0
6968,238,0,0.0625,1.328125,1.0
6969,238,0,0.453125,-0.703125,0.0
6970,238,0,0.875,-0.640625,0.0
6971,238,1,0.25,-0.078125,1.0
6972,238,0,-0.171875,0.734375,1.0
6973,238,0,-0.78125,0.640625,1.0
6974,238,1,0.125,1.546875,0.0
6975,238,1,1.109375,-1.1875,1.0
6976,238,1,0.3125,-0.1875,1.0
6977,238,1,-1.328125,1.40625,0.0
6978,238,0,0.203125,-0.25,0.0
6979,238,0,-1.8125,-0.03125,1.0
6980,238,0,-0.140625,0.03125,0.0
6981,238,0,-0.21875,0.515625,1.0
6982,238,0,-0.90625,-0.15625,0.0
6983,238,0,-0.5625,1.421875,0.0
6984,238,0,-0.46875,0.09375,0.0
6985,238,1,-0.390625,-1.765625,1.0
6986,238,0,2.15625,-0.265625,1.0
6987,238,0,-2.40625,-1.828125,0.0
6988,238,0,-1.90625,-0.078125,0.0
6989,238,0,-1.484375,0.625,1.0
6990,238,0,-1.1875,-0.703125,0.0
6991,238,1,0.890625,-0.734375,0.0
6992,238,0,-1.078125,0.625,0.0
6993,238,1,0.4375,-1.03125,0.0
6994,238,1,0.765625,0.34375,0.0
6995,238,1,0.046875,-2.109375,1.0
6996,238,0,-0.125,0.796875,1.0
6997,238,0,0.25,-1.421875,0.0
6998,238,1,1.890625,-0.6875,0.0
6999,238,1,0.34375,0.609375,0.0
7000,238,1,0.671875,-0.5,1.0
7001,238,0,-0.21875,-1.65625,0.0
7002,238,1,0.9375,-0.5,1.0
7003,239,0,0.390625,-1.1875,1.0
7004,239,1,-0.421875,1.203125,0.0
7005,239,0,-0.515625,0.9375,0.0
7006,239,1,-0.734375,-1.546875,0.0
7007,239,0,-0.1875,0.234375,0.0
7008,239,0,0.421875,0.453125,0.0
7009,239,0,-0.15625,-1.125,0.0
7010,239,1,-1.40625,-2.015625,1.0
7011,239,0,0.265625,-2.21875,0.0
7012,239,0,0.765625,0.78125,0.0
7013,239,0,-0.515625,-0.734375,0.0
7014,239,0,-1.296875,0.21875,1.0
7015,239,1,0.265625,0.671875,1.0
7016,239,1,-0.046875,-1.75,0.0
7017,239,0,-0.34375,-0.921875,0.0
7018,239,1,1.25,-0.953125,0.0
7019,239,0,-2.078125,-0.34375,0.0
7020,239,1,-0.171875,-1.9375,1.0
7021,239,1,-0.21875,-1.640625,1.0
7022,239,0,-0.40625,-0.234375,0.0
7023,239,0,-0.40625,0.328125,0.0
7024,239,0,-0.375,0.421875,0.0
7025,239,1,-1.78125,-0.015625,0.0
7026,239,1,-0.15625,-0.1875,0.0
7027,239,0,0.5,-0.671875,1.0
7028,239,1,-0.390625,0.15625,0.0
7029,239,0,-1.015625,1.40625,0.0
7030,239,0,0.015625,0.765625,0.0
7031,239,1,-0.046875,-2.453125,0.0
7032,239,0,0.40625,-1.484375,0.0
7033,239,0,-0.75,-1.515625,0.0
7034,239,0,1.859375,0.28125,0.0
7035,239,0,-1.484375,-0.765625,1.0
7036,239,1,-0.078125,0.015625,0.0
7037,239,0,0.34375,-0.890625,1.0
7038,239,0,0.0,-1.015625,0.0
7039,239,1,-0.125,-0.546875,0.0
7040,239,0,-2.125,0.5625,0.0
7041,240,0,-0.109375,-0.421875,0.0
7042,240,1,1.34375,0.5625,0.0
7043,240,1,1.671875,-0.484375,0.0
7044,240,0,-0.84375,-0.6875,1.0
7045,240,0,-0.4375,1.359375,1.0
7046,240,1,-0.765625,-1.796875,1.0
7047,240,1,-0.140625,0.21875,0.0
7048,240,1,-2.34375,0.484375,1.0
7049,240,0,0.265625,-0.546875,1.0
7050,240,1,0.78125,-0.640625,1.0
7051,240,0,-1.765625,-0.078125,0.0
7052,240,0,-1.109375,-0.703125,0.0
7053,240,1,0.53125,-1.9375,0.0
7054,240,1,-0.859375,1.984375,1.0
7055,240,0,-1.09375,-0.8125,0.0
7056,240,1,-0.96875,-0.5625,1.0
7057,240,1,-0.78125,-2.578125,1.0
7058,240,0,0.078125,-0.375,0.0
7059,240,0,-1.5,-1.21875,1.0
7060,240,0,0.109375,-0.703125,1.0
7061,240,1,1.34375,0.1875,0.0
7062,240,0,0.0,-0.625,0.0
7063,240,0,-0.109375,1.484375,0.0
7064,240,1,-0.625,-1.5625,1.0
7065,240,0,0.890625,0.53125,0.0
7066,240,0,0.203125,-0.984375,0.0
7067,240,0,-0.671875,0.3125,0.0
7068,240,1,0.140625,-0.53125,0.0
7069,240,0,-1.1875,-0.484375,0.0
7070,240,0,0.234375,2.890625,0.0
7071,240,0,-0.140625,-0.5625,0.0
7072,240,0,0.4375,-1.34375,0.0
7073,240,1,0.65625,-0.625,0.0
7074,240,0,0.171875,-0.28125,1.0
7075,240,1,-0.28125,-0.890625,0.0
7076,240,0,0.21875,0.625,0.0
7077,240,0,-0.734375,-1.15625,1.0
7078,240,1,-0.03125,-0.9375,0.0
7079,240,0,-1.171875,-0.484375,0.0
7080,241,1,1.234375,1.40625,0.0
7081,241,1,0.421875,0.359375,1.0
7082,241,1,-0.6875,0.890625,0.0
7083,241,1,0.625,-1.515625,0.0
7084,241,0,-0.640625,-0.78125,1.0
7085,241,1,1.5,-1.09375,1.0
7086,241,0,-0.234375,0.390625,0.0
7087,241,1,1.296875,-0.359375,0.0
7088,241,0,-0.890625,1.40625,0.0
7089,241,0,0.984375,0.671875,0.0
7090,241,0,-0.625,0.515625,0.0
7091,241,1,0.5,-1.046875,0.0
7092,241,1,0.3125,0.828125,0.0
7093,241,1,-0.25,-1.140625,1.0
7094,241,0,-0.140625,-0.5,0.0
7095,241,0,0.0,-0.203125,1.0
7096,241,1,0.46875,0.109375,1.0
7097,241,0,-0.5625,0.25,0.0
7098,241,1,-0.078125,-0.390625,1.0
7099,241,1,-1.46875,-2.4375,1.0
7100,242,1,-0.5,-1.296875,1.0
7101,242,0,1.078125,-0.421875,0.0
7102,242,0,0.703125,-0.171875,0.0
7103,242,1,-0.296875,-1.734375,1.0
7104,242,0,0.734375,0.09375,1.0
7105,242,1,1.109375,-1.15625,1.0
7106,242,1,0.328125,0.328125,1.0
7107,242,1,1.265625,-1.015625,1.0
7108,242,0,-0.234375,0.5625,0.0
7109,242,1,0.109375,-1.078125,0.0
7110,242,1,0.359375,-0.046875,1.0
7111,242,0,2.796875,-0.6875,1.0
7112,242,1,-0.765625,-0.734375,0.0
7113,242,0,1.328125,-0.953125,0.0
7114,242,0,0.875,-1.578125,0.0
7115,242,0,-1.171875,0.84375,0.0
7116,242,1,-0.15625,-0.09375,1.0
7117,242,1,-0.875,-0.640625,0.0
7118,242,0,0.90625,1.34375,0.0
7119,242,0,0.40625,-1.234375,0.0
7120,242,0,1.515625,-0.765625,0.0
7121,243,0,-1.015625,1.390625,0.0
7122,243,1,-0.21875,-0.40625,0.0
7123,243,1,-0.4375,-0.625,0.0
7124,243,0,0.984375,-0.09375,1.0
7125,243,0,0.140625,-0.34375,0.0
7126,243,1,0.203125,-0.25,1.0
7127,243,1,1.46875,-0.265625,1.0
7128,243,0,-1.90625,-0.921875,0.0
7129,243,1,0.734375,-2.21875,1.0
7130,243,1,-0.421875,-1.0625,1.0
7131,243,1,-0.28125,-0.03125,0.0
7132,243,0,-0.921875,0.375,0.0
7133,243,0,0.25,-0.375,1.0
7134,243,1,0.03125,-0.375,1.0
7135,243,0,-0.234375,2.171875,1.0
7136,243,0,0.171875,-0.25,0.0
7137,243,1,-0.125,-1.15625,0.0
7138,243,1,-0.09375,-0.546875,0.0
7139,243,0,-0.578125,-0.203125,0.0
7140,243,0,-0.828125,-0.15625,0.0
7141,243,0,-2.328125,-0.390625,1.0
7142,243,1,-0.046875,-0.15625,0.0
7143,244,1,1.140625,0.3125,0.0
7144,244,0,-0.890625,-0.046875,0.0
7145,244,0,1.375,-1.296875,0.0
7146,244,1,0.34375,-1.140625,0.0
7147,244,1,-0.203125,-1.375,1.0
7148,244,1,1.34375,0.046875,1.0
7149,244,0,0.515625,0.0,1.0
7150,244,1,-0.34375,-1.609375,0.0
7151,244,0,-0.140625,-1.25,0.0
7152,244,0,0.265625,-0.484375,0.0
7153,244,0,-0.125,-1.21875,1.0
7154,244,0,-0.640625,-0.78125,1.0
7155,244,0,-0.671875,0.390625,0.0
7156,244,1,0.6875,-1.28125,0.0
7157,244,0,1.546875,-1.375,1.0
7158,244,0,-1.1875,-0.828125,1.0
7159,244,1,0.890625,-1.359375,1.0
7160,244,1,0.0,0.203125,1.0
7161,244,0,-1.3125,-1.203125,0.0
7162,244,1,0.5,-1.171875,1.0
7163,244,1,0.390625,-1.953125,1.0
7164,244,1,1.9375,0.0,0.0
7165,244,1,1.46875,-2.015625,0.0
7166,245,0,-1.640625,-0.6875,0.0
7167,245,0,-0.53125,-0.8125,1.0
7168,245,0,-1.375,1.125,0.0
7169,245,1,1.28125,2.140625,1.0
7170,245,1,0.1875,0.375,0.0
7171,245,0,-1.03125,-1.046875,1.0
7172,245,1,-0.46875,-1.265625,0.0
7173,245,1,-1.703125,0.859375,1.0
7174,245,0,0.09375,0.71875,1.0
7175,245,1,0.71875,-0.5625,0.0
7176,245,1,1.015625,-1.0,1.0
7177,245,1,0.375,0.8125,0.0
7178,245,0,-0.359375,0.8125,1.0
7179,245,1,-0.4375,0.0625,1.0
7180,245,1,0.53125,-1.03125,0.0
7181,245,0,0.921875,-2.078125,0.0
7182,245,1,3.09375,0.109375,0.0
7183,245,0,0.078125,0.71875,0.0
7184,245,1,-0.59375,0.890625,0.0
7185,245,1,1.265625,-1.0625,1.0
7186,245,0,-0.3125,1.265625,0.0
7187,245,0,0.03125,-0.71875,0.0
7188,245,0,0.734375,1.21875,1.0
7189,245,1,1.625,0.03125,1.0
7190,246,1,0.65625,0.5,0.0
7191,246,1,0.140625,-0.015625,1.0
7192,246,1,1.3125,0.328125,1.0
7193,246,1,-0.03125,0.484375,1.0
7194,246,1,1.5,0.65625,1.0
7195,246,1,1.21875,-0.296875,0.0
7196,246,1,-1.5,0.453125,1.0
7197,246,1,2.171875,-2.53125,0.0
7198,246,0,-0.28125,0.796875,0.0
7199,246,0,-0.859375,-0.734375,0.0
7200,246,0,0.4375,1.609375,0.0
7201,246,0,1.75,-0.578125,0.0
7202,246,1,0.125,-0.109375,0.0
7203,246,1,-1.359375,-0.4375,0.0
7204,246,1,1.09375,-0.796875,0.0
7205,246,0,0.296875,0.40625,0.0
7206,246,1,0.375,-0.671875,0.0
7207,246,1,-0.359375,-0.09375,1.0
7208,246,0,1.03125,0.171875,0.0
7209,246,0,0.65625,-0.765625,1.0
7210,246,1,1.625,-1.40625,0.0
7211,246,0,-0.1875,-0.015625,0.0
7212,246,1,1.015625,-0.453125,1.0
7213,246,0,0.421875,1.53125,0.0
7214,246,1,-0.5,-0.6875,1.0
7215,247,0,0.640625,-0.03125,0.0
7216,247,0,-1.46875,0.234375,0.0
7217,247,1,0.5,1.625,0.0
7218,247,1,-0.734375,-0.703125,0.0
7219,247,0,-0.203125,-0.21875,0.0
7220,247,1,2.859375,-0.828125,1.0
7221,247,1,0.34375,-1.140625,1.0
7222,247,0,-1.375,0.328125,0.0
7223,247,0,0.8125,0.015625,0.0
7224,247,1,-0.84375,-0.703125,0.0
7225,247,0,-1.25,-0.21875,0.0
7226,247,0,0.671875,-0.125,0.0
7227,247,0,0.96875,-1.0625,0.0
7228,247,0,0.5625,2.109375,1.0
7229,247,0,0.90625,0.890625,0.0
7230,247,0,1.921875,1.75,0.0
7231,247,1,-0.78125,-2.171875,0.0
7232,247,0,0.28125,-0.765625,1.0
7233,247,0,-0.078125,0.53125,0.0
7234,247,0,0.9375,-1.328125,0.0
7235,247,0,0.0625,0.75,0.0
7236,247,0,-0.25,-1.28125,1.0
7237,247,0,-0.21875,-1.046875,0.0
7238,247,1,0.875,-0.109375,1.0
7239,247,0,-0.1875,-0.046875,0.0
7240,247,0,-1.015625,1.046875,0.0
7241,248,1,1.171875,-1.171875,1.0
7242,248,0,-1.046875,-1.15625,0.0
7243,248,1,0.015625,-1.3125,1.0
7244,248,0,0.03125,0.09375,1.0
7245,248,1,-0.53125,0.203125,1.0
7246,248,1,0.6875,-0.359375,0.0
7247,248,1,0.234375,-0.890625,0.0
7248,248,1,-0.578125,-1.078125,1.0
7249,248,1,-0.34375,-2.34375,0.0
7250,248,0,-1.046875,0.546875,1.0
7251,248,0,-2.265625,-0.359375,0.0
7252,248,0,0.265625,-0.796875,0.0
7253,248,1,0.546875,-1.328125,0.0
7254,248,1,-0.03125,-1.65625,1.0
7255,248,1,0.8125,-2.203125,0.0
7256,248,0,1.203125,0.515625,0.0
7257,248,0,0.25,0.890625,0.0
7258,248,0,1.15625,-0.8125,0.0
7259,248,0,-0.515625,-1.046875,0.0
7260,248,0,0.546875,-0.015625,0.0
7261,248,0,-0.359375,0.796875,0.0
7262,248,0,0.421875,-1.0,1.0
7263,248,1,0.765625,-1.015625,1.0
7264,248,1,1.75,0.140625,0.0
7265,248,1,-0.625,-0.390625,1.0
7266,248,1,1.53125,-0.5625,0.0
7267,248,0,0.59375,-2.328125,0.0
7268,249,1,1.171875,0.140625,0.0
7269,249,1,0.921875,-2.765625,0.0
7270,249,1,-0.640625,-0.203125,1.0
7271,249,0,-0.1875,-0.40625,1.0
7272,249,1,-0.09375,0.03125,1.0
7273,249,0,-0.203125,-0.609375,1.0
7274,249,1,0.328125,-1.15625,0.0
7275,249,1,-0.03125,-1.71875,1.0
7276,249,0,-2.5,-0.34375,0.0
7277,249,1,0.703125,0.546875,0.0
7278,249,1,0.609375,1.328125,0.0
7279,249,0,0.15625,-0.109375,1.0
7280,249,1,2.703125,-0.859375,0.0
7281,249,1,-0.15625,-0.421875,0.0
7282,249,1,0.921875,-1.359375,0.0
7283,249,1,1.359375,-0.859375,0.0
7284,249,1,0.203125,0.484375,0.0
7285,249,1,1.046875,-1.265625,1.0
7286,249,1,-0.046875,-0.53125,1.0
7287,249,0,-0.90625,-1.171875,0.0
7288,249,0,-0.015625,0.0,1.0
7289,249,0,0.125,-1.5,0.0
7290,249,1,0.984375,0.265625,1.0
7291,249,1,1.984375,-1.5625,0.0
7292,249,1,1.609375,0.828125,1.0
7293,249,1,0.734375,-2.28125,0.0
7294,249,0,-0.5625,-1.015625,1.0
7295,249,1,-1.15625,0.6875,0.0
7296,250,1,-0.90625,-0.1875,1.0
7297,250,1,-1.0625,-1.515625,1.0
7298,250,0,1.578125,1.6875,0.0
7299,250,1,-0.671875,-0.71875,1.0
7300,250,0,-0.984375,1.125,0.0
7301,250,1,0.0,-1.265625,0.0
7302,250,1,-0.40625,-2.46875,0.0
7303,250,0,-0.25,-0.765625,0.0
7304,250,0,-0.703125,0.125,0.0
7305,250,0,-0.953125,0.28125,0.0
7306,250,0,-0.71875,0.09375,0.0
7307,250,0,-0.75,0.109375,1.0
7308,250,0,-0.71875,-0.421875,0.0
7309,250,1,1.171875,-1.40625,1.0
7310,250,1,0.109375,-1.078125,0.0
7311,250,0,0.859375,1.671875,1.0
7312,250,0,0.59375,0.09375,1.0
7313,250,0,0.0625,0.234375,1.0
7314,250,0,-0.890625,-1.5,0.0
7315,250,1,0.015625,-1.046875,0.0
7316,250,1,0.984375,-0.046875,1.0
7317,250,1,0.84375,-2.34375,1.0
7318,250,0,-0.234375,-0.296875,0.0
7319,250,0,1.28125,-0.234375,0.0
7320,250,1,1.953125,-0.6875,0.0
7321,250,0,-0.640625,0.53125,0.0
7322,250,0,1.3125,-1.609375,1.0
7323,250,0,0.1875,-0.96875,0.0
7324,250,1,2.609375,-0.375,0.0
7325,251,0,0.6875,-1.46875,0.0
7326,251,1,0.4375,-1.578125,0.0
7327,251,1,-0.65625,-1.0625,1.0
7328,251,0,1.890625,0.171875,0.0
7329,251,0,-0.34375,-0.578125,0.0
7330,251,0,-1.328125,-1.546875,1.0
7331,251,1,0.59375,0.78125,1.0
7332,251,0,-0.65625,-0.3125,1.0
7333,251,1,0.65625,-0.09375,0.0
7334,251,0,-0.953125,0.890625,1.0
7335,251,0,-0.203125,-0.5625,0.0
7336,251,1,-0.5,-0.171875,0.0
7337,251,1,0.109375,-2.890625,1.0
7338,251,1,-0.84375,-0.65625,1.0
7339,251,0,0.28125,1.828125,0.0
7340,251,0,0.203125,-1.0625,1.0
7341,251,0,-0.8125,-0.921875,0.0
7342,251,0,2.0625,-0.71875,0.0
7343,251,0,-1.734375,-0.953125,1.0
7344,251,0,-0.9375,-1.59375,0.0
7345,251,0,-0.578125,0.578125,0.0
7346,251,1,1.59375,-1.0,1.0
7347,251,1,2.0625,-1.34375,0.0
7348,251,0,2.6875,1.21875,0.0
7349,251,0,-2.15625,-1.640625,1.0
7350,251,0,0.90625,-1.078125,1.0
7351,251,0,0.109375,-0.4375,1.0
7352,251,1,2.25,-0.171875,0.0
7353,251,0,-0.015625,-0.640625,1.0
7354,251,0,-0.3125,-1.203125,0.0
7355,252,1,0.21875,-0.453125,1.0
7356,252,0,-0.609375,0.78125,0.0
7357,252,0,-0.515625,1.546875,0.0
7358,252,0,0.453125,1.453125,1.0
7359,252,1,1.640625,-0.234375,0.0
7360,252,0,-0.328125,-1.125,1.0
7361,252,1,0.109375,1.96875,0.0
7362,252,0,-0.625,-1.625,1.0
7363,252,1,1.265625,0.890625,0.0
7364,252,1,0.109375,1.734375,1.0
7365,252,1,0.15625,-0.234375,0.0
7366,252,0,-0.46875,-1.046875,0.0
7367,252,0,-1.234375,0.453125,0.0
7368,252,0,-1.484375,-1.40625,0.0
7369,252,1,-0.671875,0.453125,1.0
7370,252,0,0.78125,-1.40625,1.0
7371,252,1,0.5,-0.109375,1.0
7372,252,0,-2.046875,-0.421875,1.0
7373,252,1,1.109375,-0.328125,1.0
7374,252,1,-1.265625,0.078125,0.0
7375,252,1,2.34375,-1.34375,0.0
7376,252,1,-0.3125,0.09375,0.0
7377,252,1,0.625,2.15625,1.0
7378,252,0,-0.4375,0.640625,0.0
7379,252,0,-0.359375,-0.5,1.0
7380,252,1,-0.203125,-0.9375,0.0
7381,252,0,-0.890625,1.640625,0.0
7382,252,1,0.046875,-0.953125,0.0
7383,252,1,-0.34375,-0.40625,1.0
7384,252,1,0.015625,0.421875,0.0
7385,252,0,-0.234375,0.421875,1.0
7386,253,1,1.359375,-0.109375,1.0
7387,253,1,0.609375,0.453125,0.0
7388,253,0,-0.5625,0.765625,1.0
7389,253,0,-0.0625,0.8125,0.0
7390,253,0,0.8125,0.953125,1.0
7391,253,0,1.96875,-0.15625,0.0
7392,253,0,1.703125,-0.546875,1.0
7393,253,0,-0.5,0.21875,1.0
7394,253,0,-0.71875,-0.546875,0.0
7395,253,1,0.25,0.1875,1.0
7396,253,1,3.359375,-1.453125,0.0
7397,253,0,-0.546875,-0.4375,1.0
7398,253,1,-0.375,1.421875,0.0
7399,253,1,0.703125,-2.28125,0.0
7400,253,0,0.671875,-1.828125,0.0
7401,253,1,0.453125,-0.71875,0.0
7402,253,1,1.0625,1.328125,1.0
7403,253,1,-0.59375,0.875,1.0
7404,253,1,0.34375,-0.828125,1.0
7405,253,0,0.59375,0.359375,0.0
7406,253,0,-0.28125,-0.625,0.0
7407,253,0,1.03125,-0.6875,1.0
7408,253,0,-0.28125,-2.09375,0.0
7409,253,1,0.515625,-0.484375,1.0
7410,253,1,-0.296875,0.59375,1.0
7411,253,1,-0.21875,-1.265625,0.0
7412,253,1,0.78125,0.703125,1.0
7413,253,0,-1.09375,-1.03125,1.0
7414,253,1,0.75,1.140625,0.0
7415,253,0,-0.703125,0.28125,0.0
7416,253,0,-1.203125,-0.25,0.0
7417,253,0,0.578125,0.28125,0.0
7418,254,1,-0.96875,0.578125,0.0
7419,254,1,1.09375,0.671875,1.0
7420,254,0,-1.171875,-0.40625,0.0
7421,254,0,-2.578125,0.46875,0.0
7422,254,0,1.625,-1.265625,1.0
7423,254,0,-0.84375,-1.59375,1.0
7424,254,0,0.34375,-2.03125,0.0
7425,254,1,0.890625,0.375,1.0
7426,254,1,0.28125,1.234375,0.0
7427,254,0,-0.890625,-0.5,1.0
7428,254,1,1.59375,0.296875,1.0
7429,254,0,-0.625,1.28125,0.0
7430,254,0,0.421875,-0.734375,0.0
7431,254,0,-2.109375,-0.703125,0.0
7432,254,0,0.625,-1.453125,0.0
7433,254,0,-0.359375,-1.40625,1.0
7434,254,1,0.234375,-1.484375,0.0
7435,254,0,0.203125,-0.90625,0.0
7436,254,0,0.171875,0.234375,1.0
7437,254,0,-0.6875,1.734375,1.0
7438,254,1,-0.5625,-0.359375,0.0
7439,254,0,0.015625,0.53125,0.0
7440,254,1,0.9375,0.171875,1.0
7441,254,1,-0.546875,-2.6875,1.0
7442,254,0,1.8125,-0.09375,1.0
7443,254,0,0.015625,-0.578125,0.0
7444,254,0,-2.03125,-1.109375,1.0
7445,254,1,2.0,0.578125,1.0
7446,254,0,-0.4375,-0.796875,1.0
7447,254,0,-2.46875,-0.421875,0.0
7448,254,0,0.75,-0.03125,0.0
7449,254,0,0.71875,1.0,0.0
7450,254,1,-0.78125,0.53125,0.0
7451,255,0,-1.125,-0.15625,1.0
7452,255,0,1.078125,0.515625,1.0
7453,255,1,0.96875,0.09375,0.0
7454,255,0,0.125,-0.484375,1.0
7455,255,1,1.765625,0.171875,1.0
7456,255,1,-0.71875,0.546875,1.0
7457,255,0,1.21875,-0.46875,0.0
7458,255,1,0.828125,0.640625,0.0
7459,255,0,-0.40625,-1.078125,0.0
7460,255,0,0.125,-0.34375,1.0
7461,255,1,0.21875,-1.625,1.0
7462,255,1,-0.625,-0.75,1.0
7463,255,1,1.84375,-2.21875,0.0
7464,255,0,1.015625,0.25,0.0
7465,255,1,0.890625,-0.078125,0.0
7466,255,0,-1.265625,0.296875,1.0
7467,255,1,1.59375,0.484375,0.0
7468,255,0,0.5,0.421875,1.0
7469,255,1,1.421875,0.78125,0.0
7470,255,0,-0.796875,0.375,0.0
7471,255,0,1.34375,-0.875,1.0
7472,255,0,2.015625,-0.296875,0.0
7473,255,0,1.078125,0.609375,1.0
7474,255,0,-0.828125,-1.296875,0.0
7475,255,1,0.1875,-0.03125,0.0
7476,255,1,0.453125,0.09375,1.0
7477,255,1,-0.734375,-0.640625,0.0
7478,255,0,0.296875,-0.59375,0.0
7479,255,0,-0.421875,-1.625,1.0
7480,255,1,-0.90625,0.921875,1.0
7481,255,1,-0.796875,0.265625,0.0
7482,255,0,0.0625,-0.96875,0.0
7483,255,1,2.515625,0.453125,1.0
7484,255,0,0.578125,-0.078125,0.0
7485,256,1,-1.40625,0.34375,0.0
7486,256,0,-0.203125,1.625,0.0
7487,256,1,-0.546875,0.140625,0.0
7488,256,0,0.9375,0.234375,1.0
7489,256,1,-0.484375,-0.359375,1.0
7490,256,1,1.5,-0.640625,1.0
7491,256,1,-1.625,-1.3125,1.0
7492,256,0,0.171875,-1.140625,0.0
7493,256,0,-0.046875,0.015625,0.0
7494,256,0,-0.578125,1.3125,1.0
7495,256,0,-0.125,-0.921875,0.0
7496,256,1,-0.015625,0.109375,0.0
7497,256,1,-0.3125,-0.265625,1.0
7498,256,0,-1.34375,-0.328125,0.0
7499,256,0,1.0,1.203125,1.0
7500,256,1,0.109375,0.984375,0.0
7501,256,1,2.265625,-0.34375,1.0
7502,256,1,0.953125,-0.796875,1.0
7503,256,0,-0.375,1.828125,0.0
7504,256,0,0.828125,0.046875,0.0
7505,256,1,-0.375,-1.15625,0.0
7506,256,1,1.71875,0.34375,0.0
7507,256,0,-0.671875,0.265625,0.0
7508,256,0,-0.375,-0.671875,0.0
7509,256,1,1.015625,0.765625,0.0
7510,256,0,1.375,-0.5625,0.0
7511,256,1,-0.3125,-0.109375,1.0
7512,256,0,1.46875,-0.609375,1.0
7513,256,0,0.25,0.265625,0.0
7514,256,1,0.046875,-0.21875,1.0
7515,256,1,0.265625,0.25,0.0
7516,256,0,-1.515625,-1.453125,0.0
7517,256,1,1.109375,-1.171875,0.0
7518,256,0,0.765625,0.65625,0.0
7519,256,0,0.640625,-0.453125,0.0
7520,257,0,-1.65625,0.984375,0.0
7521,257,1,1.0,-0.203125,1.0
7522,257,0,0.609375,-1.328125,1.0
7523,257,0,-1.171875,-2.21875,1.0
7524,257,1,0.21875,-1.703125,1.0
7525,257,1,0.484375,-0.765625,1.0
7526,257,0,0.9375,-0.796875,0.0
7527,257,0,-0.84375,-0.46875,0.0
7528,257,0,1.09375,-1.265625,1.0
7529,257,0,-1.484375,-0.046875,0.0
7530,257,0,-0.671875,1.34375,0.0
7531,257,0,-0.09375,-0.21875,0.0
7532,257,1,2.421875,-2.4375,1.0
7533,257,1,1.03125,-1.5625,0.0
7534,257,0,-0.609375,0.34375,0.0
7535,257,0,1.109375,2.03125,0.0
7536,257,0,0.828125,0.4375,1.0
7537,257,0,-0.40625,-0.328125,0.0
7538,257,1,-0.96875,-1.640625,0.0
7539,257,0,-0.578125,0.515625,1.0
7540,257,0,-0.625,0.8125,1.0
7541,257,0,0.6875,-0.734375,1.0
7542,257,1,-1.3125,2.03125,1.0
7543,257,0,-2.375,-1.21875,1.0
7544,257,1,-0.15625,-2.21875,1.0
7545,257,0,-2.15625,-0.546875,1.0
7546,257,1,0.1875,1.015625,0.0
7547,257,1,0.453125,-1.1875,1.0
7548,257,1,1.765625,-0.296875,0.0
7549,257,1,-0.59375,-0.46875,0.0
7550,257,0,-0.625,1.359375,0.0
7551,257,0,-0.890625,-0.015625,1.0
7552,257,0,0.25,-0.265625,0.0
7553,257,1,-0.421875,0.15625,0.0
7554,257,1,-1.078125,0.25,1.0
7555,257,0,-0.15625,-1.28125,0.0
7556,258,1,-1.203125,0.15625,1.0
7557,258,1,0.703125,2.515625,1.0
7558,258,0,0.765625,1.109375,0.0
7559,258,1,-0.703125,-0.5,0.0
7560,258,1,-0.78125,0.484375,0.0
7561,258,1,1.21875,-1.828125,0.0
7562,258,1,1.09375,0.140625,1.0
7563,258,0,-1.921875,-0.59375,0.0
7564,258,0,-1.171875,0.96875,0.0
7565,258,0,-2.09375,0.515625,1.0
7566,258,1,0.03125,1.328125,0.0
7567,258,1,-0.421875,0.5,0.0
7568,258,1,1.71875,1.125,0.0
7569,258,0,-0.3125,1.390625,0.0
7570,258,1,-0.484375,0.234375,0.0
7571,258,1,-0.953125,2.0625,0.0
7572,258,1,-0.921875,-1.0625,1.0
7573,258,1,-0.78125,-0.90625,0.0
7574,258,1,-0.3125,-1.984375,1.0
7575,258,1,-1.046875,-2.84375,0.0
7576,258,0,-0.015625,1.359375,0.0
7577,258,1,-0.1875,0.796875,0.0
7578,258,1,0.8125,1.265625,1.0
7579,258,1,-0.84375,-1.5,0.0
7580,258,1,-0.375,0.265625,0.0
7581,258,1,-1.484375,-0.25,0.0
7582,258,0,-1.140625,-0.21875,0.0
7583,258,1,-0.671875,-1.453125,0.0
7584,258,0,-0.78125,-0.96875,0.0
7585,258,1,-0.234375,0.15625,1.0
7586,258,0,0.5,-0.625,1.0
7587,258,0,-0.609375,1.296875,1.0
7588,258,1,-0.34375,-0.671875,0.0
7589,258,1,1.609375,-0.046875,1.0
7590,258,0,0.625,1.03125,0.0
7591,258,1,0.390625,0.546875,0.0
7592,258,1,-0.78125,-0.71875,0.0
7593,259,0,-0.59375,-1.71875,0.0
7594,259,0,-1.109375,0.046875,0.0
7595,259,0,-0.78125,-1.15625,1.0
7596,259,0,1.234375,-0.78125,0.0
7597,259,0,1.265625,-1.078125,1.0
7598,259,1,0.6875,-0.265625,1.0
7599,259,0,-1.265625,-1.234375,0.0
7600,259,1,0.21875,-0.921875,1.0
7601,259,0,-0.1875,0.234375,1.0
7602,259,1,0.84375,-2.359375,0.0
7603,259,1,1.421875,-1.25,1.0
7604,259,0,-0.25,-0.0625,0.0
7605,259,0,-1.3125,0.40625,1.0
7606,259,0,1.140625,0.1875,0.0
7607,259,1,-0.15625,-1.9375,0.0
7608,259,0,0.59375,-1.40625,0.0
7609,259,1,-1.046875,-1.625,1.0
7610,259,0,0.84375,-0.15625,1.0
7611,259,0,-0.9375,-1.390625,0.0
7612,259,0,0.046875,0.46875,1.0
7613,259,0,-0.375,-0.953125,1.0
7614,259,1,-1.140625,-0.90625,0.0
7615,259,0,-0.53125,-1.09375,1.0
7616,259,0,-1.625,-1.421875,1.0
7617,259,0,-0.078125,-0.15625,0.0
7618,259,0,-0.40625,0.09375,0.0
7619,259,1,0.921875,-0.5,0.0
7620,259,1,-1.671875,-1.09375,1.0
7621,259,1,-2.03125,-1.8125,1.0
7622,259,0,0.796875,0.5,1.0
7623,259,0,-0.296875,-0.421875,0.0
7624,259,0,1.328125,0.1875,1.0
7625,259,0,-1.203125,0.375,0.0
7626,259,0,2.15625,1.875,0.0
7627,259,0,0.890625,1.234375,0.0
7628,259,1,-1.265625,1.078125,1.0
7629,259,1,-0.140625,-3.109375,0.0
7630,259,1,0.984375,1.078125,0.0
7631,260,1,0.6875,-0.265625,1.0
7632,260,1,1.90625,-0.046875,0.0
7633,260,1,1.328125,-1.0625,0.0
7634,260,0,1.34375,1.578125,0.0
7635,260,0,1.359375,0.0,0.0
7636,260,0,1.5625,0.640625,1.0
7637,260,0,1.265625,-0.203125,0.0
7638,260,0,0.953125,-0.4375,0.0
7639,260,0,-0.46875,-1.390625,1.0
7640,260,1,0.484375,-1.546875,1.0
7641,260,1,-0.875,-0.90625,1.0
7642,260,0,1.328125,-0.515625,0.0
7643,260,1,0.84375,1.5,0.0
7644,260,0,-0.125,-0.515625,0.0
7645,260,0,0.3125,0.671875,0.0
7646,260,1,0.046875,0.015625,1.0
7647,260,1,-0.421875,1.53125,0.0
7648,260,0,1.9375,-0.890625,0.0
7649,260,0,-0.03125,-2.734375,0.0
7650,260,1,-0.40625,-0.890625,1.0
7651,260,1,2.6875,0.203125,1.0
7652,260,0,0.328125,0.1875,0.0
7653,260,0,-0.21875,-0.375,0.0
7654,260,0,0.625,-0.796875,0.0
7655,260,0,-1.015625,-0.890625,1.0
7656,260,0,0.0,-1.6875,0.0
7657,260,1,-0.015625,0.734375,0.0
7658,260,1,2.46875,-0.703125,1.0
7659,260,1,1.109375,0.65625,1.0
7660,260,0,0.453125,-0.6875,0.0
7661,260,0,-0.515625,0.15625,0.0
7662,260,0,0.78125,-0.953125,0.0
7663,260,0,-0.5,0.328125,1.0
7664,260,0,1.9375,-0.328125,0.0
7665,260,0,-0.25,0.125,1.0
7666,260,0,-1.40625,0.65625,0.0
7667,260,1,1.296875,-1.109375,0.0
7668,260,0,-0.265625,-1.640625,1.0
7669,260,0,0.15625,0.625,0.0
7670,261,1,0.359375,-1.609375,0.0
7671,261,1,1.1875,-0.078125,1.0
7672,261,1,0.203125,-0.40625,0.0
7673,261,0,-1.109375,-0.515625,0.0
7674,261,1,0.140625,-1.015625,0.0
7675,261,0,1.40625,1.265625,0.0
7676,261,0,0.046875,-0.203125,0.0
7677,261,0,0.375,1.171875,1.0
7678,261,1,1.75,-1.625,0.0
7679,261,1,-0.765625,-0.3125,0.0
7680,261,0,-0.046875,-0.890625,1.0
7681,261,0,0.546875,-0.5,1.0
7682,261,0,-2.21875,-0.1875,0.0
7683,261,1,0.21875,0.328125,1.0
7684,261,1,-0.265625,0.546875,1.0
7685,261,1,-1.65625,0.078125,1.0
7686,261,0,-0.234375,-0.109375,0.0
7687,261,1,0.90625,-0.765625,1.0
7688,261,1,0.4375,0.25,0.0
7689,261,0,-0.546875,0.9375,0.0
7690,262,1,0.953125,-0.3125,1.0
7691,262,1,0.5,-1.71875,1.0
7692,262,0,-1.09375,0.046875,1.0
7693,262,0,-2.390625,-1.828125,1.0
7694,262,0,0.609375,0.4375,1.0
7695,262,1,0.9375,-0.125,0.0
7696,262,0,1.296875,-0.453125,1.0
7697,262,0,1.625,-1.78125,0.0
7698,262,0,1.59375,-2.703125,1.0
7699,262,0,-0.5625,0.265625,0.0
7700,262,0,0.640625,-0.96875,0.0
7701,262,1,1.015625,-0.703125,1.0
7702,262,1,-0.03125,-0.921875,0.0
7703,262,0,0.796875,0.34375,0.0
7704,262,0,0.71875,-0.515625,0.0
7705,262,0,-1.65625,-0.71875,0.0
7706,262,1,0.296875,-1.0,0.0
7707,262,0,-1.375,-1.34375,0.0
7708,262,0,0.46875,-0.859375,0.0
7709,262,0,-0.828125,-0.125,0.0
7710,262,1,1.984375,0.484375,0.0
7711,263,0,-0.921875,0.0,0.0
7712,263,0,-1.515625,-1.046875,1.0
7713,263,1,0.59375,-1.484375,1.0
7714,263,0,0.5625,-1.265625,0.0
7715,263,0,-0.328125,0.984375,1.0
7716,263,0,0.5625,-0.15625,0.0
7717,263,0,-1.125,0.171875,0.0
7718,263,0,1.390625,-2.03125,0.0
7719,263,0,0.25,-2.578125,0.0
7720,263,0,-0.90625,-0.265625,1.0
7721,263,1,1.875,-0.140625,1.0
7722,263,1,0.28125,-1.46875,0.0
7723,263,0,1.46875,-1.453125,0.0
7724,263,0,0.125,-1.265625,0.0
7725,263,0,-0.765625,-1.046875,0.0
7726,263,1,1.84375,-0.5,1.0
7727,263,0,0.0625,0.78125,0.0
7728,263,0,-1.75,-0.09375,0.0
7729,263,0,-1.1875,0.328125,1.0
7730,263,0,0.484375,1.3125,0.0
7731,263,0,0.0,0.140625,0.0
7732,263,0,0.828125,-0.984375,1.0
7733,264,1,0.328125,-0.421875,0.0
7734,264,0,0.25,-1.390625,0.0
7735,264,0,0.359375,-1.53125,0.0
7736,264,1,0.390625,-2.375,1.0
7737,264,0,-0.453125,-0.53125,0.0
7738,264,1,0.390625,-0.890625,1.0
7739,264,0,1.265625,0.015625,0.0
7740,264,1,0.734375,0.90625,1.0
7741,264,0,-0.328125,-0.75,0.0
7742,264,1,1.015625,-2.09375,1.0
7743,264,0,0.015625,0.875,0.0
7744,264,1,-0.59375,-0.5625,0.0
7745,264,0,-1.984375,0.75,0.0
7746,264,1,1.296875,-0.875,0.0
7747,264,1,-1.046875,-0.59375,0.0
7748,264,1,-0.0625,0.359375,1.0
7749,264,1,0.953125,-2.046875,0.0
7750,264,0,0.40625,0.5625,0.0
7751,264,1,0.703125,-0.546875,0.0
7752,264,1,0.640625,0.59375,0.0
7753,264,1,-0.671875,-0.765625,1.0
7754,264,0,0.28125,-0.40625,0.0
7755,264,1,0.3125,0.453125,1.0
7756,265,1,1.59375,-0.671875,1.0
7757,265,1,0.71875,1.421875,0.0
7758,265,1,-0.328125,1.421875,1.0
7759,265,1,-0.96875,0.359375,1.0
7760,265,0,0.765625,0.46875,0.0
7761,265,1,0.453125,-1.75,1.0
7762,265,0,0.671875,-0.6875,0.0
7763,265,0,-1.796875,0.9375,0.0
7764,265,1,0.15625,0.65625,1.0
7765,265,0,-1.109375,-0.40625,1.0
7766,265,1,0.21875,0.703125,0.0
7767,265,1,0.78125,-0.3125,0.0
7768,265,0,0.265625,-1.171875,1.0
7769,265,1,1.140625,0.28125,0.0
7770,265,1,0.0,-0.875,1.0
7771,265,0,0.09375,-0.15625,0.0
7772,265,1,2.21875,-1.609375,1.0
7773,265,0,1.125,-0.53125,1.0
7774,265,1,1.140625,-0.21875,1.0
7775,265,1,0.21875,0.0625,0.0
7776,265,0,0.234375,1.53125,0.0
7777,265,0,-0.078125,0.203125,0.0
7778,265,0,-0.5625,0.25,1.0
7779,265,1,1.15625,-0.328125,0.0
7780,266,0,0.203125,1.46875,0.0
7781,266,0,-1.34375,-0.515625,0.0
7782,266,1,0.546875,0.265625,0.0
7783,266,1,-0.0625,1.015625,0.0
7784,266,0,-0.25,-0.734375,0.0
7785,266,1,0.34375,-0.640625,0.0
7786,266,1,1.328125,-0.171875,1.0
7787,266,0,-0.796875,-0.421875,0.0
7788,266,0,-2.125,-1.421875,0.0
7789,266,0,-0.265625,0.234375,0.0
7790,266,1,0.359375,-1.625,0.0
7791,266,0,-1.03125,0.15625,1.0
7792,266,1,1.1875,0.15625,0.0
7793,266,0,0.15625,-1.3125,0.0
7794,266,0,-0.328125,1.28125,0.0
7795,266,0,0.640625,-1.0,0.0
7796,266,0,0.46875,-1.0,1.0
7797,266,0,-1.65625,0.515625,0.0
7798,266,0,-0.65625,-2.328125,0.0
7799,266,1,2.0,1.640625,1.0
7800,266,0,1.046875,-0.046875,0.0
7801,266,0,1.375,0.34375,0.0
7802,266,0,-1.28125,1.984375,0.0
7803,266,1,0.015625,0.296875,0.0
7804,266,1,0.03125,-1.703125,0.0
7805,267,1,-0.671875,0.234375,1.0
7806,267,1,-0.1875,-1.28125,0.0
7807,267,0,-0.953125,0.34375,1.0
7808,267,1,0.9375,-1.890625,1.0
7809,267,1,0.484375,-0.828125,1.0
7810,267,1,1.125,-0.5,0.0
7811,267,0,-0.703125,-1.0,0.0
7812,267,1,2.40625,0.84375,0.0
7813,267,1,0.578125,0.953125,1.0
7814,267,1,-0.5625,-0.3125,1.0
7815,267,1,1.6875,-1.609375,0.0
7816,267,1,-0.015625,-0.125,1.0
7817,267,1,0.078125,-0.875,1.0
7818,267,1,0.109375,1.03125,0.0
7819,267,0,0.390625,0.46875,1.0
7820,267,0,0.203125,0.546875,0.0
7821,267,1,0.125,-0.390625,1.0
7822,267,1,0.671875,-1.3125,0.0
7823,267,1,0.359375,-0.390625,1.0
7824,267,1,-1.015625,-1.3125,1.0
7825,267,0,-0.5625,0.96875,0.0
7826,267,1,-0.046875,0.15625,1.0
7827,267,0,-0.984375,-0.421875,0.0
7828,267,0,-0.921875,0.578125,1.0
7829,267,1,0.625,-1.78125,0.0
7830,267,1,0.828125,0.546875,0.0
7831,268,1,2.0625,0.40625,1.0
7832,268,1,-0.40625,0.71875,1.0
7833,268,1,-1.8125,-0.71875,0.0
7834,268,1,-0.828125,0.65625,0.0
7835,268,0,1.03125,-0.921875,1.0
7836,268,1,-0.40625,0.171875,0.0
7837,268,1,0.4375,-1.015625,0.0
7838,268,1,0.9375,1.1875,1.0
7839,268,0,0.953125,0.484375,0.0
7840,268,0,-1.09375,0.21875,0.0
7841,268,0,-2.125,0.375,0.0
7842,268,0,0.03125,0.796875,0.0
7843,268,0,-1.25,0.859375,0.0
7844,268,1,0.9375,1.265625,1.0
7845,268,0,-1.109375,-2.546875,1.0
7846,268,1,0.359375,-0.34375,1.0
7847,268,1,-0.84375,0.34375,1.0
7848,268,1,0.34375,0.421875,1.0
7849,268,0,-1.734375,0.015625,1.0
7850,268,1,-0.625,0.859375,0.0
7851,268,1,0.046875,-1.203125,0.0
7852,268,1,0.078125,0.6875,0.0
7853,268,0,-0.15625,-1.140625,0.0
7854,268,0,-1.4375,-0.0625,0.0
7855,268,1,1.3125,-0.171875,0.0
7856,268,0,-1.015625,0.375,1.0
7857,268,1,-0.5,-0.203125,1.0
7858,269,0,-0.453125,-0.078125,1.0
7859,269,1,0.109375,1.21875,0.0
7860,269,1,-0.09375,0.78125,1.0
7861,269,1,-1.15625,-2.03125,1.0
7862,269,1,0.1875,1.09375,0.0
7863,269,0,-1.171875,1.53125,0.0
7864,269,0,1.296875,1.25,0.0
7865,269,0,-0.46875,-0.421875,1.0
7866,269,1,1.34375,-0.40625,1.0
7867,269,0,-0.265625,0.8125,0.0
7868,269,1,0.953125,0.4375,0.0
7869,269,0,-1.734375,-1.5625,0.0
7870,269,0,1.234375,-0.109375,0.0
7871,269,0,-1.890625,0.203125,0.0
7872,269,0,-0.296875,0.828125,0.0
7873,269,1,-0.640625,-0.09375,0.0
7874,269,1,0.15625,0.078125,1.0
7875,269,1,-0.953125,-0.421875,0.0
7876,269,1,1.234375,-1.125,0.0
7877,269,0,0.28125,0.0625,1.0
7878,269,0,-0.609375,-2.296875,1.0
7879,269,0,-0.484375,-0.421875,0.0
7880,269,0,-0.625,1.375,0.0
7881,269,1,-1.125,-1.78125,1.0
7882,269,1,1.15625,-0.296875,0.0
7883,269,0,-1.390625,0.5625,0.0
7884,269,1,0.78125,-0.5,0.0
7885,269,0,-0.171875,-0.671875,1.0
7886,270,0,-1.890625,-1.421875,1.0
7887,270,0,0.515625,-0.359375,0.0
7888,270,1,0.96875,-1.53125,0.0
7889,270,1,-0.84375,-1.546875,0.0
7890,270,0,-0.953125,-3.09375,0.0
7891,270,0,1.34375,0.1875,0.0
7892,270,0,1.4375,-1.359375,0.0
7893,270,0,-1.34375,-0.953125,1.0
7894,270,0,-0.609375,-1.71875,1.0
7895,270,0,-1.0625,0.0,1.0
7896,270,0,0.5625,-2.421875,0.0
7897,270,1,0.234375,-0.0625,1.0
7898,270,1,1.734375,0.015625,1.0
7899,270,1,0.46875,-0.84375,1.0
7900,270,1,0.125,0.3125,0.0
7901,270,0,-0.4375,-1.875,0.0
7902,270,0,-0.953125,-0.40625,0.0
7903,270,0,-1.09375,-2.265625,0.0
7904,270,0,-0.9375,-1.265625,1.0
7905,270,1,0.765625,-2.109375,1.0
7906,270,0,0.921875,-0.5625,0.0
7907,270,0,0.34375,-0.25,1.0
7908,270,0,1.34375,-1.171875,0.0
7909,270,0,1.1875,-1.21875,1.0
7910,270,0,0.75,-0.890625,0.0
7911,270,1,1.96875,-1.734375,0.0
7912,270,1,0.015625,-0.015625,0.0
7913,270,0,-1.3125,-0.71875,1.0
7914,270,0,-0.734375,-1.046875,1.0
7915,271,0,0.609375,-0.4375,0.0
7916,271,0,-0.734375,-0.65625,0.0
7917,271,0,-0.53125,0.140625,0.0
7918,271,1,0.25,-0.171875,0.0
7919,271,1,-0.28125,1.421875,1.0
7920,271,1,0.40625,0.125,0.0
7921,271,0,-0.859375,-0.1875,1.0
7922,271,1,1.4375,-0.640625,0.0
7923,271,1,0.34375,-0.453125,0.0
7924,271,1,-1.03125,-0.84375,0.0
7925,271,1,-0.296875,-0.25,0.0
7926,271,0,0.359375,-0.21875,0.0
7927,271,0,0.125,-1.109375,0.0
7928,271,0,0.296875,-0.421875,0.0
7929,271,0,-0.78125,0.640625,1.0
7930,271,1,1.25,0.609375,1.0
7931,271,1,2.296875,-0.59375,0.0
7932,271,0,0.046875,-0.59375,0.0
7933,271,0,0.84375,-1.09375,0.0
7934,271,0,0.0,1.515625,1.0
7935,271,0,0.28125,1.515625,0.0
7936,271,0,0.28125,-0.140625,1.0
7937,271,1,0.359375,-1.59375,0.0
7938,271,0,0.734375,-0.953125,0.0
7939,271,0,-0.03125,0.703125,0.0
7940,271,1,0.40625,-0.03125,0.0
7941,271,1,2.828125,-2.28125,0.0
7942,271,0,0.828125,-0.078125,0.0
7943,271,0,-0.234375,1.90625,1.0
7944,271,0,0.640625,0.90625,1.0
7945,272,1,1.28125,-0.625,1.0
7946,272,0,0.25,0.453125,0.0
7947,272,1,-1.5,-0.703125,1.0
7948,272,0,0.90625,-0.96875,0.0
7949,272,0,-0.359375,0.0625,0.0
7950,272,1,1.71875,-0.234375,1.0
7951,272,1,0.296875,2.15625,0.0
7952,272,0,0.96875,-0.84375,0.0
7953,272,0,-1.953125,0.140625,1.0
7954,272,1,-1.796875,0.328125,1.0
7955,272,0,0.328125,0.171875,0.0
7956,272,1,-0.21875,0.0,0.0
7957,272,0,-0.90625,0.515625,0.0
7958,272,0,1.140625,-1.125,1.0
7959,272,0,0.203125,-0.984375,0.0
7960,272,1,1.4375,-0.4375,1.0
7961,272,0,-0.515625,1.140625,0.0
7962,272,0,0.5625,0.828125,1.0
7963,272,0,0.125,-0.546875,1.0
7964,272,0,0.453125,-0.390625,0.0
7965,272,0,-0.34375,-0.546875,0.0
7966,272,1,1.53125,-0.140625,1.0
7967,272,0,-0.78125,-0.03125,1.0
7968,272,0,-1.0625,1.796875,1.0
7969,272,0,0.4375,-0.0625,0.0
7970,272,0,-1.671875,-0.234375,0.0
7971,272,1,-0.71875,0.21875,1.0
7972,272,0,0.671875,0.859375,0.0
7973,272,0,-1.703125,1.390625,0.0
7974,272,1,0.328125,-0.171875,1.0
7975,272,0,0.109375,-1.28125,0.0
7976,273,1,0.96875,0.125,1.0
7977,273,0,-1.671875,0.65625,0.0
7978,273,1,-0.171875,1.0,0.0
7979,273,0,-0.390625,-0.234375,1.0
7980,273,0,-0.578125,-0.78125,0.0
7981,273,1,1.453125,0.96875,0.0
7982,273,1,-1.015625,0.53125,1.0
7983,273,1,0.875,-0.734375,0.0
7984,273,0,0.421875,1.15625,0.0
7985,273,0,0.4375,0.171875,1.0
7986,273,1,0.140625,-1.0,0.0
7987,273,1,1.34375,-0.703125,1.0
7988,273,1,2.1875,1.296875,0.0
7989,273,1,0.234375,-0.421875,0.0
7990,273,1,-2.125,-0.546875,0.0
7991,273,0,0.234375,0.46875,0.0
7992,273,0,-0.703125,-0.234375,0.0
7993,273,1,-1.296875,-0.984375,1.0
7994,273,1,0.875,0.15625,0.0
7995,273,1,0.125,0.546875,0.0
7996,273,1,-0.234375,-1.421875,1.0
7997,273,0,-0.921875,0.140625,1.0
7998,273,0,0.859375,-0.6875,0.0
7999,273,1,0.09375,-0.359375,0.0
8000,273,0,-1.75,1.15625,0.0
8001,273,1,-0.015625,1.796875,0.0
8002,273,1,1.296875,1.0625,1.0
8003,273,0,0.46875,-0.859375,1.0
8004,273,1,0.34375,-0.859375,1.0
8005,273,1,0.75,-0.375,0.0
8006,273,1,-1.0,-0.1875,0.0
8007,273,1,-1.734375,-0.90625,1.0
8008,274,0,-0.53125,-1.65625,1.0
8009,274,1,0.515625,-1.015625,0.0
8010,274,0,-0.46875,-1.21875,0.0
8011,274,0,0.375,-0.21875,0.0
8012,274,1,0.3125,-1.046875,0.0
8013,274,1,0.578125,-1.5625,0.0
8014,274,1,-0.6875,-0.375,1.0
8015,274,1,2.375,-0.65625,1.0
8016,274,0,-1.890625,0.234375,0.0
8017,274,0,0.328125,1.359375,0.0
8018,274,0,-1.265625,-1.765625,1.0
8019,274,0,0.8125,0.921875,0.0
8020,274,1,-0.09375,0.671875,1.0
8021,274,0,-0.515625,-0.5625,0.0
8022,274,1,2.484375,-0.328125,0.0
8023,274,0,-0.9375,-0.296875,1.0
8024,274,0,0.765625,0.453125,0.0
8025,274,0,1.6875,0.078125,0.0
8026,274,0,1.203125,-0.09375,0.0
8027,274,0,0.65625,-0.328125,0.0
8028,274,0,0.65625,1.203125,0.0
8029,274,1,0.34375,-1.578125,0.0
8030,274,0,0.875,1.046875,0.0
8031,274,1,-1.546875,-1.796875,0.0
8032,274,0,0.953125,-1.140625,0.0
8033,274,0,1.046875,0.5625,0.0
8034,274,0,-1.1875,1.40625,0.0
8035,274,1,-1.0625,-1.421875,1.0
8036,274,0,1.046875,-0.796875,0.0
8037,274,0,-0.265625,1.21875,1.0
8038,274,1,-0.359375,-0.03125,1.0
8039,274,0,-0.453125,0.84375,0.0
8040,274,1,1.40625,-1.96875,0.0
8041,275,0,-0.234375,0.25,1.0
8042,275,0,1.40625,2.90625,0.0
8043,275,0,0.578125,-0.75,0.0
8044,275,0,-1.90625,0.71875,0.0
8045,275,0,-1.3125,3.078125,0.0
8046,275,1,-0.46875,2.578125,0.0
8047,275,1,0.734375,-0.515625,0.0
8048,275,0,-0.484375,-0.015625,1.0
8049,275,1,-1.5,0.578125,1.0
8050,275,0,1.921875,1.015625,0.0
8051,275,1,0.3125,0.203125,0.0
8052,275,0,-2.84375,0.59375,1.0
8053,275,1,0.3125,0.90625,1.0
8054,275,1,0.40625,0.921875,1.0
8055,275,1,-0.8125,0.03125,0.0
8056,275,1,0.890625,0.578125,0.0
8057,275,0,-0.046875,-0.40625,1.0
8058,275,0,-1.078125,0.546875,0.0
8059,275,1,0.375,1.09375,0.0
8060,275,1,-0.4375,2.0625,1.0
8061,275,1,-2.0625,0.09375,1.0
8062,275,0,-0.9375,0.703125,0.0
8063,275,1,-0.96875,0.3125,0.0
8064,275,1,-1.46875,-0.203125,1.0
8065,275,1,1.28125,1.328125,1.0
8066,275,1,-0.296875,0.21875,0.0
8067,275,0,0.609375,1.5,0.0
8068,275,1,-0.3125,-0.140625,0.0
8069,275,0,1.0,1.765625,0.0
8070,275,1,0.640625,1.140625,0.0
8071,275,0,-0.703125,0.421875,0.0
8072,275,0,-0.171875,0.109375,1.0
8073,275,1,0.984375,-0.640625,0.0
8074,275,0,0.34375,1.765625,0.0
8075,276,1,0.171875,0.578125,1.0
8076,276,1,-1.703125,-0.515625,1.0
8077,276,0,0.25,-0.109375,1.0
8078,276,0,-0.90625,0.0625,0.0
8079,276,0,-0.875,1.25,0.0
8080,276,1,1.3125,0.8125,1.0
8081,276,0,1.21875,-1.6875,1.0
8082,276,1,-1.375,-1.625,0.0
8083,276,0,0.875,1.59375,0.0
8084,276,0,-0.3125,-0.125,0.0
8085,276,0,0.859375,-2.34375,0.0
8086,276,1,-0.171875,-0.359375,1.0
8087,276,0,-0.171875,-0.96875,0.0
8088,276,0,-0.3125,-0.140625,0.0
8089,276,0,-0.359375,0.734375,1.0
8090,276,0,0.609375,-0.125,1.0
8091,276,0,0.953125,1.09375,1.0
8092,276,0,-1.453125,-1.328125,0.0
8093,276,1,-0.25,-2.390625,0.0
8094,276,1,-0.953125,-1.4375,1.0
8095,276,0,-2.015625,-0.140625,0.0
8096,276,0,0.8125,0.453125,0.0
8097,276,0,-0.15625,1.453125,0.0
8098,276,0,0.65625,-1.390625,0.0
8099,276,0,0.046875,-2.328125,0.0
8100,276,0,0.171875,0.765625,1.0
8101,276,1,-1.765625,-1.0625,0.0
8102,276,0,0.34375,-0.0625,0.0
8103,276,0,0.109375,0.15625,0.0
8104,276,0,0.03125,0.28125,0.0
8105,276,1,0.046875,1.203125,1.0
8106,276,0,-2.890625,-0.703125,0.0
8107,276,0,0.328125,-0.265625,0.0
8108,276,0,0.1875,0.953125,0.0
8109,276,1,2.78125,0.171875,0.0
8110,277,1,0.515625,-0.28125,0.0
8111,277,1,-0.078125,1.65625,1.0
8112,277,0,1.171875,-0.984375,0.0
8113,277,0,0.421875,0.125,1.0
8114,277,1,0.015625,0.5625,1.0
8115,277,0,-1.640625,0.109375,0.0
8116,277,1,-0.03125,0.984375,1.0
8117,277,0,1.359375,1.5,0.0
8118,277,0,-0.0625,-0.640625,1.0
8119,277,1,0.234375,0.328125,0.0
8120,277,1,-0.171875,0.59375,0.0
8121,277,0,-0.140625,0.484375,1.0
8122,277,1,-0.6875,-0.234375,0.0
8123,277,0,0.421875,-0.1875,1.0
8124,277,0,-0.21875,-0.8125,0.0
8125,277,0,0.03125,0.1875,0.0
8126,277,0,-1.6875,1.53125,0.0
8127,277,1,-0.921875,0.703125,1.0
8128,277,0,-0.53125,-1.265625,0.0
8129,277,1,-1.375,0.140625,0.0
8130,277,0,0.046875,-0.671875,1.0
8131,277,0,1.40625,1.125,0.0
8132,277,0,-0.296875,0.796875,0.0
8133,277,1,-0.421875,-0.734375,0.0
8134,277,0,-2.125,-1.3125,0.0
8135,277,1,-1.125,0.703125,0.0
8136,277,1,-0.171875,1.796875,0.0
8137,277,1,-0.96875,0.296875,1.0
8138,277,1,-1.125,-0.75,0.0
8139,277,1,-1.21875,2.03125,1.0
8140,277,1,1.53125,0.953125,0.0
8141,277,1,0.296875,0.890625,1.0
8142,277,0,0.671875,-0.390625,0.0
8143,277,1,0.125,1.203125,0.0
8144,277,1,-0.484375,-0.34375,1.0
8145,277,1,0.859375,1.28125,1.0
8146,278,1,0.234375,-0.328125,0.0
8147,278,1,-0.25,1.109375,0.0
8148,278,1,0.875,-0.890625,0.0
8149,278,0,-0.921875,0.484375,0.0
8150,278,1,0.03125,0.578125,0.0
8151,278,0,-0.546875,0.359375,1.0
8152,278,0,1.484375,0.453125,0.0
8153,278,0,0.5,1.6875,0.0
8154,278,0,1.515625,-2.484375,1.0
8155,278,0,-0.390625,0.53125,0.0
8156,278,1,1.0625,0.078125,0.0
8157,278,0,-1.203125,1.953125,0.0
8158,278,0,-0.21875,-0.90625,0.0
8159,278,1,1.5625,-1.578125,0.0
8160,278,1,0.65625,1.921875,1.0
8161,278,0,0.5625,0.09375,0.0
8162,278,1,-0.8125,0.140625,1.0
8163,278,1,0.6875,-0.375,0.0
8164,278,0,-0.625,0.109375,0.0
8165,278,1,1.015625,-0.140625,0.0
8166,278,1,-1.046875,-0.046875,1.0
8167,278,1,1.8125,-0.40625,1.0
8168,278,0,-0.25,1.171875,0.0
8169,278,1,-0.03125,-1.484375,0.0
8170,278,1,-0.46875,1.734375,0.0
8171,278,1,0.0,-0.09375,0.0
8172,278,0,-1.046875,2.765625,0.0
8173,278,1,-0.734375,1.078125,1.0
8174,278,0,-2.515625,-1.03125,0.0
8175,278,0,-0.15625,-0.09375,1.0
8176,278,0,-0.5,-0.078125,0.0
8177,278,1,-0.359375,-0.65625,1.0
8178,278,0,-0.9375,-0.5,0.0
8179,278,1,-0.1875,0.71875,1.0
8180,278,1,1.234375,-1.28125,1.0
8181,278,0,-1.546875,1.8125,0.0
8182,278,0,-1.078125,0.515625,0.0
8183,279,0,-1.25,-0.625,0.0
8184,279,1,-0.15625,-0.234375,1.0
8185,279,0,-0.515625,-0.5625,0.0
8186,279,1,1.1875,-0.3125,1.0
8187,279,1,1.171875,0.609375,0.0
8188,279,1,-0.09375,-1.53125,0.0
8189,279,0,1.421875,-0.765625,1.0
8190,279,1,-1.671875,-1.1875,1.0
8191,279,0,1.140625,-1.15625,0.0
8192,279,1,0.109375,-1.484375,0.0
8193,279,0,-0.65625,-2.3125,1.0
8194,279,0,0.125,-1.484375,1.0
8195,279,0,-2.015625,-0.28125,1.0
8196,279,1,0.234375,0.6875,1.0
8197,279,1,0.859375,0.015625,1.0
8198,279,0,-0.90625,-0.765625,0.0
8199,279,1,0.59375,-1.078125,0.0
8200,279,1,-0.09375,-0.3125,1.0
8201,279,0,-0.78125,0.265625,0.0
8202,279,1,-0.4375,-0.015625,0.0
8203,279,0,-0.578125,-1.4375,0.0
8204,279,1,-1.046875,-2.4375,1.0
8205,279,0,-2.015625,0.5625,1.0
8206,279,0,0.71875,0.1875,0.0
8207,279,0,0.53125,-1.140625,0.0
8208,279,1,0.984375,-0.171875,1.0
8209,279,0,-0.359375,0.640625,0.0
8210,279,0,1.25,-0.578125,0.0
8211,279,0,-0.9375,-2.0,1.0
8212,279,0,-0.140625,-0.078125,0.0
8213,279,1,-0.21875,-0.484375,0.0
8214,279,0,-0.703125,-1.015625,1.0
8215,279,1,1.25,0.015625,1.0
8216,279,0,0.34375,0.234375,1.0
8217,279,0,-0.28125,-0.171875,0.0
8218,279,1,1.21875,-0.0625,1.0
8219,279,1,-0.8125,-1.296875,0.0
8220,279,0,-1.0625,1.171875,0.0
8221,280,0,-2.859375,-1.765625,0.0
8222,280,0,1.546875,-1.1875,0.0
8223,280,1,-1.1875,-2.0,1.0
8224,280,1,-1.421875,-0.5625,0.0
8225,280,0,-0.25,1.859375,0.0
8226,280,0,1.03125,-0.453125,0.0
8227,280,1,-1.140625,-1.1875,1.0
8228,280,0,-0.53125,0.734375,0.0
8229,280,0,-1.703125,-0.421875,0.0
8230,280,0,-1.59375,-0.453125,0.0
8231,280,1,-0.921875,0.46875,1.0
8232,280,1,0.359375,-0.84375,1.0
8233,280,0,0.40625,0.515625,0.0
8234,280,1,-0.1875,0.59375,0.0
8235,280,1,0.765625,-0.453125,1.0
8236,280,1,0.046875,-1.28125,0.0
8237,280,0,0.03125,-0.84375,0.0
8238,280,1,0.96875,-1.71875,0.0
8239,280,1,1.734375,-1.53125,1.0
8240,280,1,-1.234375,-1.34375,1.0
8241,280,1,0.671875,-1.90625,0.0
8242,280,1,1.078125,-1.046875,1.0
8243,280,0,-0.734375,-0.59375,0.0
8244,280,0,-0.109375,-1.734375,0.0
8245,280,1,-0.078125,-1.78125,0.0
8246,280,0,0.28125,-0.203125,1.0
8247,280,1,0.40625,0.1875,0.0
8248,280,0,1.015625,0.078125,1.0
8249,280,1,-0.171875,-0.25,1.0
8250,280,1,1.21875,0.15625,0.0
8251,280,0,-1.40625,-0.015625,1.0
8252,280,0,0.375,0.046875,1.0
8253,280,0,-2.390625,-0.96875,0.0
8254,280,0,-0.828125,0.765625,0.0
8255,280,0,-0.015625,1.203125,0.0
8256,280,0,-1.671875,-1.53125,0.0
8257,280,0,-1.0,-1.390625,1.0
8258,280,0,0.078125,-0.359375,0.0
8259,280,0,-1.1875,-0.421875,0.0
8260,281,0,0.25,-0.5,0.0
8261,281,0,-0.28125,0.15625,0.0
8262,281,1,-0.84375,0.0,1.0
8263,281,1,0.78125,-1.265625,1.0
8264,281,0,-1.0625,0.046875,1.0
8265,281,1,-1.109375,0.546875,0.0
8266,281,1,-0.109375,-1.234375,1.0
8267,281,1,1.328125,-1.578125,0.0
8268,281,0,-1.53125,1.578125,0.0
8269,281,0,-0.1875,-0.109375,0.0
8270,281,0,-0.671875,0.984375,1.0
8271,281,1,0.734375,-1.046875,0.0
8272,281,1,-1.46875,0.984375,0.0
8273,281,1,-1.390625,-0.96875,1.0
8274,281,1,1.40625,0.625,0.0
8275,281,0,0.734375,1.359375,1.0
8276,281,1,-0.15625,-0.6875,1.0
8277,281,0,0.28125,-2.71875,0.0
8278,281,1,-1.375,-0.21875,1.0
8279,281,1,0.359375,0.046875,0.0
8280,282,1,-1.21875,0.171875,0.0
8281,282,1,0.703125,0.953125,1.0
8282,282,0,0.40625,-1.296875,0.0
8283,282,0,-3.515625,-0.828125,1.0
8284,282,0,-2.703125,-0.484375,0.0
8285,282,1,-0.21875,1.765625,0.0
8286,282,1,-0.890625,-0.09375,0.0
8287,282,1,2.78125,-0.109375,0.0
8288,282,0,-0.78125,-0.78125,1.0
8289,282,0,0.59375,-0.28125,1.0
8290,282,1,1.8125,0.015625,1.0
8291,282,0,1.28125,0.03125,0.0
8292,282,0,-0.28125,0.59375,0.0
8293,282,1,-0.234375,-0.765625,0.0
8294,282,0,0.625,-1.5,0.0
8295,282,1,-0.0625,-1.390625,1.0
8296,282,0,0.921875,1.09375,0.0
8297,282,0,-0.25,-0.890625,1.0
8298,282,0,0.359375,1.15625,1.0
8299,282,1,1.6875,-0.109375,0.0
8300,282,1,1.4375,-0.921875,0.0
8301,283,0,0.265625,0.25,0.0
8302,283,1,1.046875,0.203125,1.0
8303,283,0,-0.484375,0.21875,0.0
8304,283,0,-1.609375,0.203125,0.0
8305,283,1,1.4375,-0.546875,0.0
8306,283,1,0.234375,2.25,0.0
8307,283,1,1.515625,-2.390625,0.0
8308,283,0,-2.078125,-0.84375,1.0
8309,283,0,-1.578125,-0.171875,0.0
8310,283,0,-0.796875,0.078125,0.0
8311,283,0,0.359375,-1.5,0.0
8312,283,0,0.234375,0.421875,0.0
8313,283,0,-0.1875,-0.734375,1.0
8314,283,1,0.578125,-0.828125,1.0
8315,283,1,1.5,-0.703125,1.0
8316,283,0,-0.9375,-1.1875,1.0
8317,283,0,-0.90625,0.96875,0.0
8318,283,0,0.71875,-0.265625,0.0
8319,283,0,0.515625,0.75,0.0
8320,283,0,1.15625,0.484375,0.0
8321,283,0,-2.015625,1.515625,0.0
8322,283,1,0.4375,-2.15625,0.0
8323,284,0,-1.234375,-1.046875,0.0
8324,284,0,-0.234375,0.125,1.0
8325,284,0,-1.890625,-0.59375,1.0
8326,284,1,-0.453125,-0.296875,1.0
8327,284,0,1.078125,-1.65625,0.0
8328,284,1,0.1875,0.765625,0.0
8329,284,1,0.609375,-0.9375,1.0
8330,284,1,0.3125,0.828125,0.0
8331,284,0,-0.78125,-0.625,0.0
8332,284,1,0.546875,0.09375,1.0
8333,284,1,0.359375,-0.015625,0.0
8334,284,0,-1.0,0.203125,0.0
8335,284,1,0.203125,-0.234375,1.0
8336,284,1,1.46875,-1.53125,0.0
8337,284,0,1.203125,-0.1875,1.0
8338,284,0,2.328125,0.078125,0.0
8339,284,1,-0.421875,-0.765625,0.0
8340,284,1,0.09375,-0.0625,1.0
8341,284,0,0.328125,-0.71875,0.0
8342,284,0,0.171875,-0.234375,0.0
8343,284,0,-1.09375,0.28125,0.0
8344,284,1,-0.03125,-1.78125,0.0
8345,284,0,1.40625,-0.421875,0.0
8346,285,1,0.265625,-0.671875,0.0
8347,285,1,1.4375,-1.140625,1.0
8348,285,1,0.765625,0.6875,1.0
8349,285,1,-0.34375,-0.65625,1.0
8350,285,0,1.3125,0.375,0.0
8351,285,0,-0.03125,-1.171875,0.0
8352,285,0,0.203125,1.125,0.0
8353,285,0,0.09375,1.265625,0.0
8354,285,0,-0.78125,1.125,1.0
8355,285,1,0.515625,-1.8125,1.0
8356,285,0,-0.109375,1.25,0.0
8357,285,1,0.34375,-0.9375,0.0
8358,285,1,0.078125,-0.453125,0.0
8359,285,1,0.59375,0.078125,1.0
8360,285,1,0.53125,-2.203125,1.0
8361,285,1,0.78125,-1.265625,0.0
8362,285,1,0.25,1.484375,1.0
8363,285,0,-0.421875,0.421875,1.0
8364,285,1,1.171875,-0.65625,0.0
8365,285,1,-0.328125,0.515625,0.0
8366,285,0,-0.71875,-0.78125,0.0
8367,285,1,0.359375,-1.40625,1.0
8368,285,1,0.515625,0.28125,1.0
8369,285,1,0.84375,1.1875,0.0
8370,286,0,0.578125,-0.5625,0.0
8371,286,0,0.6875,1.703125,0.0
8372,286,0,0.421875,-0.234375,1.0
8373,286,0,0.875,-0.828125,0.0
8374,286,1,-0.859375,1.578125,0.0
8375,286,1,-0.78125,-0.359375,1.0
8376,286,0,1.0625,-1.328125,0.0
8377,286,1,0.875,0.125,0.0
8378,286,1,-0.625,-2.09375,0.0
8379,286,1,0.203125,-0.375,0.0
8380,286,0,-0.390625,0.484375,0.0
8381,286,1,0.625,-0.9375,0.0
8382,286,1,0.890625,-0.125,1.0
8383,286,1,-2.890625,-0.484375,1.0
8384,286,0,-0.234375,1.515625,0.0
8385,286,0,0.015625,-0.4375,0.0
8386,286,1,0.890625,-0.625,1.0
8387,286,0,0.375,0.28125,0.0
8388,286,1,0.078125,0.390625,0.0
8389,286,1,0.53125,1.578125,0.0
8390,286,0,0.640625,-0.921875,0.0
8391,286,1,0.234375,0.3125,1.0
8392,286,0,0.984375,1.171875,0.0
8393,286,1,1.46875,-0.3125,1.0
8394,286,1,-1.0,-1.359375,0.0
8395,287,1,1.859375,-0.3125,0.0
8396,287,1,-1.65625,0.203125,0.0
8397,287,0,0.53125,2.15625,1.0
8398,287,0,-1.03125,-0.46875,0.0
8399,287,0,0.1875,-0.625,0.0
8400,287,1,0.15625,-2.28125,1.0
8401,287,1,0.328125,-1.328125,0.0
8402,287,1,0.625,-1.453125,1.0
8403,287,0,0.671875,0.359375,0.0
8404,287,0,-0.640625,-0.046875,0.0
8405,287,1,0.25,-0.375,1.0
8406,287,1,1.234375,-1.203125,0.0
8407,287,1,-1.375,-0.765625,1.0
8408,287,0,-1.609375,0.078125,1.0
8409,287,1,-1.359375,0.515625,0.0
8410,287,0,-0.515625,-1.234375,0.0
8411,287,1,0.140625,0.65625,1.0
8412,287,0,-0.65625,-1.109375,0.0
8413,287,0,0.765625,-0.234375,0.0
8414,287,1,1.8125,1.109375,0.0
8415,287,1,-0.234375,-0.03125,1.0
8416,287,0,0.109375,2.6875,1.0
8417,287,0,-1.21875,-1.140625,0.0
8418,287,1,0.59375,-0.234375,1.0
8419,287,0,-0.703125,-0.59375,0.0
8420,287,0,0.328125,1.34375,0.0
8421,288,0,-0.21875,-1.015625,0.0
8422,288,1,1.078125,-1.625,1.0
8423,288,1,-0.890625,-0.078125,0.0
8424,288,1,-0.53125,-1.6875,1.0
8425,288,1,-1.09375,-0.578125,0.0
8426,288,0,0.484375,-1.21875,0.0
8427,288,1,0.328125,-2.375,0.0
8428,288,0,-1.359375,-0.515625,0.0
8429,288,0,-0.328125,0.734375,0.0
8430,288,1,0.59375,-0.953125,1.0
8431,288,0,-1.03125,-2.203125,0.0
8432,288,1,1.765625,0.53125,0.0
8433,288,0,0.8125,0.625,0.0
8434,288,0,1.5625,1.21875,0.0
8435,288,0,0.78125,0.21875,0.0
8436,288,1,0.765625,0.890625,0.0
8437,288,0,-1.140625,-0.984375,0.0
8438,288,1,2.0625,-0.90625,0.0
8439,288,1,-0.546875,-0.765625,1.0
8440,288,0,-0.90625,-1.71875,1.0
8441,288,1,0.046875,-0.671875,0.0
8442,288,1,1.328125,-0.625,0.0
8443,288,1,-1.296875,-0.09375,1.0
8444,288,1,-0.09375,-2.171875,0.0
8445,288,0,-0.890625,-1.0,0.0
8446,288,0,0.59375,1.84375,0.0
8447,288,1,0.234375,-0.171875,1.0
8448,289,0,-0.875,-1.25,0.0
8449,289,0,0.390625,0.296875,1.0
8450,289,0,-0.5,-0.59375,0.0
8451,289,1,-0.71875,-0.421875,1.0
8452,289,0,-0.609375,-0.828125,0.0
8453,289,0,-1.265625,-0.5625,0.0
8454,289,0,0.75,-0.15625,0.0
8455,289,0,-0.390625,0.0,0.0
8456,289,0,-0.046875,-0.4375,0.0
8457,289,0,0.453125,0.15625,0.0
8458,289,0,-0.875,1.421875,0.0
8459,289,0,1.453125,-1.140625,0.0
8460,289,1,-0.5,-0.296875,1.0
8461,289,1,-1.03125,0.6875,0.0
8462,289,1,0.359375,-0.046875,1.0
8463,289,1,-0.421875,-1.40625,1.0
8464,289,0,-2.765625,0.203125,1.0
8465,289,1,1.140625,-2.46875,0.0
8466,289,1,0.203125,-0.171875,0.0
8467,289,1,0.125,-0.703125,0.0
8468,289,0,-1.046875,-0.171875,0.0
8469,289,1,2.296875,-0.140625,0.0
8470,289,1,-1.609375,-1.0625,1.0
8471,289,1,-0.515625,0.578125,1.0
8472,289,0,-0.84375,0.09375,0.0
8473,289,1,1.390625,-0.65625,1.0
8474,289,0,0.359375,-1.125,1.0
8475,289,1,0.203125,-1.34375,1.0
8476,290,1,-0.4375,-1.53125,0.0
8477,290,0,-1.015625,0.109375,1.0
8478,290,1,0.6875,0.125,0.0
8479,290,1,1.140625,0.265625,1.0
8480,290,0,-0.421875,1.171875,0.0
8481,290,1,0.53125,0.25,1.0
8482,290,0,-0.796875,-0.09375,0.0
8483,290,1,-0.59375,1.84375,1.0
8484,290,1,-0.25,0.0,0.0
8485,290,1,-1.171875,-0.125,1.0
8486,290,0,-1.015625,-1.40625,0.0
8487,290,0,0.078125,-0.453125,0.0
8488,290,0,0.53125,1.1875,0.0
8489,290,0,-0.8125,-0.703125,0.0
8490,290,0,0.53125,-0.65625,0.0
8491,290,1,1.0625,0.078125,1.0
8492,290,0,-1.953125,0.34375,0.0
8493,290,0,0.6875,-0.046875,0.0
8494,290,0,-0.265625,0.625,1.0
8495,290,0,-0.984375,-2.625,0.0
8496,290,1,-0.3125,-0.8125,0.0
8497,290,1,-0.71875,0.890625,1.0
8498,290,0,0.015625,0.59375,0.0
8499,290,0,0.09375,-1.234375,1.0
8500,290,1,0.90625,-0.046875,0.0
8501,290,0,0.140625,0.625,0.0
8502,290,0,0.203125,0.3125,1.0
8503,290,0,-0.21875,0.0625,1.0
8504,290,0,0.0625,-2.140625,0.0
8505,291,0,-0.953125,-0.453125,0.0
8506,291,0,0.03125,0.234375,1.0
8507,291,1,0.0625,-1.484375,0.0
8508,291,0,0.25,1.890625,0.0
8509,291,0,-0.5,-0.796875,0.0
8510,291,1,-1.875,-1.484375,1.0
8511,291,1,0.4375,-0.71875,1.0
8512,291,1,1.140625,-0.375,0.0
8513,291,1,-0.75,0.25,0.0
8514,291,0,0.859375,0.6875,1.0
8515,291,1,-1.0,-2.21875,0.0
8516,291,0,-0.8125,0.515625,1.0
8517,291,1,0.328125,-0.6875,0.0
8518,291,0,0.59375,-0.125,0.0
8519,291,1,0.796875,-0.03125,1.0
8520,291,0,0.671875,0.765625,0.0
8521,291,1,1.640625,-0.703125,0.0
8522,291,0,-0.4375,1.453125,0.0
8523,291,1,0.484375,1.265625,0.0
8524,291,0,0.625,0.390625,1.0
8525,291,1,1.515625,-0.84375,0.0
8526,291,0,0.171875,-0.046875,1.0
8527,291,0,-0.859375,-1.3125,0.0
8528,291,1,0.421875,-0.125,0.0
8529,291,1,1.15625,0.484375,0.0
8530,291,0,0.875,1.09375,1.0
8531,291,1,1.015625,-1.359375,1.0
8532,291,0,0.25,-1.578125,0.0
8533,291,1,-0.75,-2.296875,0.0
8534,291,1,-1.015625,-1.734375,1.0
8535,292,0,-1.015625,0.25,0.0
8536,292,0,0.3125,0.375,1.0
8537,292,1,-0.453125,-0.390625,1.0
8538,292,0,-0.546875,-0.640625,0.0
8539,292,1,1.296875,0.125,1.0
8540,292,1,-0.640625,0.078125,1.0
8541,292,0,1.0,-1.3125,0.0
8542,292,1,0.3125,-0.53125,1.0
8543,292,0,0.515625,0.3125,1.0
8544,292,0,-1.28125,-1.9375,0.0
8545,292,1,1.84375,1.84375,0.0
8546,292,0,-0.90625,1.09375,0.0
8547,292,1,0.359375,0.578125,0.0
8548,292,0,-1.0625,0.515625,1.0
8549,292,0,-3.140625,-0.203125,0.0
8550,292,0,-0.546875,-0.15625,0.0
8551,292,1,0.4375,0.234375,0.0
8552,292,0,0.703125,0.59375,0.0
8553,292,1,0.78125,-0.859375,0.0
8554,292,1,2.15625,1.46875,1.0
8555,292,1,-1.359375,-0.921875,1.0
8556,292,0,2.4375,-1.875,0.0
8557,292,0,-2.125,-2.671875,0.0
8558,292,1,-0.078125,0.03125,0.0
8559,292,0,-1.671875,0.546875,1.0
8560,292,1,-0.953125,0.15625,1.0
8561,292,0,-0.46875,-1.953125,0.0
8562,292,0,-0.171875,0.109375,1.0
8563,292,0,-0.484375,-0.234375,1.0
8564,292,1,-0.390625,-1.375,1.0
8565,292,0,1.078125,0.296875,1.0
8566,293,0,0.140625,-1.078125,0.0
8567,293,1,0.484375,-1.640625,0.0
8568,293,0,-1.078125,-1.96875,0.0
8569,293,0,-1.0625,0.09375,0.0
8570,293,0,0.171875,0.484375,0.0
8571,293,1,0.21875,0.203125,0.0
8572,293,1,1.875,-3.15625,1.0
8573,293,0,0.640625,0.578125,1.0
8574,293,1,0.421875,-0.5,1.0
8575,293,0,-0.203125,-0.75,0.0
8576,293,0,-1.546875,-0.375,1.0
8577,293,0,-1.140625,-1.625,0.0
8578,293,1,-0.859375,0.265625,1.0
8579,293,1,1.96875,-1.625,0.0
8580,293,0,-0.3125,0.9375,0.0
8581,293,0,0.6875,-0.9375,1.0
8582,293,1,0.71875,-2.0625,0.0
8583,293,0,1.234375,0.9375,1.0
8584,293,1,1.359375,-1.859375,1.0
8585,293,1,0.046875,-1.875,1.0
8586,293,1,-3.40625,0.5,1.0
8587,293,0,0.5,-0.71875,0.0
8588,293,1,-0.3125,-1.453125,0.0
8589,293,0,-0.046875,-2.328125,0.0
8590,293,0,-0.9375,-0.796875,1.0
8591,293,1,0.46875,-2.34375,1.0
8592,293,0,0.0625,-1.109375,1.0
8593,293,0,-0.046875,0.625,1.0
8594,293,0,-1.1875,0.140625,1.0
8595,293,1,0.453125,-1.171875,0.0
8596,293,1,0.1875,0.53125,0.0
8597,293,1,-1.265625,0.421875,1.0
8598,294,1,0.03125,0.3125,1.0
8599,294,1,1.5625,0.953125,0.0
8600,294,1,1.21875,-0.53125,0.0
8601,294,0,-0.609375,-0.859375,1.0
8602,294,0,0.21875,1.59375,0.0
8603,294,0,0.3125,0.734375,0.0
8604,294,0,0.84375,0.921875,0.0
8605,294,1,1.375,-0.984375,1.0
8606,294,1,-0.140625,0.6875,1.0
8607,294,1,-1.140625,-1.515625,1.0
8608,294,0,-1.03125,-0.234375,0.0
8609,294,1,-0.984375,-1.109375,1.0
8610,294,1,2.125,0.9375,1.0
8611,294,1,0.53125,-2.109375,0.0
8612,294,1,1.40625,0.171875,1.0
8613,294,0,0.578125,1.234375,1.0
8614,294,1,0.5625,0.71875,0.0
8615,294,0,-0.546875,-1.171875,0.0
8616,294,1,-1.1875,1.0,0.0
8617,294,0,-0.359375,-0.3125,1.0
8618,294,1,0.40625,-0.40625,0.0
8619,294,1,1.796875,-0.109375,0.0
8620,294,1,2.640625,-0.109375,1.0
8621,294,1,-1.1875,0.5625,1.0
8622,294,1,0.90625,-1.921875,0.0
8623,294,0,-0.0625,0.8125,0.0
8624,294,1,-0.5,-1.0625,1.0
8625,294,0,0.9375,0.234375,0.0
8626,294,0,0.234375,1.28125,0.0
8627,294,1,0.078125,0.296875,0.0
8628,294,0,-1.453125,-0.234375,0.0
8629,294,1,-0.671875,0.109375,0.0
8630,294,1,0.765625,-0.875,0.0
8631,295,0,-1.046875,-1.734375,0.0
8632,295,1,0.15625,-0.25,0.0
8633,295,1,0.171875,0.703125,1.0
8634,295,0,-0.015625,1.5625,0.0
8635,295,0,-0.90625,-0.125,1.0
8636,295,0,1.046875,-1.203125,0.0
8637,295,0,-0.390625,0.71875,0.0
8638,295,0,0.8125,0.546875,0.0
8639,295,1,-0.546875,-1.28125,0.0
8640,295,0,0.890625,-0.671875,1.0
8641,295,0,0.765625,-0.078125,0.0
8642,295,1,-0.4375,-1.75,0.0
8643,295,1,1.34375,1.3125,1.0
8644,295,0,-0.71875,0.4375,0.0
8645,295,1,0.0,-0.5625,0.0
8646,295,1,-0.015625,-0.21875,1.0
8647,295,0,-0.34375,0.515625,0.0
8648,295,1,-0.859375,-0.1875,1.0
8649,295,1,2.34375,-0.125,0.0
8650,295,0,-0.90625,0.6875,0.0
8651,295,1,-0.03125,0.828125,1.0
8652,295,1,-0.203125,0.53125,1.0
8653,295,0,-0.53125,1.328125,0.0
8654,295,0,0.640625,-1.9375,0.0
8655,295,1,0.859375,-0.0625,0.0
8656,295,1,-0.234375,-0.5625,1.0
8657,295,1,0.390625,-1.078125,0.0
8658,295,1,1.671875,-0.703125,0.0
8659,295,0,-0.625,-0.375,1.0
8660,295,1,1.0,-1.421875,0.0
8661,295,1,1.078125,-1.953125,1.0
8662,295,1,0.515625,-0.921875,1.0
8663,295,1,-1.171875,-1.421875,0.0
8664,295,1,0.828125,-1.296875,0.0
8665,296,0,-1.140625,-1.453125,1.0
8666,296,1,-0.484375,-2.59375,1.0
8667,296,0,-0.859375,0.484375,0.0
8668,296,1,0.984375,1.359375,1.0
8669,296,0,0.53125,-0.203125,1.0
8670,296,1,0.1875,-0.984375,0.0
8671,296,1,0.25,-0.8125,0.0
8672,296,1,-1.296875,0.09375,1.0
8673,296,1,-0.359375,0.171875,1.0
8674,296,0,0.046875,0.890625,0.0
8675,296,1,-0.625,0.21875,0.0
8676,296,1,1.984375,-1.28125,0.0
8677,296,1,-0.25,0.609375,0.0
8678,296,1,0.84375,-0.671875,0.0
8679,296,1,0.046875,-1.890625,0.0
8680,296,1,-0.328125,-0.703125,0.0
8681,296,1,1.78125,2.171875,0.0
8682,296,0,-1.203125,-1.078125,1.0
8683,296,1,-1.15625,0.84375,1.0
8684,296,1,1.59375,-0.078125,1.0
8685,296,1,-0.015625,-0.53125,0.0
8686,296,0,1.046875,-0.578125,1.0
8687,296,1,1.09375,0.765625,1.0
8688,296,1,0.734375,-2.171875,1.0
8689,296,0,0.375,-1.203125,0.0
8690,296,1,-0.09375,0.703125,0.0
8691,296,0,-0.609375,1.140625,0.0
8692,296,1,-1.75,0.65625,0.0
8693,296,1,0.109375,-0.3125,1.0
8694,296,1,0.53125,0.09375,0.0
8695,296,1,0.5625,0.34375,0.0
8696,296,1,-0.1875,1.59375,1.0
8697,296,1,-1.296875,0.65625,0.0
8698,296,0,-1.328125,1.15625,0.0
8699,296,1,1.390625,0.578125,1.0
8700,297,0,0.671875,0.53125,1.0
8701,297,0,1.484375,-0.21875,0.0
8702,297,1,-0.53125,-1.703125,0.0
8703,297,1,1.40625,-2.25,1.0
8704,297,0,1.0625,-1.40625,0.0
8705,297,1,-0.015625,-1.15625,1.0
8706,297,0,1.171875,0.0,0.0
8707,297,1,0.921875,0.25,1.0
8708,297,0,-0.59375,0.03125,1.0
8709,297,0,-0.15625,1.046875,0.0
8710,297,0,-1.6875,-0.8125,0.0
8711,297,1,0.765625,0.28125,0.0
8712,297,1,1.53125,-0.015625,0.0
8713,297,1,-1.21875,0.625,0.0
8714,297,0,-0.25,0.25,1.0
8715,297,0,-0.71875,-0.09375,0.0
8716,297,1,-0.796875,-0.46875,0.0
8717,297,1,1.625,-1.0625,0.0
8718,297,0,-1.375,-0.234375,0.0
8719,297,1,-2.046875,-0.4375,1.0
8720,297,1,-0.71875,-0.34375,0.0
8721,297,1,1.0625,-1.015625,0.0
8722,297,1,0.421875,0.125,1.0
8723,297,1,1.0,0.109375,0.0
8724,297,0,-0.296875,0.28125,0.0
8725,297,0,-1.046875,0.265625,0.0
8726,297,1,-0.015625,-1.40625,0.0
8727,297,1,-0.515625,0.953125,0.0
8728,297,1,-0.203125,0.171875,1.0
8729,297,1,-0.15625,0.09375,1.0
8730,297,0,0.765625,-0.03125,1.0
8731,297,0,0.40625,1.765625,0.0
8732,297,1,-0.796875,0.4375,0.0
8733,297,1,-1.09375,0.8125,0.0
8734,297,1,0.78125,0.609375,1.0
8735,297,0,0.5,1.203125,1.0
8736,298,1,1.578125,-0.296875,0.0
8737,298,1,0.78125,1.453125,1.0
8738,298,0,-2.046875,-0.6875,0.0
8739,298,1,-1.0,-1.21875,1.0
8740,298,1,2.375,-0.171875,1.0
8741,298,1,-0.765625,-1.90625,1.0
8742,298,1,0.703125,0.0625,1.0
8743,298,1,1.78125,0.625,0.0
8744,298,0,0.9375,-0.703125,0.0
8745,298,1,2.59375,-1.25,0.0
8746,298,0,1.109375,0.78125,0.0
8747,298,0,0.15625,0.921875,0.0
8748,298,1,1.296875,-1.109375,1.0
8749,298,1,0.265625,0.65625,1.0
8750,298,0,-0.15625,-1.4375,0.0
8751,298,1,0.390625,-0.03125,0.0
8752,298,1,0.640625,-1.4375,0.0
8753,298,0,0.65625,0.71875,1.0
8754,298,0,0.21875,0.375,0.0
8755,298,0,-1.90625,-0.21875,1.0
8756,298,1,-0.390625,-0.25,0.0
8757,298,0,0.15625,0.234375,0.0
8758,298,1,0.796875,-0.359375,1.0
8759,298,1,1.8125,1.5,1.0
8760,298,1,0.0625,0.6875,0.0
8761,298,0,1.390625,0.1875,1.0
8762,298,1,-0.546875,0.578125,1.0
8763,298,1,0.15625,-1.296875,0.0
8764,298,1,0.015625,-1.71875,1.0
8765,298,0,0.03125,0.359375,0.0
8766,298,0,-0.03125,-0.390625,1.0
8767,298,1,0.75,0.3125,0.0
8768,298,0,0.15625,0.296875,1.0
8769,298,1,-0.796875,-1.625,0.0
8770,298,0,0.703125,-1.6875,1.0
8771,298,0,-1.328125,1.265625,0.0
8772,298,1,-0.3125,0.453125,1.0
8773,299,0,0.03125,-1.28125,0.0
8774,299,0,0.625,-0.046875,0.0
8775,299,0,-0.1875,-0.09375,0.0
8776,299,0,0.03125,-0.40625,0.0
8777,299,0,-0.953125,-0.375,0.0
8778,299,0,-1.03125,-2.046875,0.0
8779,299,1,-1.390625,1.671875,0.0
8780,299,1,0.25,-1.078125,0.0
8781,299,0,-2.65625,0.234375,0.0
8782,299,1,-0.765625,-0.5625,1.0
8783,299,1,1.140625,0.125,0.0
8784,299,0,-0.90625,-2.078125,0.0
8785,299,0,-1.546875,-1.125,1.0
8786,299,0,-1.25,-0.1875,0.0
8787,299,0,-0.515625,-1.640625,0.0
8788,299,1,-0.765625,-0.296875,1.0
8789,299,0,-0.375,-0.390625,1.0
8790,299,0,-0.296875,-0.125,0.0
8791,299,1,1.390625,-0.4375,1.0
8792,299,1,-0.5,-1.3125,1.0
8793,299,0,0.03125,-1.359375,0.0
8794,299,0,-0.84375,1.484375,0.0
8795,299,1,-0.15625,-0.90625,1.0
8796,299,0,-0.40625,0.3125,0.0
8797,299,1,0.71875,-1.875,1.0
8798,299,1,-1.671875,-1.828125,1.0
8799,299,0,-0.265625,-1.765625,0.0
8800,299,0,-0.59375,-1.21875,0.0
8801,299,0,0.140625,0.578125,0.0
8802,299,0,0.9375,0.328125,0.0
8803,299,1,-0.328125,-3.625,1.0
8804,299,0,0.734375,-0.046875,1.0
8805,299,0,0.703125,-0.625,0.0
8806,299,1,0.75,-1.421875,1.0
8807,299,0,-0.796875,-0.859375,0.0
8808,299,0,1.1875,-1.9375,0.0
8809,299,0,1.703125,-2.015625,0.0
8810,299,1,1.015625,-0.265625,1.0
8811,300,0,-2.78125,-0.78125,0.0
8812,300,1,0.0625,-0.359375,1.0
8813,300,0,0.09375,0.03125,0.0
8814,300,1,0.984375,-0.96875,1.0
8815,300,1,-0.40625,0.53125,0.0
8816,300,0,-1.125,0.5625,0.0
8817,300,0,0.53125,0.546875,0.0
8818,300,1,0.28125,0.9375,0.0
8819,300,0,0.921875,-0.28125,0.0
8820,300,1,2.21875,0.109375,0.0
8821,300,0,-0.34375,1.3125,0.0
8822,300,1,-0.90625,-1.578125,0.0
8823,300,0,0.59375,0.84375,0.0
8824,300,0,2.90625,-0.21875,0.0
8825,300,1,-0.59375,0.234375,1.0
8826,300,0,-0.71875,1.421875,1.0
8827,300,0,-0.9375,0.296875,0.0
8828,300,0,-0.140625,-1.03125,1.0
8829,300,0,-0.328125,0.484375,0.0
8830,300,0,0.515625,-0.390625,0.0
8831,300,1,-0.640625,-0.515625,1.0
8832,300,0,-1.578125,1.890625,0.0
8833,300,1,1.09375,-0.875,1.0
8834,300,1,0.671875,1.75,0.0
8835,300,0,-1.171875,0.515625,0.0
8836,300,1,0.5625,-1.046875,1.0
8837,300,0,1.15625,-0.6875,1.0
8838,300,0,-0.09375,0.0625,0.0
8839,300,0,-0.625,-0.109375,0.0
8840,300,0,-0.21875,-0.75,0.0
8841,300,1,0.390625,0.484375,0.0
8842,300,0,-0.5625,1.078125,0.0
8843,300,0,-0.921875,-1.40625,1.0
8844,300,1,0.5,2.09375,0.0
8845,300,1,0.5,-1.15625,1.0
8846,300,1,-1.640625,0.46875,0.0
8847,300,0,-0.828125,0.1875,0.0
8848,300,1,1.109375,-0.046875,0.0
8849,300,1,0.359375,-0.40625,0.0
8850,301,0,0.109375,-0.328125,0.0
8851,301,0,-1.796875,-0.234375,0.0
8852,301,0,-0.375,-0.09375,0.0
8853,301,1,0.59375,0.125,0.0
8854,301,0,-0.71875,0.453125,0.0
8855,301,1,-1.21875,0.046875,0.0
8856,301,0,0.578125,1.421875,0.0
8857,301,1,-0.234375,0.03125,0.0
8858,301,1,-0.59375,-1.625,1.0
8859,301,0,-0.296875,-1.5625,1.0
8860,301,0,-0.828125,0.265625,1.0
8861,301,1,1.21875,0.796875,0.0
8862,301,1,-0.515625,-0.125,0.0
8863,301,0,-2.609375,-0.734375,1.0
8864,301,1,1.5,1.46875,1.0
8865,301,1,-1.09375,-0.25,0.0
8866,301,0,0.609375,-0.234375,0.0
8867,301,1,-0.359375,-2.234375,1.0
8868,301,1,1.453125,1.328125,0.0
8869,301,1,-0.90625,0.046875,1.0
8870,302,0,-1.578125,0.9375,0.0
8871,302,1,-0.390625,-0.4375,0.0
8872,302,1,-0.03125,-1.328125,1.0
8873,302,1,0.421875,0.375,1.0
8874,302,1,0.5,0.46875,1.0
8875,302,1,-0.140625,-0.84375,0.0
8876,302,1,-1.046875,-0.484375,1.0
8877,302,1,-0.359375,0.046875,0.0
8878,302,1,0.53125,-1.296875,1.0
8879,302,1,0.859375,-0.875,1.0
8880,302,1,-0.09375,0.5,1.0
8881,302,1,0.203125,-0.375,1.0
8882,302,0,0.28125,-1.5625,0.0
8883,302,0,1.09375,0.125,1.0
8884,302,1,1.15625,-0.28125,0.0
8885,302,0,0.015625,-1.359375,0.0
8886,302,0,-0.5625,0.671875,0.0
8887,302,0,0.40625,0.640625,1.0
8888,302,0,-0.28125,0.671875,0.0
8889,302,1,-1.828125,0.328125,1.0
8890,302,1,0.0625,0.4375,0.0
8891,303,0,-0.40625,0.59375,1.0
8892,303,1,-0.90625,0.109375,1.0
8893,303,1,-0.171875,-0.921875,1.0
8894,303,0,2.390625,0.6875,1.0
8895,303,1,0.921875,0.265625,1.0
8896,303,1,0.125,-0.53125,0.0
8897,303,0,-0.609375,-1.6875,1.0
8898,303,1,0.515625,0.515625,0.0
8899,303,0,-0.984375,0.6875,0.0
8900,303,1,0.28125,1.015625,1.0
8901,303,0,-1.15625,1.796875,0.0
8902,303,0,0.28125,0.703125,0.0
8903,303,1,-0.171875,0.453125,1.0
8904,303,0,-1.203125,-0.15625,1.0
8905,303,1,-1.03125,0.4375,0.0
8906,303,1,-0.375,-1.5625,1.0
8907,303,1,1.203125,-0.609375,0.0
8908,303,1,0.921875,0.1875,0.0
8909,303,0,-1.5,0.40625,1.0
8910,303,1,-0.5625,0.125,0.0
8911,303,1,-0.375,0.875,1.0
8912,303,0,0.375,-1.359375,0.0
8913,304,1,-0.78125,-2.03125,1.0
8914,304,1,0.90625,0.125,1.0
8915,304,1,2.078125,1.046875,1.0
8916,304,1,-1.0625,-0.265625,1.0
8917,304,1,-1.046875,0.21875,1.0
8918,304,0,-1.078125,-1.5625,0.0
8919,304,0,-0.953125,1.75,0.0
8920,304,1,1.859375,0.734375,1.0
8921,304,1,0.828125,-1.4375,0.0
8922,304,1,0.53125,-1.25,1.0
8923,304,1,0.765625,0.59375,1.0
8924,304,0,-0.890625,0.265625,0.0
8925,304,0,0.640625,1.015625,0.0
8926,304,0,0.296875,-0.796875,0.0
8927,304,1,-0.671875,1.9375,0.0
8928,304,1,1.09375,1.921875,1.0
8929,304,1,0.984375,-0.953125,0.0
8930,304,1,1.015625,-0.375,1.0
8931,304,0,-0.015625,-0.796875,1.0
8932,304,1,-0.390625,-0.0625,1.0
8933,304,0,1.3125,2.859375,1.0
8934,304,0,-0.015625,-0.03125,0.0
8935,304,0,-1.0,-0.5,0.0
8936,305,0,0.0625,0.125,1.0
8937,305,1,-0.625,-0.6875,1.0
8938,305,0,-1.359375,-1.390625,1.0
8939,305,0,-0.1875,1.671875,0.0
8940,305,1,1.46875,-0.015625,0.0
8941,305,0,-0.3125,0.96875,1.0
8942,305,1,-0.6875,-0.046875,0.0
8943,305,0,-0.90625,-0.578125,0.0
8944,305,0,0.3125,0.75,0.0
8945,305,1,0.0625,0.8125,1.0
8946,305,1,-1.484375,0.21875,1.0
8947,305,0,0.59375,-0.796875,0.0
8948,305,0,1.328125,-0.625,0.0
8949,305,1,-1.3125,1.9375,1.0
8950,305,1,0.125,0.359375,1.0
8951,305,0,0.328125,1.3125,0.0
8952,305,1,1.578125,-0.1875,0.0
8953,305,0,1.40625,-1.21875,0.0
8954,305,0,0.5,0.296875,0.0
8955,305,0,0.0,0.921875,1.0
8956,305,1,1.0,-0.109375,1.0
8957,305,0,-1.171875,-0.34375,1.0
8958,305,0,1.28125,-0.125,0.0
8959,305,0,0.15625,-0.640625,0.0
8960,306,0,-0.859375,1.203125,0.0
8961,306,1,-1.8125,-1.671875,1.0
8962,306,0,-3.59375,0.71875,0.0
8963,306,0,0.03125,-0.234375,1.0
8964,306,0,-0.9375,1.140625,0.0
8965,306,1,0.828125,-1.953125,0.0
8966,306,1,1.6875,-0.859375,1.0
8967,306,0,-0.421875,-0.109375,0.0
8968,306,0,-0.359375,-0.9375,0.0
8969,306,0,-0.59375,1.109375,0.0
8970,306,1,0.453125,0.078125,1.0
8971,306,1,1.96875,0.109375,1.0
8972,306,1,0.453125,-0.21875,0.0
8973,306,1,0.34375,0.078125,0.0
8974,306,0,0.296875,1.40625,1.0
8975,306,0,-1.484375,-0.25,1.0
8976,306,0,-1.8125,3.234375,1.0
8977,306,0,0.6875,-1.234375,1.0
8978,306,0,-0.59375,-0.21875,0.0
8979,306,0,1.640625,0.640625,0.0
8980,306,1,-1.03125,-0.0625,1.0
8981,306,1,0.453125,0.859375,1.0
8982,306,0,-1.71875,-0.140625,1.0
8983,306,1,-0.375,0.46875,0.0
8984,306,1,1.796875,-1.265625,0.0
8985,307,1,-0.140625,0.78125,1.0
8986,307,0,-1.234375,0.46875,0.0
8987,307,0,0.1875,-1.671875,1.0
8988,307,0,1.375,0.203125,1.0
8989,307,1,-2.375,0.078125,0.0
8990,307,1,-1.8125,0.328125,0.0
8991,307,0,-0.671875,-0.15625,0.0
8992,307,1,0.234375,0.046875,0.0
8993,307,0,-2.515625,0.359375,0.0
8994,307,1,0.765625,0.5625,0.0
8995,307,0,0.34375,1.59375,0.0
8996,307,1,0.15625,-0.890625,0.0
8997,307,1,-1.015625,-0.234375,0.0
8998,307,1,1.453125,0.75,1.0
8999,307,1,-0.296875,-0.75,1.0
9000,307,1,-0.046875,-0.296875,1.0
9001,307,1,0.609375,-0.15625,0.0
9002,307,0,1.359375,0.796875,0.0
9003,307,0,-1.78125,0.078125,0.0
9004,307,0,-1.0,1.640625,0.0
9005,307,0,-0.8125,1.265625,0.0
9006,307,0,-1.078125,1.609375,1.0
9007,307,1,-0.4375,1.03125,1.0
9008,307,0,-0.03125,1.546875,0.0
9009,307,1,0.328125,0.0625,1.0
9010,307,0,1.25,-0.015625,0.0
9011,308,1,1.046875,-0.515625,0.0
9012,308,0,0.484375,0.28125,0.0
9013,308,1,-1.140625,0.921875,0.0
9014,308,0,-1.21875,-0.515625,0.0
9015,308,0,-1.125,0.03125,0.0
9016,308,1,1.421875,0.5,0.0
9017,308,0,-1.125,0.21875,1.0
9018,308,0,-0.1875,-0.953125,0.0
9019,308,1,-0.015625,-0.921875,0.0
9020,308,1,0.09375,-0.015625,1.0
9021,308,1,0.234375,0.265625,0.0
9022,308,0,-0.28125,-0.828125,1.0
9023,308,1,0.109375,-0.296875,0.0
9024,308,1,-0.71875,-0.609375,0.0
9025,308,1,-0.09375,-0.4375,1.0
9026,308,0,0.75,-1.890625,0.0
9027,308,0,-0.546875,-0.1875,1.0
9028,308,0,2.140625,0.828125,0.0
9029,308,0,-0.328125,-0.578125,1.0
9030,308,0,0.078125,-0.25,0.0
9031,308,0,-1.671875,-0.546875,0.0
9032,308,0,0.90625,1.3125,0.0
9033,308,0,0.234375,0.171875,0.0
9034,308,1,-0.734375,0.671875,0.0
9035,308,1,0.421875,0.875,0.0
9036,308,0,-0.59375,-1.328125,1.0
9037,308,0,-1.234375,-1.59375,0.0
9038,309,0,0.328125,-1.59375,0.0
9039,309,0,-1.109375,0.65625,1.0
9040,309,0,0.484375,-0.390625,0.0
9041,309,0,0.65625,-2.359375,1.0
9042,309,1,-0.515625,-1.171875,1.0
9043,309,0,2.390625,0.484375,1.0
9044,309,0,-0.484375,-1.671875,0.0
9045,309,0,-0.015625,-1.84375,0.0
9046,309,0,-1.953125,-0.5625,0.0
9047,309,1,-0.21875,-0.28125,1.0
9048,309,1,0.953125,-1.53125,0.0
9049,309,0,-0.125,-0.15625,0.0
9050,309,0,-0.28125,0.84375,1.0
9051,309,0,-0.765625,-2.078125,0.0
9052,309,0,1.21875,-1.28125,1.0
9053,309,1,0.9375,-0.625,1.0
9054,309,0,-1.328125,0.28125,0.0
9055,309,0,-0.171875,-0.3125,0.0
9056,309,1,-0.65625,-0.703125,0.0
9057,309,0,-0.734375,-0.25,0.0
9058,309,1,2.4375,0.8125,0.0
9059,309,0,-1.71875,-0.265625,1.0
9060,309,0,-0.1875,-2.375,0.0
9061,309,0,-0.265625,-1.265625,0.0
9062,309,1,0.0625,-2.140625,0.0
9063,309,0,-0.8125,1.71875,1.0
9064,309,1,2.046875,0.28125,0.0
9065,309,1,0.6875,-0.4375,1.0
9066,310,0,-0.3125,0.9375,0.0
9067,310,1,0.21875,-2.140625,1.0
9068,310,1,0.953125,-0.1875,1.0
9069,310,0,-0.140625,1.015625,0.0
9070,310,1,0.171875,0.46875,1.0
9071,310,0,-2.0625,-0.21875,0.0
9072,310,1,-0.125,2.78125,0.0
9073,310,1,1.953125,0.046875,0.0
9074,310,1,-0.4375,-0.03125,1.0
9075,310,0,0.421875,2.40625,0.0
9076,310,0,0.421875,1.109375,0.0
9077,310,0,-0.734375,-0.171875,0.0
9078,310,0,0.71875,0.84375,0.0
9079,310,0,-0.921875,-1.34375,0.0
9080,310,1,-0.671875,-0.421875,0.0
9081,310,0,0.515625,0.46875,0.0
9082,310,0,-0.671875,0.453125,0.0
9083,310,1,-0.5625,0.046875,1.0
9084,310,1,0.578125,0.015625,0.0
9085,310,1,-0.3125,-0.953125,1.0
9086,310,0,0.78125,-0.5625,0.0
9087,310,1,0.53125,-0.90625,1.0
9088,310,0,-0.765625,-0.625,0.0
9089,310,0,-0.703125,1.203125,1.0
9090,310,0,0.421875,-0.6875,1.0
9091,310,0,-0.421875,1.3125,0.0
9092,310,1,0.34375,1.109375,1.0
9093,310,1,0.90625,-1.734375,0.0
9094,310,1,1.09375,1.90625,0.0
9095,311,0,-0.296875,-0.5,1.0
9096,311,0,-0.09375,0.796875,0.0
9097,311,1,1.140625,-0.984375,0.0
9098,311,0,0.078125,0.875,1.0
9099,311,1,-0.28125,-1.34375,0.0
9100,311,0,0.328125,0.15625,1.0
9101,311,0,-0.421875,0.265625,1.0
9102,311,1,-0.796875,-0.703125,1.0
9103,311,1,0.453125,0.21875,0.0
9104,311,0,1.34375,-0.84375,0.0
9105,311,0,-2.015625,-1.5,0.0
9106,311,0,-1.140625,1.265625,0.0
9107,311,0,0.3125,-0.109375,0.0
9108,311,0,-1.390625,0.421875,0.0
9109,311,1,-0.671875,-0.328125,1.0
9110,311,0,-1.265625,-1.5,0.0
9111,311,0,1.078125,-0.25,0.0
9112,311,0,0.96875,-0.59375,0.0
9113,311,0,-0.4375,-0.25,1.0
9114,311,1,0.453125,1.671875,1.0
9115,311,1,0.375,0.609375,1.0
9116,311,0,-0.15625,-0.859375,0.0
9117,311,0,0.875,-1.203125,1.0
9118,311,1,1.78125,-0.03125,0.0
9119,311,1,1.0,-1.71875,1.0
9120,311,0,2.046875,1.78125,0.0
9121,311,1,-0.296875,-0.1875,1.0
9122,311,1,-0.453125,0.484375,1.0
9123,311,0,-0.390625,1.484375,0.0
9124,311,0,-0.3125,-1.5625,0.0
9125,312,1,0.40625,-1.453125,0.0
9126,312,1,1.578125,-0.578125,0.0
9127,312,1,0.46875,0.15625,0.0
9128,312,1,-1.9375,-0.25,1.0
9129,312,1,1.046875,-0.015625,1.0
9130,312,1,2.28125,0.140625,1.0
9131,312,1,-0.71875,-0.25,0.0
9132,312,1,1.6875,-1.4375,0.0
9133,312,0,-0.59375,-1.03125,1.0
9134,312,1,-1.234375,1.015625,0.0
9135,312,1,1.328125,-1.609375,1.0
9136,312,0,1.125,2.265625,0.0
9137,312,1,0.53125,-1.078125,0.0
9138,312,0,0.203125,1.28125,0.0
9139,312,1,-0.203125,-1.515625,0.0
9140,312,0,0.703125,-0.140625,0.0
9141,312,0,-2.078125,-0.203125,1.0
9142,312,1,-0.375,-1.796875,1.0
9143,312,0,-1.234375,0.171875,1.0
9144,312,0,-0.75,-0.6875,0.0
9145,312,1,-0.28125,-1.015625,1.0
9146,312,1,-0.5625,-0.203125,1.0
9147,312,0,-0.4375,-0.140625,0.0
9148,312,1,1.234375,0.609375,0.0
9149,312,1,-0.765625,0.09375,1.0
9150,312,1,-0.015625,-1.171875,0.0
9151,312,0,-0.34375,-0.390625,0.0
9152,312,0,-1.453125,1.015625,0.0
9153,312,0,0.703125,0.796875,0.0
9154,312,1,0.53125,1.1875,0.0
9155,312,0,-0.5625,0.046875,1.0
9156,313,0,-0.578125,0.578125,0.0
9157,313,0,1.375,1.203125,0.0
9158,313,1,0.140625,-1.84375,1.0
9159,313,1,0.3125,0.296875,0.0
9160,313,1,-0.5625,1.078125,0.0
9161,313,1,0.59375,1.40625,1.0
9162,313,1,-0.96875,-1.84375,0.0
9163,313,0,-0.953125,0.328125,1.0
9164,313,1,0.921875,-1.15625,1.0
9165,313,1,0.5,1.59375,0.0
9166,313,0,-0.171875,2.484375,0.0
9167,313,1,-0.015625,0.96875,1.0
9168,313,0,-0.671875,-1.78125,0.0
9169,313,1,0.671875,0.0,0.0
9170,313,0,-2.421875,1.578125,0.0
9171,313,1,-0.984375,-0.59375,1.0
9172,313,1,0.4375,0.5,0.0
9173,313,0,0.734375,0.953125,0.0
9174,313,0,-0.3125,0.875,0.0
9175,313,0,0.0,0.84375,1.0
9176,313,0,-1.109375,0.53125,1.0
9177,313,1,-0.203125,0.671875,0.0
9178,313,1,0.8125,0.078125,1.0
9179,313,1,-0.46875,0.765625,0.0
9180,313,1,-0.109375,0.4375,0.0
9181,313,1,0.328125,-0.703125,1.0
9182,313,0,1.65625,-0.921875,1.0
9183,313,0,-0.796875,-0.109375,0.0
9184,313,0,-0.015625,1.65625,0.0
9185,313,0,0.5625,0.140625,0.0
9186,313,1,0.859375,1.015625,0.0
9187,313,1,-0.546875,-0.90625,1.0
9188,314,1,0.765625,0.25,0.0
9189,314,1,0.796875,-0.40625,1.0
9190,314,0,-1.3125,-1.1875,0.0
9191,314,1,0.671875,-0.015625,0.0
9192,314,0,-2.53125,0.140625,0.0
9193,314,1,0.015625,-0.640625,0.0
9194,314,1,1.5,-0.390625,1.0
9195,314,0,-0.46875,-0.53125,0.0
9196,314,0,-0.234375,0.0,1.0
9197,314,0,-2.8125,-1.265625,1.0
9198,314,1,-0.96875,0.65625,0.0
9199,314,1,1.0625,-0.171875,1.0
9200,314,0,-0.328125,-0.984375,0.0
9201,314,0,-1.28125,0.625,0.0
9202,314,0,-0.046875,-0.046875,0.0
9203,314,1,2.140625,0.921875,0.0
9204,314,0,-2.75,-1.546875,1.0
9205,314,1,-0.578125,0.671875,1.0
9206,314,1,-0.421875,-1.5625,0.0
9207,314,0,-0.3125,0.53125,0.0
9208,314,0,-0.71875,-0.65625,0.0
9209,314,1,-0.390625,-0.765625,1.0
9210,314,1,0.84375,0.578125,0.0
9211,314,1,-0.375,0.421875,0.0
9212,314,0,-0.796875,-2.09375,0.0
9213,314,0,-0.171875,-0.21875,0.0
9214,314,1,1.421875,1.296875,1.0
9215,314,0,-0.8125,0.125,0.0
9216,314,1,-0.34375,0.609375,0.0
9217,314,1,-0.609375,0.125,1.0
9218,314,0,0.71875,-0.578125,0.0
9219,314,1,-0.625,-1.046875,1.0
9220,314,0,-0.515625,-0.46875,0.0
9221,315,1,0.59375,-1.34375,1.0
9222,315,0,-1.296875,-1.296875,0.0
9223,315,0,-0.015625,-0.265625,0.0
9224,315,0,-0.15625,2.078125,0.0
9225,315,1,0.953125,-0.703125,1.0
9226,315,1,-0.9375,-0.28125,0.0
9227,315,1,0.421875,-0.125,0.0
9228,315,0,1.21875,-0.84375,0.0
9229,315,0,0.78125,1.21875,1.0
9230,315,1,-0.234375,0.109375,0.0
9231,315,0,1.515625,-0.109375,0.0
9232,315,0,0.734375,-1.328125,0.0
9233,315,0,0.671875,-1.203125,0.0
9234,315,1,-0.671875,-0.5625,0.0
9235,315,1,-1.609375,-1.75,1.0
9236,315,1,2.015625,0.765625,0.0
9237,315,1,-0.46875,-0.921875,1.0
9238,315,1,-0.65625,-3.203125,1.0
9239,315,0,-0.5625,-1.109375,1.0
9240,315,0,-1.171875,-0.3125,1.0
9241,315,0,0.515625,-0.453125,0.0
9242,315,0,-1.5,1.40625,1.0
9243,315,0,0.265625,0.15625,1.0
9244,315,1,0.375,0.953125,1.0
9245,315,0,-0.5,-1.0,0.0
9246,315,0,-1.234375,-1.3125,1.0
9247,315,1,0.640625,-1.828125,1.0
9248,315,1,-0.78125,-2.265625,1.0
9249,315,1,-0.609375,1.15625,1.0
9250,315,0,0.234375,0.15625,0.0
9251,315,1,-1.25,-0.65625,0.0
9252,315,1,0.6875,-0.4375,0.0
9253,315,1,-0.40625,-2.03125,0.0
9254,315,1,0.53125,-2.296875,0.0
9255,316,1,-1.4375,-1.78125,1.0
9256,316,0,-1.46875,1.3125,0.0
9257,316,0,0.5625,-0.3125,1.0
9258,316,1,1.140625,-1.46875,0.0
9259,316,0,1.09375,-1.78125,0.0
9260,316,1,-0.265625,-2.25,1.0
9261,316,0,0.015625,0.15625,0.0
9262,316,1,0.421875,-1.265625,1.0
9263,316,1,-0.515625,-2.65625,1.0
9264,316,0,-0.328125,1.34375,1.0
9265,316,1,-2.0,0.4375,1.0
9266,316,1,0.125,-1.375,0.0
9267,316,0,1.0625,-1.96875,0.0
9268,316,1,1.3125,-1.484375,0.0
9269,316,0,0.140625,-0.609375,1.0
9270,316,0,0.65625,-1.640625,1.0
9271,316,1,0.4375,0.359375,1.0
9272,316,1,-0.21875,-1.453125,1.0
9273,316,1,-1.09375,-1.515625,0.0
9274,316,0,-1.546875,-0.796875,0.0
9275,316,0,-0.203125,0.015625,0.0
9276,316,0,-0.125,-1.125,0.0
9277,316,1,0.375,0.25,0.0
9278,316,0,-1.40625,0.078125,0.0
9279,316,0,0.40625,-0.890625,0.0
9280,316,1,1.234375,-1.0625,0.0
9281,316,0,-0.546875,-0.203125,1.0
9282,316,0,-0.546875,0.046875,0.0
9283,316,0,-0.09375,0.34375,1.0
9284,316,0,-1.859375,-0.59375,0.0
9285,316,0,1.671875,-0.890625,0.0
9286,316,0,0.0625,-0.421875,0.0
9287,316,1,1.09375,-1.34375,1.0
9288,316,1,1.359375,-1.59375,1.0
9289,316,0,-0.515625,-2.234375,0.0
9290,317,0,1.15625,-0.84375,0.0
9291,317,0,1.484375,0.1875,0.0
9292,317,1,0.015625,-0.03125,1.0
9293,317,0,-0.109375,-0.9375,0.0
9294,317,1,0.6875,-1.75,0.0
9295,317,0,0.625,0.5625,0.0
9296,317,1,2.5,0.53125,0.0
9297,317,0,1.484375,-2.71875,0.0
9298,317,0,-0.234375,0.0,1.0
9299,317,1,0.125,-0.296875,0.0
9300,317,0,1.734375,0.265625,1.0
9301,317,0,-2.3125,-1.765625,0.0
9302,317,0,0.5625,-2.078125,0.0
9303,317,0,-0.15625,0.046875,0.0
9304,317,0,-0.578125,-0.4375,0.0
9305,317,0,-1.109375,0.15625,1.0
9306,317,0,0.25,-1.71875,1.0
9307,317,1,0.796875,-1.296875,0.0
9308,317,0,0.484375,0.171875,0.0
9309,317,1,-0.984375,-1.140625,0.0
9310,317,1,1.28125,-1.4375,1.0
9311,317,1,1.28125,-1.390625,1.0
9312,317,0,0.078125,-0.421875,1.0
9313,317,1,0.796875,-1.453125,1.0
9314,317,0,0.265625,-2.0625,0.0
9315,317,0,-1.359375,-0.171875,0.0
9316,317,0,-0.09375,-1.578125,1.0
9317,317,1,-1.171875,-0.171875,1.0
9318,317,0,-1.515625,-0.46875,0.0
9319,317,0,0.3125,-0.6875,1.0
9320,317,0,0.65625,-0.53125,1.0
9321,317,0,-0.265625,-1.859375,0.0
9322,317,0,-0.90625,0.75,1.0
9323,317,0,0.390625,-0.515625,1.0
9324,317,0,0.21875,-1.84375,0.0
9325,317,1,0.984375,-0.765625,1.0
9326,318,1,0.015625,-0.234375,0.0
9327,318,0,-1.203125,0.234375,0.0
9328,318,1,0.59375,1.15625,0.0
9329,318,1,0.6875,-0.015625,0.0
9330,318,1,1.0625,-0.21875,1.0
9331,318,1,0.390625,2.296875,0.0
9332,318,0,-0.484375,-0.515625,0.0
9333,318,1,-1.25,-1.109375,1.0
9334,318,0,-1.453125,0.390625,0.0
9335,318,1,-0.21875,-0.78125,1.0
9336,318,0,-0.328125,-0.3125,0.0
9337,318,0,-0.109375,-1.375,1.0
9338,318,1,0.609375,0.203125,0.0
9339,318,0,1.59375,-2.09375,1.0
9340,318,0,-0.984375,-0.28125,0.0
9341,318,0,1.125,0.078125,0.0
9342,318,1,1.390625,-1.4375,0.0
9343,318,0,0.34375,1.328125,0.0
9344,318,1,-0.453125,-0.34375,1.0
9345,318,1,-0.09375,-0.15625,0.0
9346,318,1,-0.9375,1.578125,1.0
9347,318,1,0.890625,-0.65625,1.0
9348,318,1,-0.5,-1.71875,1.0
9349,318,0,1.125,0.84375,0.0
9350,318,0,-0.5625,-0.59375,0.0
9351,318,1,0.8125,0.53125,0.0
9352,318,1,0.265625,0.578125,1.0
9353,318,1,-1.640625,0.5625,1.0
9354,318,0,-0.5,-1.328125,0.0
9355,318,0,-1.375,-1.359375,0.0
9356,318,1,0.609375,0.578125,1.0
9357,318,1,0.6875,-1.09375,0.0
9358,318,1,0.578125,-0.03125,0.0
9359,318,1,0.421875,-1.03125,1.0
9360,318,0,-1.203125,0.1875,1.0
9361,318,0,0.15625,-1.5625,1.0
9362,318,1,1.671875,-0.984375,1.0
9363,319,0,1.1875,-0.5,0.0
9364,319,1,0.703125,0.265625,1.0
9365,319,1,1.046875,0.171875,0.0
9366,319,0,0.359375,-0.390625,0.0
9367,319,0,0.203125,0.921875,0.0
9368,319,0,-0.78125,0.078125,0.0
9369,319,0,-0.328125,0.703125,0.0
9370,319,0,0.296875,1.171875,0.0
9371,319,0,0.015625,-0.375,1.0
9372,319,0,-1.765625,0.015625,1.0
9373,319,1,0.921875,-1.375,0.0
9374,319,1,-1.28125,-1.40625,1.0
9375,319,1,-0.125,-1.65625,0.0
9376,319,1,0.703125,-0.125,0.0
9377,319,0,-0.5,-1.015625,0.0
9378,319,1,1.3125,-1.328125,0.0
9379,319,0,-1.015625,0.8125,0.0
9380,319,0,-0.578125,1.546875,0.0
9381,319,0,0.03125,-0.21875,0.0
9382,319,0,0.4375,-0.578125,0.0
9383,319,1,0.171875,0.34375,1.0
9384,319,0,-0.40625,0.515625,0.0
9385,319,0,-0.234375,1.21875,0.0
9386,319,1,1.125,0.125,0.0
9387,319,1,0.0,-0.25,1.0
9388,319,1,0.734375,0.203125,0.0
9389,319,0,-0.78125,1.359375,0.0
9390,319,1,-0.875,0.03125,1.0
9391,319,0,-0.96875,-0.0625,0.0
9392,319,0,-1.125,-0.359375,0.0
9393,319,1,-0.078125,-0.75,1.0
9394,319,1,1.03125,0.234375,1.0
9395,319,0,-0.59375,-0.71875,1.0
9396,319,1,-0.609375,-0.34375,1.0
9397,319,1,-0.34375,1.125,0.0
9398,319,0,-0.65625,-0.171875,0.0
9399,319,0,1.40625,-0.140625,0.0
9400,319,1,0.203125,-1.90625,0.0
9401,320,1,-0.65625,0.1875,0.0
9402,320,0,-0.53125,0.078125,1.0
9403,320,0,-1.609375,-0.6875,1.0
9404,320,1,0.09375,0.46875,0.0
9405,320,1,1.703125,1.65625,1.0
9406,320,0,-0.453125,2.25,1.0
9407,320,1,-0.359375,-2.03125,0.0
9408,320,1,0.875,-0.640625,0.0
9409,320,1,-0.09375,1.671875,0.0
9410,320,0,0.234375,0.203125,0.0
9411,320,0,0.609375,1.0625,0.0
9412,320,1,0.71875,1.546875,1.0
9413,320,1,-0.671875,0.84375,1.0
9414,320,1,1.109375,-0.546875,1.0
9415,320,0,-1.046875,0.375,0.0
9416,320,1,-0.1875,2.21875,0.0
9417,320,0,-0.375,0.875,0.0
9418,320,0,1.203125,2.625,1.0
9419,320,1,0.890625,-1.171875,0.0
9420,320,1,-1.125,1.34375,1.0
9421,320,0,-0.015625,0.375,0.0
9422,320,0,-1.15625,1.046875,0.0
9423,320,0,-0.328125,1.828125,0.0
9424,320,1,-1.15625,0.421875,0.0
9425,320,0,-0.125,-0.875,0.0
9426,320,0,1.21875,0.328125,1.0
9427,320,0,2.0625,2.734375,0.0
9428,320,1,-2.125,-0.4375,0.0
9429,320,0,-1.015625,1.109375,0.0
9430,320,0,0.078125,-1.296875,0.0
9431,320,1,0.0625,-0.40625,0.0
9432,320,0,-1.0,0.40625,0.0
9433,320,1,-0.484375,2.171875,1.0
9434,320,1,-1.546875,-0.4375,0.0
9435,320,1,-0.140625,-0.390625,1.0
9436,320,0,-0.28125,0.734375,0.0
9437,320,1,-0.421875,1.171875,1.0
9438,320,0,0.109375,0.390625,0.0
9439,320,0,1.515625,0.921875,0.0
9440,321,1,0.96875,0.1875,1.0
9441,321,1,1.125,-0.453125,1.0
9442,321,0,-0.40625,-0.015625,0.0
9443,321,0,0.5,1.015625,1.0
9444,321,1,0.0,-0.0625,1.0
9445,321,1,0.46875,-0.5625,1.0
9446,321,0,-0.515625,-0.359375,0.0
9447,321,1,-0.3125,-1.15625,1.0
9448,321,0,0.421875,1.1875,0.0
9449,321,1,-1.4375,0.484375,1.0
9450,321,1,1.28125,0.578125,0.0
9451,321,0,0.609375,-0.921875,1.0
9452,321,0,1.96875,0.578125,0.0
9453,321,0,0.921875,-0.375,0.0
9454,321,0,-0.3125,-0.3125,0.0
9455,321,1,0.03125,-0.421875,1.0
9456,321,1,0.953125,0.34375,1.0
9457,321,0,-1.421875,0.546875,0.0
9458,321,1,1.09375,-1.546875,0.0
9459,321,0,-0.15625,-0.75,0.0
9460,322,1,-0.671875,-0.3125,1.0
9461,322,1,-0.125,0.0625,0.0
9462,322,0,0.21875,-0.09375,0.0
9463,322,0,-0.046875,0.671875,0.0
9464,322,1,0.765625,0.09375,0.0
9465,322,1,0.75,-0.890625,1.0
9466,322,1,-0.703125,2.921875,0.0
9467,322,1,-0.875,0.28125,1.0
9468,322,0,2.0,0.21875,0.0
9469,322,1,-1.015625,-0.203125,0.0
9470,322,0,-0.34375,1.703125,0.0
9471,322,0,0.046875,1.515625,1.0
9472,322,1,-0.4375,-0.515625,1.0
9473,322,1,0.265625,0.234375,0.0
9474,322,0,-0.375,0.515625,0.0
9475,322,1,-2.03125,-1.65625,1.0
9476,322,0,1.78125,0.484375,0.0
9477,322,0,1.375,0.96875,0.0
9478,322,1,-0.359375,-0.25,1.0
9479,322,1,-0.234375,-0.671875,1.0
9480,322,0,1.15625,1.4375,0.0
9481,323,0,-0.34375,1.0625,1.0
9482,323,1,1.046875,-2.546875,0.0
9483,323,1,-1.09375,0.734375,1.0
9484,323,1,0.359375,-2.34375,1.0
9485,323,1,-0.875,0.765625,1.0
9486,323,1,0.703125,1.046875,0.0
9487,323,0,1.53125,-1.140625,0.0
9488,323,0,-0.21875,1.5,0.0
9489,323,0,-0.4375,2.484375,1.0
9490,323,0,-0.296875,-0.203125,0.0
9491,323,0,0.484375,-0.5,1.0
9492,323,1,-0.4375,-1.4375,1.0
9493,323,0,-2.0,-0.3125,0.0
9494,323,0,-0.0625,0.9375,1.0
9495,323,1,-0.578125,-1.390625,1.0
9496,323,0,-0.484375,-0.265625,0.0
9497,323,0,1.25,-0.8125,0.0
9498,323,1,1.109375,1.578125,1.0
9499,323,1,0.21875,-0.53125,1.0
9500,323,0,-0.984375,0.4375,1.0
9501,323,1,-1.125,-1.21875,1.0
9502,323,0,2.734375,0.828125,0.0
9503,324,1,0.65625,-0.640625,0.0
9504,324,0,0.015625,2.171875,0.0
9505,324,1,-2.359375,0.046875,1.0
9506,324,0,0.109375,1.796875,0.0
9507,324,0,1.65625,1.484375,0.0
9508,324,0,-1.578125,-0.671875,1.0
9509,324,0,-0.453125,0.875,0.0
9510,324,0,-0.9375,0.140625,0.0
9511,324,1,-0.734375,0.390625,0.0
9512,324,1,0.921875,-0.015625,0.0
9513,324,1,2.28125,-0.84375,1.0
9514,324,1,-1.484375,0.046875,0.0
9515,324,1,-1.296875,0.921875,0.0
9516,324,1,-0.5,0.28125,0.0
9517,324,1,2.0,-0.265625,0.0
9518,324,1,-0.421875,0.203125,0.0
9519,324,1,-0.8125,-1.125,1.0
9520,324,1,0.671875,-2.171875,0.0
9521,324,0,2.359375,1.4375,0.0
9522,324,1,0.484375,-0.15625,1.0
9523,324,1,0.1875,-1.1875,1.0
9524,324,1,-0.59375,0.15625,0.0
9525,324,1,-1.609375,0.84375,0.0
9526,325,0,0.125,1.0625,0.0
9527,325,1,-0.65625,-0.40625,1.0
9528,325,1,-0.421875,-1.765625,0.0
9529,325,0,-1.71875,-0.65625,0.0
9530,325,0,-0.34375,-0.796875,0.0
9531,325,0,1.046875,0.328125,0.0
9532,325,0,-0.078125,-0.796875,1.0
9533,325,1,0.890625,0.328125,0.0
9534,325,1,0.1875,-1.9375,1.0
9535,325,1,-1.046875,-0.296875,1.0
9536,325,1,-2.65625,0.40625,1.0
9537,325,0,-1.515625,-1.1875,0.0
9538,325,1,-0.25,-0.03125,0.0
9539,325,0,-1.234375,-0.765625,0.0
9540,325,1,-0.421875,0.140625,1.0
9541,325,1,0.296875,-0.015625,0.0
9542,325,1,1.359375,-0.9375,1.0
9543,325,1,-0.140625,-0.625,1.0
9544,325,1,0.65625,-0.796875,1.0
9545,325,1,-0.28125,0.171875,1.0
9546,325,1,-0.1875,-0.46875,1.0
9547,325,1,1.15625,0.796875,0.0
9548,325,1,-0.046875,-1.03125,1.0
9549,325,1,-0.546875,-0.890625,0.0
9550,326,0,0.046875,0.953125,0.0
9551,326,1,0.234375,-2.015625,0.0
9552,326,1,-0.90625,-0.703125,1.0
9553,326,0,-0.5,-0.09375,0.0
9554,326,0,0.734375,0.265625,0.0
9555,326,1,0.96875,-0.40625,1.0
9556,326,0,1.0625,1.375,0.0
9557,326,0,0.484375,-0.09375,0.0
9558,326,0,-1.828125,-1.28125,0.0
9559,326,0,-0.5,-2.015625,0.0
9560,326,1,-0.015625,1.53125,1.0
9561,326,1,-1.171875,1.015625,1.0
9562,326,0,-0.28125,1.34375,0.0
9563,326,0,-0.1875,0.109375,0.0
9564,326,0,-0.4375,-0.078125,1.0
9565,326,0,-0.46875,2.171875,0.0
9566,326,0,-0.53125,-0.625,1.0
9567,326,0,0.375,0.265625,0.0
9568,326,1,0.5,-0.34375,1.0
9569,326,0,-0.90625,0.46875,0.0
9570,326,0,0.8125,0.53125,1.0
9571,326,1,1.578125,-0.1875,0.0
9572,326,1,0.28125,-1.265625,1.0
9573,326,1,-0.921875,-0.484375,0.0
9574,326,0,-1.28125,-0.359375,0.0
9575,327,1,-0.875,0.609375,0.0
9576,327,0,-0.5625,1.375,0.0
9577,327,0,0.140625,1.671875,1.0
9578,327,1,0.109375,0.0,0.0
9579,327,1,-0.453125,-1.109375,0.0
9580,327,1,-0.03125,-1.140625,0.0
9581,327,1,-0.609375,-0.625,1.0
9582,327,0,0.171875,-0.34375,0.0
9583,327,1,0.75,-0.234375,1.0
9584,327,1,-1.203125,-0.03125,0.0
9585,327,1,0.15625,0.203125,0.0
9586,327,1,1.234375,0.671875,1.0
9587,327,1,0.171875,0.703125,0.0
9588,327,1,-0.3125,-0.03125,0.0
9589,327,0,-0.953125,-0.375,0.0
9590,327,1,0.765625,1.03125,0.0
9591,327,1,0.84375,-0.4375,0.0
9592,327,0,-0.359375,0.46875,1.0
9593,327,0,-1.140625,-1.71875,0.0
9594,327,1,-0.59375,2.671875,1.0
9595,327,1,0.0,-0.65625,0.0
9596,327,1,-1.296875,-0.640625,0.0
9597,327,1,-0.328125,0.34375,1.0
9598,327,0,-0.15625,0.046875,1.0
9599,327,0,0.65625,1.453125,1.0
9600,327,1,1.0,-0.671875,0.0
9601,328,0,0.5,0.515625,0.0
9602,328,1,-0.03125,0.703125,1.0
9603,328,1,0.40625,-0.125,1.0
9604,328,0,-0.1875,-0.9375,0.0
9605,328,1,0.21875,0.625,0.0
9606,328,1,-0.046875,0.390625,1.0
9607,328,1,-1.859375,-0.46875,1.0
9608,328,0,-0.21875,-1.296875,1.0
9609,328,0,-0.78125,0.59375,1.0
9610,328,1,0.328125,-0.984375,1.0
9611,328,0,-1.046875,0.15625,0.0
9612,328,0,-1.03125,-0.015625,0.0
9613,328,0,-1.640625,-0.8125,0.0
9614,328,1,-0.609375,-0.359375,1.0
9615,328,1,-0.0625,-1.03125,0.0
9616,328,1,-0.453125,0.25,0.0
9617,328,1,-0.625,0.015625,0.0
9618,328,0,-0.140625,0.71875,0.0
9619,328,1,-1.296875,-0.890625,1.0
9620,328,0,0.890625,0.40625,0.0
9621,328,0,1.109375,1.484375,1.0
9622,328,0,-0.640625,-2.140625,0.0
9623,328,1,1.265625,0.90625,1.0
9624,328,1,-0.671875,0.09375,1.0
9625,328,1,0.015625,-0.578125,0.0
9626,328,1,0.375,1.3125,1.0
9627,328,1,-0.40625,0.140625,0.0
9628,329,0,1.46875,0.578125,0.0
9629,329,1,0.3125,-0.609375,1.0
9630,329,0,0.15625,0.515625,1.0
9631,329,1,1.828125,-1.671875,0.0
9632,329,1,0.578125,-0.640625,1.0
9633,329,1,0.015625,-0.96875,1.0
9634,329,0,-2.265625,-0.5,1.0
9635,329,1,-0.53125,-1.296875,0.0
9636,329,0,-1.8125,1.234375,0.0
9637,329,1,-2.40625,0.6875,1.0
9638,329,0,-1.046875,-0.484375,0.0
9639,329,0,-0.421875,-0.046875,0.0
9640,329,1,-0.265625,-0.921875,1.0
9641,329,1,-0.671875,-0.0625,0.0
9642,329,0,-0.125,-1.296875,0.0
9643,329,0,0.4375,0.25,1.0
9644,329,0,-1.34375,0.765625,0.0
9645,329,0,0.40625,0.0,0.0
9646,329,0,0.40625,1.171875,0.0
9647,329,1,0.375,0.640625,1.0
9648,329,0,1.3125,-0.953125,0.0
9649,329,0,0.5625,1.59375,0.0
9650,329,1,1.484375,-1.84375,1.0
9651,329,1,0.28125,0.125,0.0
9652,329,1,-0.625,-1.9375,1.0
9653,329,0,-0.25,-1.359375,1.0
9654,329,1,0.671875,1.109375,1.0
9655,329,0,-1.0,0.21875,1.0
9656,330,1,1.671875,-0.890625,0.0
9657,330,0,-1.453125,-1.40625,1.0
9658,330,1,-0.796875,-1.640625,1.0
9659,330,1,2.125,0.171875,0.0
9660,330,1,1.640625,0.109375,0.0
9661,330,1,-0.65625,1.09375,1.0
9662,330,0,1.65625,-0.171875,0.0
9663,330,0,1.640625,1.21875,0.0
9664,330,1,-0.71875,-0.65625,1.0
9665,330,1,0.640625,0.1875,1.0
9666,330,0,-0.640625,-1.125,0.0
9667,330,1,1.15625,-0.75,1.0
9668,330,0,-0.109375,1.0625,1.0
9669,330,0,-1.78125,3.015625,1.0
9670,330,1,1.015625,-0.609375,1.0
9671,330,1,0.53125,-0.609375,0.0
9672,330,0,-1.015625,-0.3125,0.0
9673,330,0,-0.390625,-0.015625,0.0
9674,330,0,0.0625,0.125,0.0
9675,330,1,-1.34375,1.140625,1.0
9676,330,1,1.1875,2.359375,1.0
9677,330,0,1.171875,-0.484375,0.0
9678,330,1,0.625,-0.09375,0.0
9679,330,1,-0.28125,0.46875,1.0
9680,330,0,0.640625,-1.109375,0.0
9681,330,0,-1.015625,-0.078125,1.0
9682,330,0,-0.328125,-1.328125,0.0
9683,330,0,-1.0,1.09375,0.0
9684,330,0,-0.109375,0.71875,0.0
9685,331,0,-0.21875,0.390625,0.0
9686,331,0,0.4375,1.0625,0.0
9687,331,0,-1.03125,-0.171875,0.0
9688,331,0,2.078125,1.953125,0.0
9689,331,1,-1.234375,-1.765625,1.0
9690,331,0,0.921875,0.515625,0.0
9691,331,1,2.21875,0.25,1.0
9692,331,1,-0.765625,2.328125,1.0
9693,331,1,0.40625,-1.796875,1.0
9694,331,1,0.671875,0.1875,0.0
9695,331,0,1.21875,1.375,0.0
9696,331,1,0.5,-0.09375,0.0
9697,331,0,0.796875,-0.75,0.0
9698,331,0,-0.1875,-1.09375,0.0
9699,331,1,0.90625,-0.3125,1.0
9700,331,1,-0.515625,-0.25,0.0
9701,331,1,-0.34375,-0.765625,0.0
9702,331,0,0.375,0.90625,0.0
9703,331,0,-2.484375,0.265625,1.0
9704,331,0,-1.46875,0.125,0.0
9705,331,1,1.375,0.5,1.0
9706,331,1,-0.34375,-0.3125,1.0
9707,331,1,1.5625,-1.8125,1.0
9708,331,1,-0.75,-0.859375,1.0
9709,331,0,0.3125,-1.859375,0.0
9710,331,0,-1.28125,1.09375,0.0
9711,331,1,0.296875,-1.03125,0.0
9712,331,1,0.0625,0.375,0.0
9713,331,1,-0.03125,-0.125,0.0
9714,331,1,-0.390625,-0.03125,1.0
9715,332,1,-0.53125,-0.3125,0.0
9716,332,0,0.890625,1.1875,0.0
9717,332,1,-0.546875,1.015625,1.0
9718,332,1,0.765625,1.515625,0.0
9719,332,1,0.6875,-2.5,1.0
9720,332,0,-1.453125,-0.046875,0.0
9721,332,0,-1.53125,-0.140625,0.0
9722,332,0,-0.65625,0.5625,1.0
9723,332,0,-0.328125,0.765625,0.0
9724,332,1,0.546875,0.8125,1.0
9725,332,0,-0.59375,1.625,0.0
9726,332,0,-0.453125,-1.515625,0.0
9727,332,1,-1.53125,0.484375,0.0
9728,332,1,1.390625,-1.328125,1.0
9729,332,1,-2.0,1.0625,1.0
9730,332,1,-1.125,1.25,1.0
9731,332,0,-1.125,-0.15625,0.0
9732,332,0,-1.328125,0.8125,0.0
9733,332,0,-0.8125,0.078125,0.0
9734,332,1,-0.1875,-0.546875,0.0
9735,332,0,-0.765625,1.34375,0.0
9736,332,0,-0.125,2.375,1.0
9737,332,1,-1.265625,-0.25,0.0
9738,332,1,-0.09375,-0.59375,1.0
9739,332,1,-0.515625,-0.359375,0.0
9740,332,0,0.484375,-0.4375,0.0
9741,332,0,1.703125,1.515625,0.0
9742,332,0,0.21875,-0.25,0.0
9743,332,1,-1.234375,-0.703125,0.0
9744,332,0,-1.953125,-0.34375,0.0
9745,332,1,1.234375,-0.859375,0.0
9746,333,0,0.96875,0.078125,0.0
9747,333,0,2.328125,-0.390625,1.0
9748,333,0,0.3125,0.078125,0.0
9749,333,1,1.640625,1.234375,1.0
9750,333,0,-1.21875,0.6875,1.0
9751,333,0,1.140625,0.546875,1.0
9752,333,1,0.046875,-1.375,0.0
9753,333,1,2.421875,1.59375,1.0
9754,333,1,0.921875,1.0625,1.0
9755,333,0,0.4375,0.03125,1.0
9756,333,1,0.34375,0.40625,0.0
9757,333,1,-0.3125,0.515625,0.0
9758,333,1,-0.625,-1.609375,0.0
9759,333,0,-0.921875,-1.484375,1.0
9760,333,1,1.328125,-0.640625,0.0
9761,333,1,0.28125,-1.5,0.0
9762,333,0,-1.125,-0.953125,0.0
9763,333,0,0.515625,1.28125,0.0
9764,333,0,-1.84375,-0.171875,1.0
9765,333,1,2.390625,1.015625,1.0
9766,333,1,0.5625,-0.640625,0.0
9767,333,1,2.140625,-0.234375,0.0
9768,333,1,-1.015625,-1.15625,1.0
9769,333,1,1.0625,0.875,0.0
9770,333,0,0.9375,1.0,0.0
9771,333,0,-0.265625,0.0625,0.0
9772,333,1,0.53125,0.234375,1.0
9773,333,1,-0.21875,0.203125,0.0
9774,333,1,0.09375,0.03125,1.0
9775,333,0,0.546875,-1.15625,1.0
9776,333,0,1.09375,0.84375,0.0
9777,333,1,1.640625,0.03125,1.0
9778,334,0,0.390625,1.609375,0.0
9779,334,0,-0.875,0.28125,0.0
9780,334,1,0.25,-1.71875,1.0
9781,334,1,0.25,-1.140625,0.0
9782,334,0,-0.21875,-0.28125,0.0
9783,334,1,1.578125,0.90625,0.0
9784,334,1,-0.578125,0.046875,0.0
9785,334,1,-0.8125,1.53125,0.0
9786,334,0,0.0625,0.453125,1.0
9787,334,0,-0.203125,0.078125,0.0
9788,334,1,0.234375,1.234375,1.0
9789,334,1,-0.484375,2.140625,0.0
9790,334,1,0.390625,0.390625,1.0
9791,334,0,-0.609375,-0.671875,1.0
9792,334,0,-0.03125,0.46875,0.0
9793,334,1,0.859375,-1.0625,0.0
9794,334,1,0.9375,0.96875,0.0
9795,334,1,-1.984375,-0.28125,1.0
9796,334,1,1.109375,-0.84375,1.0
9797,334,1,0.046875,-0.1875,0.0
9798,334,1,-0.484375,-2.046875,0.0
9799,334,0,0.234375,2.015625,1.0
9800,334,0,0.609375,-2.09375,1.0
9801,334,1,0.265625,-1.234375,0.0
9802,334,1,-0.953125,0.984375,1.0
9803,334,0,0.859375,0.5,1.0
9804,334,1,-0.125,-0.8125,1.0
9805,334,1,-1.453125,-2.046875,1.0
9806,334,1,0.453125,-0.21875,1.0
9807,334,1,-1.59375,1.09375,0.0
9808,334,1,-0.96875,-1.375,1.0
9809,334,0,-0.375,-0.03125,0.0
9810,334,1,0.109375,-0.84375,0.0
9811,335,0,-0.34375,-1.46875,1.0
9812,335,0,0.875,0.484375,0.0
9813,335,0,-0.90625,-0.75,0.0
9814,335,0,1.375,-0.59375,0.0
9815,335,0,-0.96875,-0.875,0.0
9816,335,1,1.90625,-2.265625,0.0
9817,335,1,-0.046875,-2.28125,1.0
9818,335,0,0.984375,0.09375,0.0
9819,335,0,-0.75,-0.375,0.0
9820,335,0,-1.25,0.421875,0.0
9821,335,0,-0.109375,-2.671875,0.0
9822,335,1,1.28125,-0.109375,1.0
9823,335,1,1.453125,-0.796875,0.0
9824,335,0,0.4375,-2.625,0.0
9825,335,1,0.640625,1.328125,1.0
9826,335,1,-0.53125,-0.890625,1.0
9827,335,0,-0.609375,0.1875,0.0
9828,335,0,1.984375,1.21875,1.0
9829,335,1,-0.3125,-2.0625,1.0
9830,335,1,-1.484375,-0.234375,1.0
9831,335,1,-0.765625,-0.359375,0.0
9832,335,1,0.0,-1.15625,0.0
9833,335,0,-0.859375,2.09375,0.0
9834,335,0,-0.53125,-0.21875,0.0
9835,335,0,-0.625,-0.953125,1.0
9836,335,0,-1.03125,-1.84375,0.0
9837,335,1,1.15625,0.25,1.0
9838,335,0,0.359375,-0.109375,0.0
9839,335,1,0.3125,-1.6875,1.0
9840,335,0,-0.765625,0.171875,0.0
9841,335,0,-0.484375,0.375,0.0
9842,335,0,2.0625,0.9375,0.0
9843,335,0,0.953125,-2.546875,0.0
9844,335,0,-1.09375,-1.96875,0.0
9845,336,1,1.0,-0.5,1.0
9846,336,0,-0.703125,0.90625,1.0
9847,336,1,2.8125,0.5,1.0
9848,336,1,-0.640625,2.28125,1.0
9849,336,1,-0.46875,-0.953125,0.0
9850,336,1,0.5,-0.75,1.0
9851,336,0,-1.46875,0.40625,0.0
9852,336,0,0.6875,-0.734375,0.0
9853,336,1,-0.53125,1.46875,1.0
9854,336,0,0.4375,0.265625,0.0
9855,336,0,-1.59375,-0.3125,1.0
9856,336,1,-0.078125,0.515625,1.0
9857,336,0,-0.609375,-0.09375,0.0
9858,336,0,-0.75,0.09375,0.0
9859,336,1,0.578125,0.5,0.0
9860,336,1,-1.453125,1.609375,0.0
9861,336,1,1.734375,0.0,0.0
9862,336,0,-0.75,-0.21875,0.0
9863,336,1,0.5,0.765625,1.0
9864,336,1,2.125,1.265625,0.0
9865,336,1,0.578125,-0.6875,1.0
9866,336,0,-0.078125,2.09375,0.0
9867,336,1,1.5625,-0.84375,0.0
9868,336,0,0.765625,0.203125,0.0
9869,336,1,-0.859375,0.5,0.0
9870,336,1,0.234375,0.78125,1.0
9871,336,0,-0.625,0.765625,0.0
9872,336,0,0.9375,-0.859375,1.0
9873,336,1,-0.21875,1.15625,1.0
9874,336,1,0.703125,0.5625,1.0
9875,336,1,-1.9375,-2.046875,1.0
9876,336,0,-0.546875,-0.984375,0.0
9877,336,1,-0.5,-1.078125,0.0
9878,336,1,1.25,1.140625,1.0
9879,336,1,-2.1875,2.203125,1.0
9880,337,0,0.421875,0.796875,0.0
9881,337,0,-0.25,-0.09375,0.0
9882,337,0,-0.09375,0.875,0.0
9883,337,0,1.703125,-0.21875,0.0
9884,337,1,-0.890625,-1.296875,1.0
9885,337,1,-0.296875,-0.265625,1.0
9886,337,1,0.28125,0.5,0.0
9887,337,1,1.71875,-0.65625,0.0
9888,337,1,-0.9375,0.125,1.0
9889,337,1,-0.53125,0.6875,1.0
9890,337,0,-0.15625,-1.109375,0.0
9891,337,1,-0.046875,0.109375,0.0
9892,337,0,0.421875,0.78125,0.0
9893,337,0,-1.03125,0.9375,1.0
9894,337,0,-0.28125,0.125,1.0
9895,337,0,1.125,0.0,1.0
9896,337,1,0.96875,-1.765625,1.0
9897,337,1,0.1875,-0.71875,0.0
9898,337,0,-0.1875,0.171875,1.0
9899,337,1,0.625,-0.140625,0.0
9900,337,1,0.65625,-1.890625,0.0
9901,337,1,0.609375,-0.3125,0.0
9902,337,1,0.625,-0.8125,0.0
9903,337,0,-0.375,-1.765625,0.0
9904,337,1,1.28125,-1.578125,0.0
9905,337,0,0.171875,-0.0625,1.0
9906,337,1,1.59375,-1.6875,1.0
9907,337,1,0.328125,0.234375,0.0
9908,337,0,-1.171875,-0.25,1.0
9909,337,0,0.859375,-1.71875,1.0
9910,337,0,-0.9375,1.078125,1.0
9911,337,1,1.1875,-0.21875,1.0
9912,337,0,-0.734375,0.140625,1.0
9913,337,0,0.453125,-0.46875,1.0
9914,337,0,0.734375,0.0,1.0
9915,337,0,1.265625,-0.265625,0.0
9916,338,0,-1.203125,1.375,0.0
9917,338,0,-0.21875,0.453125,1.0
9918,338,1,0.78125,-0.75,0.0
9919,338,0,1.390625,0.890625,1.0
9920,338,0,-1.296875,-0.921875,1.0
9921,338,1,-0.484375,-2.078125,1.0
9922,338,1,-1.09375,-0.609375,0.0
9923,338,1,-0.28125,0.234375,1.0
9924,338,0,-0.84375,-0.140625,0.0
9925,338,0,0.53125,-0.3125,0.0
9926,338,1,0.390625,-0.625,0.0
9927,338,1,-2.375,-1.0625,0.0
9928,338,0,-1.578125,-0.453125,1.0
9929,338,0,0.09375,-0.375,1.0
9930,338,1,0.234375,-0.65625,0.0
9931,338,0,-1.34375,0.421875,1.0
9932,338,1,1.140625,-1.8125,0.0
9933,338,1,1.3125,-0.625,0.0
9934,338,1,-1.203125,0.875,1.0
9935,338,0,0.671875,-0.5,1.0
9936,338,1,0.5,0.296875,1.0
9937,338,1,0.703125,0.171875,0.0
9938,338,1,1.40625,-1.5,1.0
9939,338,1,1.0625,-2.5,0.0
9940,338,0,-1.3125,0.484375,0.0
9941,338,0,-1.015625,-0.15625,0.0
9942,338,0,-1.65625,-0.140625,0.0
9943,338,1,-0.890625,0.5,0.0
9944,338,0,-0.390625,0.6875,0.0
9945,338,0,-2.84375,-0.1875,1.0
9946,338,1,0.15625,-0.15625,1.0
9947,338,1,0.984375,-0.25,0.0
9948,338,0,0.65625,-0.203125,0.0
9949,338,0,0.578125,-0.25,1.0
9950,338,0,1.390625,0.015625,0.0
9951,338,1,0.875,0.78125,1.0
9952,338,1,0.546875,0.078125,0.0
9953,339,1,0.578125,-0.65625,0.0
9954,339,0,0.21875,1.1875,0.0
9955,339,0,-1.5,-0.796875,1.0
9956,339,1,-0.109375,-2.453125,0.0
9957,339,1,0.078125,-2.203125,0.0
9958,339,1,1.375,-3.5,0.0
9959,339,0,1.921875,-0.578125,0.0
9960,339,0,-0.609375,-0.03125,0.0
9961,339,0,0.390625,-0.5,1.0
9962,339,1,-0.765625,-1.296875,0.0
9963,339,1,0.171875,-0.734375,0.0
9964,339,0,1.3125,-1.296875,0.0
9965,339,1,0.984375,0.421875,1.0
9966,339,1,0.046875,-0.703125,1.0
9967,339,0,-0.921875,0.390625,0.0
9968,339,1,2.453125,-1.84375,1.0
9969,339,1,0.140625,0.5625,0.0
9970,339,1,-0.59375,-2.125,1.0
9971,339,0,-1.9375,-1.078125,1.0
9972,339,0,0.625,0.21875,1.0
9973,339,0,0.171875,0.015625,0.0
9974,339,1,0.234375,-0.484375,1.0
9975,339,0,0.765625,-1.0,0.0
9976,339,1,0.734375,-1.0625,1.0
9977,339,1,0.6875,1.9375,0.0
9978,339,0,-1.359375,-1.171875,0.0
9979,339,1,2.4375,-0.671875,0.0
9980,339,0,-0.859375,0.328125,1.0
9981,339,0,-0.40625,0.125,1.0
9982,339,1,0.34375,-0.828125,1.0
9983,339,0,0.046875,0.875,1.0
9984,339,1,-0.796875,-0.796875,0.0
9985,339,0,0.140625,0.4375,0.0
9986,339,1,-0.9375,-2.0625,1.0
9987,339,0,-0.625,0.1875,0.0
9988,339,1,0.25,-1.734375,1.0
9989,339,1,1.3125,-0.25,0.0
9990,339,1,0.515625,-1.28125,0.0
9991,340,0,0.46875,1.4375,0.0
9992,340,1,0.140625,-0.515625,1.0
9993,340,0,0.484375,-0.453125,0.0
9994,340,1,-1.078125,-0.15625,0.0
9995,340,1,-0.28125,-0.828125,1.0
9996,340,1,-1.828125,-1.234375,0.0
9997,340,0,1.0,1.140625,0.0
9998,340,0,-0.328125,0.875,0.0
9999,340,1,0.046875,-0.546875,1.0
10000,340,0,-1.21875,0.828125,0.0
10001,340,1,0.71875,-0.125,0.0
10002,340,1,0.9375,-0.78125,0.0
10003,340,1,-0.125,0.109375,1.0
10004,340,1,-0.515625,0.8125,1.0
10005,340,1,-0.796875,-0.546875,1.0
10006,340,1,0.8125,-0.171875,0.0
10007,340,1,2.1875,2.109375,1.0
10008,340,1,-0.234375,-0.75,0.0
10009,340,0,2.046875,-1.109375,1.0
10010,340,1,0.078125,1.078125,0.0
10011,340,1,0.578125,-1.046875,0.0
10012,340,0,0.15625,1.0,1.0
10013,340,0,-0.5,0.265625,0.0
10014,340,1,1.21875,-0.15625,0.0
10015,340,0,1.078125,1.375,1.0
10016,340,1,0.890625,0.03125,1.0
10017,340,0,-0.984375,0.65625,0.0
10018,340,0,0.375,0.296875,0.0
10019,340,1,-0.640625,-0.578125,1.0
10020,340,1,0.15625,1.71875,0.0
10021,340,1,-0.125,-0.546875,0.0
10022,340,0,0.328125,0.578125,1.0
10023,340,1,-1.09375,1.34375,0.0
10024,340,0,0.09375,-0.5625,0.0
10025,340,1,-1.03125,-0.765625,1.0
10026,340,1,-0.65625,0.0,0.0
10027,340,0,-2.328125,0.875,1.0
10028,340,1,0.265625,0.4375,0.0
10029,340,1,-0.28125,-0.625,1.0
10030,341,1,-0.25,0.125,1.0
10031,341,1,-2.828125,-0.359375,1.0
10032,341,0,-1.125,0.6875,0.0
10033,341,0,-1.21875,0.671875,0.0
10034,341,1,-0.6875,-0.03125,1.0
10035,341,0,-0.890625,1.703125,0.0
10036,341,1,-0.5625,-0.890625,1.0
10037,341,1,0.1875,-1.390625,1.0
10038,341,0,0.25,-0.90625,1.0
10039,341,1,-0.375,-2.609375,0.0
10040,341,1,0.515625,-1.0625,0.0
10041,341,0,-0.90625,-0.828125,0.0
10042,341,0,-0.140625,-0.21875,0.0
10043,341,1,0.921875,-2.546875,0.0
10044,341,1,0.84375,0.84375,0.0
10045,341,0,-0.234375,-0.65625,0.0
10046,341,0,-0.078125,-0.796875,0.0
10047,341,0,0.28125,0.109375,0.0
10048,341,1,-0.140625,1.265625,1.0
10049,341,1,-0.484375,-0.890625,1.0
10050,342,1,0.828125,0.109375,1.0
10051,342,1,0.25,0.65625,0.0
10052,342,1,-0.640625,0.25,1.0
10053,342,0,-0.21875,1.5625,0.0
10054,342,0,-0.296875,0.953125,1.0
10055,342,1,1.0,-0.359375,0.0
10056,342,1,-0.4375,-0.171875,0.0
10057,342,1,0.03125,-1.453125,1.0
10058,342,1,0.328125,-0.921875,0.0
10059,342,0,1.359375,0.453125,0.0
10060,342,1,0.125,-1.71875,1.0
10061,342,0,-0.3125,0.109375,0.0
10062,342,1,0.53125,0.203125,1.0
10063,342,0,-1.5,0.53125,0.0
10064,342,1,-0.421875,-0.6875,0.0
10065,342,0,0.890625,1.546875,0.0
10066,342,1,-0.34375,-1.46875,1.0
10067,342,1,0.890625,0.296875,1.0
10068,342,1,0.203125,-1.375,1.0
10069,342,0,-1.484375,-0.46875,0.0
10070,342,1,1.890625,0.640625,0.0
10071,343,0,-0.328125,-0.96875,0.0
10072,343,0,-1.6875,-0.53125,0.0
10073,343,0,0.984375,0.578125,0.0
10074,343,1,0.59375,-1.8125,1.0
10075,343,0,1.109375,0.9375,1.0
10076,343,1,0.0625,-0.84375,1.0
10077,343,1,-0.859375,-2.21875,1.0
10078,343,0,-0.296875,0.890625,0.0
10079,343,0,-2.234375,0.109375,0.0
10080,343,0,0.84375,-0.234375,1.0
10081,343,0,0.0625,-0.296875,0.0
10082,343,0,0.203125,-1.671875,0.0
10083,343,0,-1.015625,0.109375,0.0
10084,343,0,-0.203125,0.578125,0.0
10085,343,0,0.625,-2.34375,0.0
10086,343,1,-0.25,-0.921875,0.0
10087,343,0,2.0,0.484375,0.0
10088,343,0,-0.96875,-1.28125,1.0
10089,343,1,-1.125,-1.875,1.0
10090,343,0,0.421875,-1.359375,0.0
10091,343,0,-0.375,0.09375,1.0
10092,343,1,0.25,-0.46875,1.0
10093,344,1,-1.1875,-1.390625,1.0
10094,344,0,-0.515625,0.140625,0.0
10095,344,1,0.328125,-0.09375,1.0
10096,344,0,-0.171875,-1.28125,1.0
10097,344,1,-0.796875,0.34375,1.0
10098,344,0,1.09375,0.359375,0.0
10099,344,1,0.734375,-0.671875,0.0
10100,344,0,-0.515625,-0.1875,1.0
10101,344,1,1.140625,-2.640625,0.0
10102,344,0,-0.734375,1.109375,0.0
10103,344,1,0.53125,-0.25,1.0
10104,344,0,-0.765625,-0.265625,0.0
10105,344,1,0.21875,-0.71875,0.0
10106,344,1,0.203125,-1.09375,0.0
10107,344,0,-2.4375,2.84375,0.0
10108,344,0,-0.03125,0.3125,0.0
10109,344,1,0.0,-0.125,0.0
10110,344,1,1.265625,0.328125,1.0
10111,344,1,0.609375,-1.828125,0.0
10112,344,1,-0.390625,-0.71875,0.0
10113,344,1,0.328125,-1.765625,1.0
10114,344,1,-0.890625,0.4375,0.0
10115,344,1,0.859375,0.1875,0.0
10116,345,0,0.15625,-1.1875,0.0
10117,345,0,0.375,-0.59375,0.0
10118,345,0,1.390625,-0.390625,0.0
10119,345,0,-1.21875,-0.75,1.0
10120,345,0,-0.46875,-2.046875,0.0
10121,345,1,0.296875,-0.53125,0.0
10122,345,0,-1.5,-1.328125,1.0
10123,345,1,0.078125,0.53125,0.0
10124,345,0,-0.765625,-0.515625,1.0
10125,345,0,-0.734375,-1.390625,1.0
10126,345,0,1.34375,-0.96875,1.0
10127,345,0,-0.09375,-0.90625,0.0
10128,345,0,0.59375,-2.390625,0.0
10129,345,0,0.375,-0.125,0.0
10130,345,0,-1.9375,0.09375,0.0
10131,345,0,0.15625,-2.28125,0.0
10132,345,0,0.46875,-0.8125,0.0
10133,345,1,0.1875,-0.140625,1.0
10134,345,1,0.59375,-0.765625,1.0
10135,345,0,-0.34375,-0.546875,0.0
10136,345,1,-1.421875,0.453125,1.0
10137,345,1,-1.15625,-0.46875,0.0
10138,345,1,-0.703125,-1.84375,0.0
10139,345,0,1.015625,-0.890625,0.0
10140,346,0,-0.21875,-0.734375,1.0
10141,346,0,0.4375,-1.375,0.0
10142,346,1,0.359375,0.796875,0.0
10143,346,1,0.671875,-1.15625,0.0
10144,346,1,0.375,-1.46875,0.0
10145,346,0,0.890625,0.203125,0.0
10146,346,0,-0.40625,-0.75,0.0
10147,346,1,1.078125,0.859375,1.0
10148,346,1,1.578125,-0.5625,0.0
10149,346,1,0.234375,-0.34375,1.0
10150,346,0,1.96875,0.15625,0.0
10151,346,1,0.703125,-0.46875,0.0
10152,346,1,-0.265625,-0.5625,0.0
10153,346,0,-0.109375,-0.46875,1.0
10154,346,0,-0.140625,-1.0625,0.0
10155,346,1,1.4375,0.40625,1.0
10156,346,1,-0.53125,-0.125,1.0
10157,346,1,1.28125,-0.609375,0.0
10158,346,0,-1.21875,0.375,0.0
10159,346,1,-0.46875,-1.328125,1.0
10160,346,1,0.640625,0.09375,0.0
10161,346,0,0.046875,-0.03125,1.0
10162,346,1,-0.796875,0.859375,1.0
10163,346,1,0.75,-0.359375,1.0
10164,346,0,-0.359375,0.40625,1.0
10165,347,0,-0.40625,-0.15625,1.0
10166,347,0,-0.5625,-2.46875,0.0
10167,347,1,-0.25,-0.109375,1.0
10168,347,1,1.203125,-0.75,1.0
10169,347,1,-1.515625,-0.390625,1.0
10170,347,1,1.421875,-1.03125,0.0
10171,347,0,0.46875,-2.015625,0.0
10172,347,0,-0.484375,0.234375,1.0
10173,347,0,0.46875,0.125,0.0
10174,347,0,0.203125,-0.21875,0.0
10175,347,0,-0.921875,0.328125,1.0
10176,347,0,-0.265625,-0.515625,0.0
10177,347,0,0.9375,0.828125,0.0
10178,347,1,0.6875,-2.03125,1.0
10179,347,0,-1.859375,0.40625,0.0
10180,347,0,-0.921875,-1.25,1.0
10181,347,0,-0.703125,-1.515625,1.0
10182,347,0,0.21875,0.375,1.0
10183,347,1,0.234375,-1.296875,1.0
10184,347,0,-1.125,0.703125,0.0
10185,347,1,1.625,-0.34375,1.0
10186,347,0,-1.390625,-2.265625,1.0
10187,347,0,-2.09375,-0.703125,0.0
10188,347,0,0.34375,-0.78125,1.0
10189,347,1,1.375,1.484375,1.0
10190,347,0,-0.703125,-2.265625,0.0
10191,348,1,1.40625,0.609375,0.0
10192,348,0,0.265625,-0.96875,0.0
10193,348,0,-0.25,1.125,1.0
10194,348,0,0.0,-0.1875,1.0
10195,348,1,-0.59375,-0.015625,1.0
10196,348,1,1.0,-0.625,0.0
10197,348,1,0.234375,-0.984375,0.0
10198,348,0,1.03125,1.53125,1.0
10199,348,1,0.890625,-0.125,0.0
10200,348,0,1.546875,-0.40625,1.0
10201,348,1,-0.203125,-1.28125,1.0
10202,348,0,0.078125,-2.40625,0.0
10203,348,1,-1.1875,-1.640625,0.0
10204,348,0,-0.828125,-0.671875,1.0
10205,348,0,-0.453125,1.125,0.0
10206,348,0,-1.5,-1.46875,1.0
10207,348,0,-0.484375,-1.3125,0.0
10208,348,0,-0.28125,-1.953125,0.0
10209,348,1,1.078125,-1.125,1.0
10210,348,0,-0.015625,0.296875,0.0
10211,348,0,0.21875,1.171875,1.0
10212,348,1,-0.640625,-2.875,0.0
10213,348,0,-0.1875,-0.609375,1.0
10214,348,0,0.578125,-1.3125,0.0
10215,348,1,0.28125,0.0,1.0
10216,348,0,1.328125,-0.078125,0.0
10217,348,0,-0.921875,-0.828125,0.0
10218,349,0,-1.9375,-1.671875,1.0
10219,349,1,0.09375,-0.46875,0.0
10220,349,0,-0.5,0.375,1.0
10221,349,1,1.671875,-0.390625,0.0
10222,349,0,-0.515625,-0.375,1.0
10223,349,0,-1.9375,-0.515625,0.0
10224,349,0,-1.21875,-1.0625,0.0
10225,349,1,0.109375,0.03125,0.0
10226,349,1,1.78125,-0.953125,0.0
10227,349,0,-0.8125,-0.609375,0.0
10228,349,0,-0.765625,-0.421875,0.0
10229,349,1,1.53125,-0.515625,1.0
10230,349,0,-3.390625,-0.09375,1.0
10231,349,0,-0.515625,-0.65625,1.0
10232,349,1,0.375,-1.328125,1.0
10233,349,1,2.9375,-0.671875,0.0
10234,349,0,0.421875,-1.296875,0.0
10235,349,1,-0.828125,-1.25,0.0
10236,349,0,-0.3125,0.125,0.0
10237,349,1,1.484375,0.125,0.0
10238,349,0,1.03125,-0.5,0.0
10239,349,1,1.203125,0.640625,1.0
10240,349,1,-0.453125,-0.03125,1.0
10241,349,0,-0.125,0.0,1.0
10242,349,1,-0.390625,0.265625,0.0
10243,349,0,-0.328125,0.734375,0.0
10244,349,0,-0.546875,0.703125,1.0
10245,349,1,0.171875,0.09375,0.0
10246,350,0,0.9375,-2.015625,1.0
10247,350,1,0.8125,-1.265625,0.0
10248,350,1,-1.6875,0.109375,1.0
10249,350,0,-0.9375,-0.671875,0.0
10250,350,0,0.765625,0.15625,1.0
10251,350,0,-0.765625,-1.171875,1.0
10252,350,1,0.765625,-2.0,1.0
10253,350,1,-0.6875,1.3125,0.0
10254,350,0,-0.0625,0.421875,0.0
10255,350,1,-0.8125,0.625,1.0
10256,350,0,-0.828125,-1.671875,1.0
10257,350,1,1.125,1.203125,0.0
10258,350,1,0.640625,-1.421875,0.0
10259,350,0,0.09375,0.015625,0.0
10260,350,0,-0.15625,-1.65625,1.0
10261,350,1,1.46875,-0.65625,1.0
10262,350,0,-0.84375,0.234375,0.0
10263,350,0,1.078125,-1.5625,0.0
10264,350,1,0.34375,0.078125,1.0
10265,350,0,0.8125,-0.125,0.0
10266,350,0,-0.359375,-1.15625,0.0
10267,350,0,1.078125,-1.65625,1.0
10268,350,0,0.15625,2.921875,0.0
10269,350,1,1.21875,-0.28125,0.0
10270,350,0,0.359375,0.5,0.0
10271,350,1,-0.671875,-0.4375,0.0
10272,350,1,-1.40625,-1.109375,0.0
10273,350,0,0.53125,0.609375,0.0
10274,350,1,-0.203125,-0.90625,1.0
10275,351,0,-0.15625,-1.03125,0.0
10276,351,0,0.34375,-0.578125,0.0
10277,351,0,0.734375,-0.640625,0.0
10278,351,0,0.453125,-0.375,1.0
10279,351,0,0.8125,-1.59375,0.0
10280,351,0,-0.203125,1.875,0.0
10281,351,0,-0.65625,0.359375,1.0
10282,351,1,1.109375,-2.484375,0.0
10283,351,0,-1.75,0.734375,0.0
10284,351,1,1.203125,-0.5625,0.0
10285,351,0,-0.21875,0.171875,0.0
10286,351,1,-0.421875,-1.125,1.0
10287,351,0,-0.109375,-0.828125,0.0
10288,351,0,0.71875,-1.25,0.0
10289,351,1,1.34375,-0.984375,0.0
10290,351,0,-1.296875,0.71875,0.0
10291,351,0,-0.140625,0.390625,0.0
10292,351,0,0.109375,-1.640625,1.0
10293,351,1,1.234375,0.953125,0.0
10294,351,1,0.46875,-2.015625,1.0
10295,351,0,0.546875,-1.265625,1.0
10296,351,0,0.046875,-2.390625,1.0
10297,351,1,0.0,-0.140625,1.0
10298,351,0,-1.375,-2.0625,1.0
10299,351,1,0.4375,-0.796875,0.0
10300,351,0,-0.03125,0.53125,0.0
10301,351,1,1.0625,0.171875,0.0
10302,351,0,1.375,-1.234375,0.0
10303,351,0,0.5625,-0.171875,1.0
10304,351,1,0.578125,1.109375,0.0
10305,352,1,0.796875,-2.234375,0.0
10306,352,1,0.125,0.734375,1.0
10307,352,0,-0.015625,-0.03125,1.0
10308,352,1,-2.171875,-0.421875,1.0
10309,352,0,0.453125,-1.125,0.0
10310,352,0,-1.15625,0.203125,0.0
10311,352,0,1.328125,-0.34375,0.0
10312,352,0,0.28125,1.953125,1.0
10313,352,1,0.046875,1.140625,1.0
10314,352,0,-1.0625,0.546875,0.0
10315,352,0,1.1875,0.984375,0.0
10316,352,1,0.125,0.3125,1.0
10317,352,0,0.21875,-0.796875,1.0
10318,352,0,1.4375,0.0625,0.0
10319,352,0,1.3125,1.46875,0.0
10320,352,0,-0.171875,0.390625,1.0
10321,352,0,1.203125,-1.515625,0.0
10322,352,1,0.046875,0.140625,1.0
10323,352,0,-1.4375,0.65625,0.0
10324,352,0,-2.359375,0.125,0.0
10325,352,0,-2.390625,-0.265625,0.0
10326,352,1,-0.4375,0.15625,0.0
10327,352,1,-0.265625,-0.703125,1.0
10328,352,0,-0.625,1.109375,1.0
10329,352,1,-0.203125,-1.15625,1.0
10330,352,1,0.046875,-1.03125,0.0
10331,352,0,-0.96875,-0.609375,0.0
10332,352,0,-1.578125,-0.140625,1.0
10333,352,1,0.21875,0.6875,1.0
10334,352,1,-0.390625,-0.75,1.0
10335,352,0,-0.671875,-0.640625,0.0
10336,353,1,2.640625,-1.515625,1.0
10337,353,1,-0.640625,-1.4375,1.0
10338,353,1,-0.5625,-0.40625,0.0
10339,353,0,0.0625,0.125,1.0
10340,353,0,1.4375,2.0625,0.0
10341,353,0,-0.203125,1.125,0.0
10342,353,1,1.3125,1.0,0.0
10343,353,1,-3.59375,-1.65625,0.0
10344,353,1,0.21875,1.421875,1.0
10345,353,1,0.15625,-0.609375,0.0
10346,353,1,1.828125,0.5,0.0
10347,353,0,-0.03125,1.15625,1.0
10348,353,1,-0.046875,-2.140625,1.0
10349,353,0,-0.375,-0.921875,1.0
10350,353,0,0.65625,0.296875,0.0
10351,353,1,1.203125,-0.984375,0.0
10352,353,0,-1.359375,-1.28125,0.0
10353,353,0,0.78125,-0.265625,0.0
10354,353,0,-1.6875,-0.3125,1.0
10355,353,1,0.734375,0.5625,0.0
10356,353,0,0.453125,0.65625,0.0
10357,353,0,0.390625,-0.078125,0.0
10358,353,1,0.671875,2.6875,0.0
10359,353,1,0.484375,-0.796875,1.0
10360,353,1,0.953125,0.640625,0.0
10361,353,0,-0.671875,0.828125,0.0
10362,353,1,-0.890625,0.765625,1.0
10363,353,1,-1.984375,2.453125,0.0
10364,353,1,0.0,0.65625,1.0
10365,353,0,-1.265625,2.09375,1.0
10366,353,1,-0.109375,0.640625,1.0
10367,353,0,0.125,3.34375,0.0
10368,354,0,0.34375,-0.296875,0.0
10369,354,0,1.1875,-1.109375,0.0
10370,354,0,-0.0625,0.796875,0.0
10371,354,1,-0.4375,-2.125,1.0
10372,354,0,-1.015625,-0.125,0.0
10373,354,1,-0.296875,0.921875,1.0
10374,354,1,-0.59375,0.359375,0.0
10375,354,1,-1.09375,-0.40625,0.0
10376,354,1,-0.921875,-0.609375,1.0
10377,354,1,1.625,-0.21875,1.0
10378,354,1,1.296875,-1.21875,1.0
10379,354,1,0.453125,-1.15625,0.0
10380,354,0,0.53125,-0.078125,0.0
10381,354,1,0.015625,1.328125,0.0
10382,354,0,0.4375,0.34375,0.0
10383,354,1,0.578125,0.125,0.0
10384,354,1,0.59375,-1.1875,1.0
10385,354,0,0.125,1.21875,1.0
10386,354,0,-0.546875,0.046875,0.0
10387,354,0,-0.4375,1.6875,0.0
10388,354,1,-0.15625,-1.546875,1.0
10389,354,1,0.90625,-1.171875,1.0
10390,354,0,1.078125,1.390625,0.0
10391,354,1,-1.0625,-0.921875,0.0
10392,354,1,1.53125,-0.9375,1.0
10393,354,1,0.328125,-0.328125,1.0
10394,354,1,-0.046875,0.34375,0.0
10395,354,0,0.578125,1.25,0.0
10396,354,0,0.28125,-0.25,0.0
10397,354,1,0.1875,1.453125,1.0
10398,354,1,0.15625,-0.640625,0.0
10399,354,1,-0.140625,-0.71875,1.0
10400,354,1,0.21875,0.453125,0.0
10401,355,0,-1.4375,-0.296875,0.0
10402,355,1,1.265625,0.046875,1.0
10403,355,1,-0.328125,-1.734375,0.0
10404,355,1,-0.65625,-2.46875,0.0
10405,355,1,0.171875,-0.8125,0.0
10406,355,1,0.703125,-1.015625,0.0
10407,355,1,0.671875,0.125,0.0
10408,355,1,0.4375,-0.84375,0.0
10409,355,1,0.453125,-0.15625,1.0
10410,355,0,-0.734375,0.328125,0.0
10411,355,1,0.390625,-0.53125,1.0
10412,355,0,1.140625,-0.890625,1.0
10413,355,1,1.046875,-0.46875,0.0
10414,355,0,-0.46875,0.0625,0.0
10415,355,0,-0.453125,-0.859375,1.0
10416,355,1,-0.53125,-1.765625,1.0
10417,355,0,-2.578125,-0.71875,1.0
10418,355,1,1.375,-0.125,0.0
10419,355,0,0.40625,-0.3125,0.0
10420,355,0,0.328125,0.171875,0.0
10421,355,0,1.078125,-1.078125,0.0
10422,355,0,0.109375,0.125,0.0
10423,355,1,-0.546875,0.171875,0.0
10424,355,1,0.578125,1.140625,1.0
10425,355,1,-0.375,-0.078125,1.0
10426,355,1,0.328125,0.625,1.0
10427,355,0,-0.390625,1.0625,1.0
10428,355,1,-1.140625,0.828125,1.0
10429,355,0,-1.1875,-1.109375,0.0
10430,355,0,-2.765625,-2.15625,1.0
10431,355,0,-0.859375,-0.734375,0.0
10432,355,0,-0.046875,0.328125,0.0
10433,355,1,0.25,-0.609375,0.0
10434,355,1,-1.078125,-0.796875,0.0
10435,356,1,0.390625,-0.609375,0.0
10436,356,0,-0.640625,1.203125,1.0
10437,356,1,-0.453125,-0.515625,0.0
10438,356,0,-0.84375,0.890625,1.0
10439,356,1,0.625,0.34375,0.0
10440,356,0,1.265625,-1.515625,0.0
10441,356,1,1.3125,0.09375,1.0
10442,356,0,-0.53125,0.6875,1.0
10443,356,1,-0.921875,1.453125,0.0
10444,356,1,-1.15625,-0.984375,0.0
10445,356,0,1.34375,1.0625,0.0
10446,356,1,-0.796875,1.296875,0.0
10447,356,0,-0.34375,0.484375,0.0
10448,356,1,0.25,0.359375,1.0
10449,356,0,-1.4375,-0.015625,0.0
10450,356,1,0.375,1.25,1.0
10451,356,1,-0.40625,-1.046875,0.0
10452,356,1,-1.828125,-0.703125,1.0
10453,356,0,-1.40625,2.234375,1.0
10454,356,1,0.5625,1.40625,0.0
10455,356,1,0.890625,1.8125,0.0
10456,356,0,-0.796875,0.0625,0.0
10457,356,1,-0.546875,-1.578125,0.0
10458,356,1,0.71875,0.921875,0.0
10459,356,1,-0.96875,-0.203125,0.0
10460,356,1,1.3125,-0.296875,1.0
10461,356,1,1.6875,0.015625,1.0
10462,356,0,0.40625,0.859375,0.0
10463,356,1,1.234375,-0.171875,1.0
10464,356,0,-0.875,0.21875,0.0
10465,356,1,0.390625,1.671875,1.0
10466,356,0,-0.53125,-0.140625,0.0
10467,356,1,0.71875,-0.171875,0.0
10468,356,0,-0.65625,0.546875,0.0
10469,356,0,1.078125,1.046875,0.0
10470,357,0,-3.203125,-0.28125,0.0
10471,357,1,0.484375,0.578125,1.0
10472,357,1,-1.0625,0.90625,1.0
10473,357,1,-0.9375,-1.609375,0.0
10474,357,1,0.5625,0.515625,0.0
10475,357,1,0.03125,0.5,0.0
10476,357,0,0.921875,0.296875,0.0
10477,357,1,1.28125,0.234375,0.0
10478,357,1,-0.34375,-0.296875,0.0
10479,357,1,0.84375,1.375,1.0
10480,357,1,1.546875,-0.546875,0.0
10481,357,1,-1.171875,-0.703125,1.0
10482,357,0,-0.859375,-0.90625,1.0
10483,357,0,1.0625,0.625,0.0
10484,357,0,-0.125,0.90625,0.0
10485,357,1,1.234375,0.03125,0.0
10486,357,1,0.8125,0.875,1.0
10487,357,1,0.375,0.75,0.0
10488,357,1,0.78125,1.03125,0.0
10489,357,1,0.453125,-0.25,0.0
10490,357,1,-1.109375,0.734375,1.0
10491,357,0,0.25,0.84375,0.0
10492,357,1,1.1875,-0.03125,0.0
10493,357,1,0.546875,-1.75,1.0
10494,357,1,-0.5,-0.4375,0.0
10495,357,1,-1.3125,-0.875,0.0
10496,357,0,-0.03125,2.328125,0.0
10497,357,1,-0.03125,0.171875,1.0
10498,357,1,-2.5,0.28125,1.0
10499,357,0,-0.21875,3.265625,0.0
10500,357,1,0.453125,0.046875,0.0
10501,357,1,0.171875,-0.53125,0.0
10502,357,1,-0.4375,1.296875,0.0
10503,357,1,2.140625,-1.640625,0.0
10504,357,0,0.125,0.484375,1.0
10505,357,1,-1.484375,0.84375,0.0
10506,358,0,-1.8125,2.390625,0.0
10507,358,1,-0.171875,1.078125,1.0
10508,358,1,-0.265625,-1.53125,0.0
10509,358,0,1.859375,-0.65625,0.0
10510,358,1,0.015625,-0.8125,0.0
10511,358,1,-1.625,-0.46875,0.0
10512,358,1,-0.328125,-1.359375,0.0
10513,358,0,-1.734375,2.234375,1.0
10514,358,1,-1.1875,-2.5,1.0
10515,358,1,0.625,-0.890625,0.0
10516,358,1,-0.4375,1.40625,1.0
10517,358,0,0.09375,0.6875,1.0
10518,358,0,-1.671875,0.9375,0.0
10519,358,0,-0.453125,-1.421875,0.0
10520,358,1,-0.96875,0.6875,0.0
10521,358,1,0.015625,0.78125,0.0
10522,358,0,-1.40625,1.203125,0.0
10523,358,1,1.4375,0.671875,0.0
10524,358,1,1.59375,0.046875,0.0
10525,358,1,-0.21875,-0.890625,1.0
10526,358,1,-0.359375,-1.484375,1.0
10527,358,0,-1.40625,-0.25,1.0
10528,358,1,0.453125,1.015625,0.0
10529,358,0,-1.59375,-0.578125,0.0
10530,358,1,0.53125,-0.6875,1.0
10531,358,1,1.0625,0.3125,0.0
10532,358,0,-0.484375,1.265625,0.0
10533,358,1,0.421875,0.171875,0.0
10534,358,0,-0.796875,-0.0625,1.0
10535,358,1,1.09375,2.421875,0.0
10536,358,1,0.1875,0.984375,1.0
10537,358,0,1.0625,1.0,0.0
10538,358,0,0.359375,-0.96875,0.0
10539,358,0,0.78125,0.109375,1.0
10540,358,1,1.46875,-1.171875,1.0
10541,358,1,-0.125,-0.984375,0.0
10542,358,0,-0.625,-0.3125,1.0
10543,359,1,0.90625,-0.25,1.0
10544,359,0,-0.234375,2.390625,0.0
10545,359,1,-0.625,-1.28125,0.0
10546,359,0,-0.421875,-0.703125,1.0
10547,359,1,0.03125,0.25,0.0
10548,359,0,-2.078125,-0.078125,1.0
10549,359,0,0.65625,-1.078125,1.0
10550,359,1,0.984375,-0.765625,1.0
10551,359,0,0.6875,1.8125,1.0
10552,359,1,0.390625,-0.796875,0.0
10553,359,0,-2.046875,-1.15625,0.0
10554,359,1,1.703125,-1.96875,1.0
10555,359,0,0.359375,-1.296875,1.0
10556,359,0,-1.4375,-0.578125,0.0
10557,359,1,0.203125,0.21875,1.0
10558,359,0,-1.078125,-1.53125,0.0
10559,359,1,-0.09375,0.328125,1.0
10560,359,0,-0.9375,0.328125,0.0
10561,359,0,-0.5,-0.5,0.0
10562,359,1,1.28125,-2.21875,0.0
10563,359,0,1.546875,-0.359375,0.0
10564,359,1,-1.328125,0.65625,0.0
10565,359,1,-1.25,-1.375,1.0
10566,359,0,0.109375,0.984375,0.0
10567,359,1,0.28125,0.65625,1.0
10568,359,0,0.6875,-0.21875,0.0
10569,359,0,-1.5625,-1.96875,0.0
10570,359,0,-3.234375,-0.765625,0.0
10571,359,1,0.25,0.734375,1.0
10572,359,0,-0.0625,-1.4375,1.0
10573,359,0,1.296875,-1.765625,1.0
10574,359,0,0.234375,-1.875,0.0
10575,359,0,-0.078125,0.78125,1.0
10576,359,0,-0.390625,-0.015625,1.0
10577,359,1,-0.8125,0.765625,1.0
10578,359,0,-1.296875,-0.703125,0.0
10579,359,0,-1.28125,0.9375,1.0
10580,359,0,1.3125,-1.421875,0.0
10581,360,1,0.984375,-0.40625,0.0
10582,360,0,-0.375,0.15625,0.0
10583,360,1,-0.609375,-1.203125,1.0
10584,360,1,-0.015625,-1.328125,1.0
10585,360,0,-0.375,0.609375,0.0
10586,360,0,-1.203125,-0.21875,1.0
10587,360,1,-0.578125,1.1875,1.0
10588,360,1,-0.5625,0.765625,1.0
10589,360,0,0.734375,1.5,0.0
10590,360,1,1.875,-0.859375,1.0
10591,360,1,-0.34375,-1.15625,0.0
10592,360,1,0.78125,-0.859375,0.0
10593,360,0,1.625,-0.4375,0.0
10594,360,0,0.046875,1.25,0.0
10595,360,1,-0.90625,-0.734375,1.0
10596,360,1,0.765625,-1.296875,0.0
10597,360,1,-0.265625,1.625,1.0
10598,360,1,0.890625,-0.296875,0.0
10599,360,0,1.1875,0.703125,0.0
10600,360,1,0.375,1.125,0.0
10601,360,0,1.125,0.796875,0.0
10602,360,1,1.40625,1.421875,1.0
10603,360,0,-0.875,-0.921875,0.0
10604,360,0,-0.96875,-0.140625,0.0
10605,360,1,1.1875,-1.078125,0.0
10606,360,0,-1.375,-1.53125,1.0
10607,360,0,-0.4375,0.6875,0.0
10608,360,1,2.359375,0.71875,0.0
10609,360,1,1.234375,-0.296875,1.0
10610,360,1,0.46875,1.578125,0.0
10611,360,0,-1.15625,-0.34375,0.0
10612,360,1,1.921875,-0.09375,1.0
10613,360,0,1.234375,1.828125,1.0
10614,360,1,1.671875,-0.765625,1.0
10615,360,1,-1.09375,0.21875,0.0
10616,360,1,-0.640625,-0.65625,1.0
10617,360,0,0.734375,1.296875,1.0
10618,360,1,0.203125,-0.21875,1.0
10619,360,0,-1.046875,0.796875,1.0
10620,361,0,-2.203125,-0.5625,0.0
10621,361,1,0.5625,-0.515625,0.0
10622,361,0,-0.453125,0.9375,0.0
10623,361,1,1.5,-0.109375,1.0
10624,361,1,-0.53125,-0.34375,0.0
10625,361,1,-0.625,0.859375,0.0
10626,361,0,-0.0625,1.296875,0.0
10627,361,1,2.421875,0.21875,0.0
10628,361,1,-0.140625,-1.78125,0.0
10629,361,0,-0.578125,-0.875,0.0
10630,361,0,0.734375,-0.625,1.0
10631,361,1,-1.0,-1.71875,1.0
10632,361,0,0.234375,-1.515625,0.0
10633,361,0,0.296875,-2.078125,1.0
10634,361,1,2.765625,1.015625,0.0
10635,361,1,-1.46875,0.140625,0.0
10636,361,1,0.28125,-0.296875,1.0
10637,361,0,0.71875,1.265625,0.0
10638,361,0,-0.15625,1.0625,0.0
10639,361,1,-1.15625,-0.375,1.0
10640,362,0,0.703125,-0.5625,1.0
10641,362,1,1.765625,0.765625,1.0
10642,362,1,-0.046875,2.03125,1.0
10643,362,0,-0.609375,-0.65625,0.0
10644,362,0,-0.90625,-2.234375,0.0
10645,362,1,0.359375,-0.078125,1.0
10646,362,1,1.53125,-1.375,1.0
10647,362,0,-0.484375,-0.203125,0.0
10648,362,0,-1.703125,-0.015625,0.0
10649,362,1,0.609375,-0.03125,1.0
10650,362,1,-0.6875,-1.421875,0.0
10651,362,1,0.78125,-0.5,0.0
10652,362,1,0.34375,-1.609375,0.0
10653,362,0,1.078125,0.3125,0.0
10654,362,1,1.6875,-1.5,1.0
10655,362,0,-0.953125,-1.6875,1.0
10656,362,0,-1.421875,0.484375,0.0
10657,362,0,0.984375,-0.90625,0.0
10658,362,1,-0.078125,-1.515625,1.0
10659,362,0,-1.234375,0.53125,1.0
10660,362,1,-0.078125,-1.28125,0.0
10661,363,0,-0.203125,-0.03125,1.0
10662,363,0,0.171875,-0.90625,0.0
10663,363,1,1.5625,-0.453125,1.0
10664,363,1,0.46875,-0.375,0.0
10665,363,1,2.421875,0.65625,0.0
10666,363,1,0.875,0.78125,1.0
10667,363,0,-1.59375,1.703125,0.0
10668,363,0,0.265625,1.4375,0.0
10669,363,1,-0.8125,-1.453125,0.0
10670,363,1,0.03125,-0.390625,0.0
10671,363,1,-0.109375,0.171875,1.0
10672,363,1,0.140625,-1.59375,1.0
10673,363,0,0.296875,0.796875,0.0
10674,363,0,-1.046875,-0.328125,1.0
10675,363,1,-1.28125,0.6875,0.0
10676,363,0,-0.359375,0.984375,0.0
10677,363,1,0.6875,1.71875,0.0
10678,363,1,-0.828125,2.328125,1.0
10679,363,0,0.3125,-0.875,0.0
10680,363,1,1.59375,-2.140625,0.0
10681,363,1,1.515625,0.421875,1.0
10682,363,1,-0.8125,-0.546875,1.0
10683,364,1,0.875,-0.484375,0.0
10684,364,0,-0.84375,-0.671875,1.0
10685,364,1,0.859375,-0.734375,1.0
10686,364,1,0.90625,-1.265625,0.0
10687,364,0,-1.5625,-1.03125,0.0
10688,364,0,0.078125,-0.109375,0.0
10689,364,0,-2.03125,0.234375,0.0
10690,364,0,-0.1875,-0.609375,0.0
10691,364,1,0.3125,-1.390625,0.0
10692,364,0,-1.4375,-0.359375,0.0
10693,364,1,0.90625,0.0625,1.0
10694,364,0,-0.4375,1.453125,1.0
10695,364,0,-0.421875,1.953125,1.0
10696,364,0,-0.25,0.703125,1.0
10697,364,1,-0.5,-1.6875,0.0
10698,364,0,0.8125,-0.109375,0.0
10699,364,1,0.3125,0.4375,1.0
10700,364,1,0.296875,-1.71875,0.0
10701,364,1,-0.03125,-0.515625,0.0
10702,364,0,0.0625,0.5,0.0
10703,364,0,-0.859375,-0.453125,1.0
10704,364,0,-0.984375,0.546875,0.0
10705,364,1,0.609375,0.25,1.0
10706,365,0,0.390625,0.9375,0.0
10707,365,1,1.046875,1.109375,0.0
10708,365,0,-2.21875,-0.015625,0.0
10709,365,1,-0.390625,0.5625,1.0
10710,365,0,0.421875,-0.328125,1.0
10711,365,0,0.8125,-1.5,0.0
10712,365,0,-0.546875,-0.734375,0.0
10713,365,1,0.78125,-0.390625,0.0
10714,365,1,0.015625,-0.71875,1.0
10715,365,1,-0.140625,-0.046875,1.0
10716,365,1,-0.234375,0.03125,0.0
10717,365,1,-0.765625,-0.4375,0.0
10718,365,1,1.03125,-0.171875,1.0
10719,365,1,0.140625,-1.1875,0.0
10720,365,0,-1.109375,0.015625,0.0
10721,365,0,0.21875,0.03125,0.0
10722,365,0,-0.0625,-0.484375,0.0
10723,365,1,0.484375,0.078125,1.0
10724,365,1,2.1875,-1.421875,0.0
10725,365,0,-1.4375,0.8125,0.0
10726,365,1,0.109375,-1.890625,1.0
10727,365,0,-0.15625,1.671875,0.0
10728,365,1,-0.5625,-0.234375,0.0
10729,365,0,0.34375,1.578125,1.0
10730,366,0,-0.28125,-1.171875,0.0
10731,366,1,0.015625,1.390625,0.0
10732,366,1,-0.484375,-0.328125,0.0
10733,366,0,-1.21875,-1.96875,0.0
10734,366,0,-1.140625,-0.546875,0.0
10735,366,1,1.109375,-0.3125,0.0
10736,366,0,-0.296875,-2.546875,1.0
10737,366,0,-0.59375,-0.921875,0.0
10738,366,0,-0.171875,-0.234375,0.0
10739,366,0,-2.09375,0.25,1.0
10740,366,0,-0.78125,1.0625,1.0
10741,366,0,0.25,0.3125,0.0
10742,366,1,1.53125,-0.84375,0.0
10743,366,0,-1.21875,-0.09375,0.0
10744,366,1,0.78125,-0.09375,0.0
10745,366,0,-0.921875,0.53125,0.0
10746,366,1,0.359375,0.359375,0.0
10747,366,0,-1.796875,1.015625,0.0
10748,366,1,0.3125,1.640625,0.0
10749,366,0,-0.671875,0.859375,0.0
10750,366,1,0.15625,0.1875,0.0
10751,366,0,-0.53125,0.15625,1.0
10752,366,1,0.171875,-1.578125,0.0
10753,366,0,0.671875,0.5,0.0
10754,366,0,-1.671875,-2.078125,0.0
10755,367,0,-0.546875,0.40625,0.0
10756,367,1,0.03125,0.71875,1.0
10757,367,1,0.5625,-1.5625,1.0
10758,367,1,0.8125,0.03125,0.0
10759,367,1,0.5625,0.859375,0.0
10760,367,0,-1.1875,-0.125,0.0
10761,367,1,0.4375,0.453125,1.0
10762,367,1,-1.734375,-1.15625,0.0
10763,367,1,-1.0625,-2.84375,0.0
10764,367,1,0.46875,-0.09375,1.0
10765,367,0,-0.359375,0.625,1.0
10766,367,1,-0.875,-0.25,0.0
10767,367,1,0.015625,0.4375,1.0
10768,367,1,2.546875,1.046875,1.0
10769,367,1,-1.078125,-0.953125,0.0
10770,367,1,2.5,1.203125,1.0
10771,367,0,-1.125,0.375,0.0
10772,367,0,-0.296875,0.46875,1.0
10773,367,0,0.328125,-0.234375,1.0
10774,367,0,-0.171875,1.359375,0.0
10775,367,0,0.421875,0.203125,0.0
10776,367,1,0.765625,-0.328125,1.0
10777,367,1,-1.71875,-0.34375,1.0
10778,367,1,1.203125,-0.78125,1.0
10779,367,1,-0.28125,-0.046875,1.0
10780,367,1,0.75,0.65625,0.0
10781,368,0,-1.125,0.0,1.0
10782,368,0,-2.21875,0.0,0.0
10783,368,1,0.265625,0.453125,0.0
10784,368,0,-1.078125,-0.765625,0.0
10785,368,1,-0.140625,-0.296875,0.0
10786,368,0,1.421875,2.296875,0.0
10787,368,0,-0.453125,1.140625,0.0
10788,368,0,-1.1875,-1.921875,1.0
10789,368,0,-1.1875,-0.21875,1.0
10790,368,1,0.171875,1.03125,0.0
10791,368,0,-0.546875,-2.515625,1.0
10792,368,1,2.125,0.515625,0.0
10793,368,0,-0.40625,-0.0625,1.0
10794,368,0,-0.78125,0.609375,0.0
10795,368,0,-0.859375,-0.78125,0.0
10796,368,0,-1.390625,0.8125,0.0
10797,368,0,-0.09375,0.296875,0.0
10798,368,0,0.015625,-0.359375,1.0
10799,368,0,-0.625,-1.171875,1.0
10800,368,0,-0.34375,0.234375,1.0
10801,368,0,-1.296875,-0.921875,0.0
10802,368,1,0.046875,-0.515625,0.0
10803,368,0,-1.65625,-1.0625,0.0
10804,368,1,1.359375,-0.96875,0.0
10805,368,1,-0.5625,-0.8125,0.0
10806,368,0,-0.3125,-0.8125,1.0
10807,368,0,0.28125,0.28125,0.0
10808,369,0,1.375,0.125,1.0
10809,369,0,-0.421875,-1.75,0.0
10810,369,0,1.09375,0.09375,1.0
10811,369,0,1.28125,-0.859375,1.0
10812,369,0,0.6875,-0.578125,0.0
10813,369,0,-0.828125,-2.125,0.0
10814,369,1,0.203125,0.46875,1.0
10815,369,0,-0.03125,-0.3125,1.0
10816,369,1,-0.828125,-0.84375,0.0
10817,369,1,-1.703125,-0.03125,1.0
10818,369,0,0.609375,-1.421875,0.0
10819,369,0,0.3125,-0.796875,0.0
10820,369,0,-0.515625,-0.125,0.0
10821,369,1,3.109375,-0.71875,0.0
10822,369,1,0.421875,-1.71875,1.0
10823,369,0,-0.5625,-1.984375,1.0
10824,369,0,0.5625,0.375,0.0
10825,369,0,-1.484375,-2.5,0.0
10826,369,0,-1.28125,0.328125,1.0
10827,369,0,-0.65625,0.484375,1.0
10828,369,0,0.90625,-1.375,0.0
10829,369,0,0.234375,-0.4375,0.0
10830,369,1,1.109375,-0.828125,0.0
10831,369,1,-0.421875,-0.53125,1.0
10832,369,0,-0.578125,-1.21875,0.0
10833,369,0,-0.328125,-0.703125,1.0
10834,369,0,2.578125,-0.875,0.0
10835,369,0,-1.1875,-0.796875,0.0
10836,370,1,-0.28125,-0.703125,0.0
10837,370,0,0.625,-0.125,0.0
10838,370,1,0.015625,1.0,1.0
10839,370,0,-0.203125,1.3125,0.0
10840,370,1,-0.828125,0.046875,0.0
10841,370,0,0.046875,-0.6875,1.0
10842,370,0,-0.8125,-0.203125,0.0
10843,370,0,-0.265625,-0.078125,0.0
10844,370,1,0.46875,-1.1875,0.0
10845,370,0,0.796875,0.421875,0.0
10846,370,1,1.015625,0.09375,1.0
10847,370,1,0.375,-1.8125,1.0
10848,370,0,-1.84375,-2.390625,0.0
10849,370,1,0.171875,0.1875,1.0
10850,370,1,1.984375,0.53125,0.0
10851,370,0,0.90625,-1.09375,0.0
10852,370,0,-0.390625,-0.34375,1.0
10853,370,0,-0.140625,-2.09375,1.0
10854,370,0,0.84375,-1.078125,0.0
10855,370,0,-0.765625,0.03125,0.0
10856,370,0,-1.625,-0.796875,0.0
10857,370,0,0.609375,1.34375,0.0
10858,370,1,-1.265625,1.234375,1.0
10859,370,0,-0.609375,-1.53125,0.0
10860,370,0,-0.296875,0.25,0.0
10861,370,1,-0.484375,-0.015625,0.0
10862,370,1,0.46875,-1.359375,0.0
10863,370,1,-0.203125,-0.609375,0.0
10864,370,0,-0.390625,-0.4375,0.0
10865,371,1,1.046875,0.890625,0.0
10866,371,1,-0.765625,-1.65625,0.0
10867,371,1,-0.484375,1.359375,1.0
10868,371,0,0.65625,0.65625,1.0
10869,371,1,1.46875,1.015625,0.0
10870,371,1,1.0,0.640625,1.0
10871,371,0,0.6875,2.109375,0.0
10872,371,1,0.53125,0.375,1.0
10873,371,1,0.375,-1.3125,1.0
10874,371,1,-1.875,1.9375,1.0
10875,371,1,0.0,0.484375,0.0
10876,371,0,-0.234375,-0.34375,0.0
10877,371,1,-0.0625,0.96875,0.0
10878,371,1,-1.109375,-0.125,1.0
10879,371,0,-1.421875,0.9375,0.0
10880,371,1,-1.703125,0.421875,0.0
10881,371,0,-1.015625,-0.4375,1.0
10882,371,0,1.09375,1.96875,1.0
10883,371,1,-0.203125,0.890625,1.0
10884,371,0,0.140625,1.21875,1.0
10885,371,1,0.546875,-1.21875,0.0
10886,371,0,0.1875,1.140625,0.0
10887,371,1,1.0625,1.0,0.0
10888,371,0,0.203125,-0.328125,0.0
10889,371,0,0.484375,0.03125,1.0
10890,371,1,-0.546875,-0.015625,0.0
10891,371,1,2.078125,-1.03125,0.0
10892,371,1,-1.4375,0.5,0.0
10893,371,0,-0.828125,1.171875,0.0
10894,371,0,-1.375,1.390625,1.0
10895,372,1,-1.703125,-0.625,0.0
10896,372,1,-1.625,-2.96875,1.0
10897,372,0,-1.8125,0.390625,0.0
10898,372,1,0.109375,0.390625,1.0
10899,372,1,-0.3125,0.171875,1.0
10900,372,1,-2.109375,-2.453125,0.0
10901,372,1,-0.1875,0.671875,1.0
10902,372,0,0.3125,-0.5,0.0
10903,372,1,2.578125,-1.203125,1.0
10904,372,0,-0.1875,0.421875,1.0
10905,372,0,-1.390625,-0.140625,0.0
10906,372,1,0.109375,0.75,0.0
10907,372,0,0.28125,1.109375,0.0
10908,372,1,-2.4375,-2.765625,1.0
10909,372,0,-2.546875,0.3125,1.0
10910,372,0,-0.546875,0.40625,0.0
10911,372,0,-1.390625,0.03125,0.0
10912,372,0,-1.3125,0.25,1.0
10913,372,1,1.125,-0.828125,1.0
10914,372,1,-0.03125,-0.140625,0.0
10915,372,0,-0.3125,0.015625,1.0
10916,372,1,0.96875,0.40625,0.0
10917,372,0,0.078125,-0.03125,0.0
10918,372,1,-0.046875,1.203125,1.0
10919,372,1,-0.984375,0.78125,0.0
10920,372,0,0.1875,0.234375,0.0
10921,372,1,0.140625,-0.1875,1.0
10922,372,1,1.34375,0.296875,1.0
10923,372,0,-0.34375,-0.328125,0.0
10924,372,0,-0.828125,1.765625,1.0
10925,372,0,-0.46875,-0.78125,0.0
10926,373,0,1.53125,0.171875,1.0
10927,373,1,3.828125,0.796875,1.0
10928,373,0,0.4375,0.578125,0.0
10929,373,0,-0.203125,-1.15625,0.0
10930,373,1,0.828125,-0.75,1.0
10931,373,0,-0.046875,-0.625,0.0
10932,373,0,-1.578125,-1.890625,0.0
10933,373,0,0.546875,0.484375,0.0
10934,373,1,0.140625,1.015625,1.0
10935,373,1,0.78125,0.75,1.0
10936,373,0,-1.34375,0.78125,0.0
10937,373,0,1.0625,0.046875,0.0
10938,373,0,-0.609375,0.34375,0.0
10939,373,0,-0.546875,-0.359375,1.0
10940,373,0,-0.625,-0.765625,0.0
10941,373,0,-0.125,0.578125,1.0
10942,373,0,-0.75,-0.234375,1.0
10943,373,0,-0.890625,-2.765625,0.0
10944,373,1,2.21875,-0.078125,1.0
10945,373,0,0.9375,0.765625,0.0
10946,373,0,-0.109375,0.53125,0.0
10947,373,0,-1.03125,0.046875,0.0
10948,373,0,-0.484375,-0.6875,1.0
10949,373,0,2.8125,-0.515625,0.0
10950,373,1,0.609375,-2.421875,1.0
10951,373,1,0.5625,-1.6875,1.0
10952,373,0,-0.4375,0.671875,0.0
10953,373,0,1.15625,0.625,0.0
10954,373,0,-0.5625,-0.953125,1.0
10955,373,0,0.546875,0.890625,0.0
10956,373,1,-1.625,-1.046875,0.0
10957,373,1,1.84375,-0.375,0.0
10958,374,0,0.78125,0.359375,0.0
10959,374,0,-0.359375,-0.796875,0.0
10960,374,1,-0.53125,0.625,1.0
10961,374,1,0.890625,0.0625,0.0
10962,374,0,-0.140625,0.5625,1.0
10963,374,0,0.84375,-1.28125,0.0
10964,374,1,1.09375,-1.390625,0.0
10965,374,1,0.15625,0.671875,1.0
10966,374,1,0.828125,-0.671875,1.0
10967,374,1,0.265625,-0.265625,0.0
10968,374,0,0.46875,1.21875,1.0
10969,374,0,1.578125,-0.203125,1.0
10970,374,0,1.59375,-0.484375,0.0
10971,374,1,1.5,-0.390625,0.0
10972,374,1,-0.1875,-0.609375,0.0
10973,374,0,-2.265625,-1.078125,1.0
10974,374,0,-0.921875,0.9375,0.0
10975,374,0,-0.78125,1.546875,1.0
10976,374,0,-0.484375,-1.203125,0.0
10977,374,1,-0.296875,-0.03125,0.0
10978,374,1,0.640625,-1.875,0.0
10979,374,0,0.203125,-0.75,0.0
10980,374,1,1.25,-1.75,1.0
10981,374,0,2.015625,1.09375,0.0
10982,374,0,0.03125,-1.40625,0.0
10983,374,1,-0.8125,-0.03125,0.0
10984,374,1,0.859375,0.90625,0.0
10985,374,1,1.375,0.390625,0.0
10986,374,1,1.234375,-0.640625,0.0
10987,374,1,1.96875,-0.578125,0.0
10988,374,1,1.234375,-0.046875,0.0
10989,374,1,-0.09375,1.296875,0.0
10990,374,0,-0.828125,0.6875,1.0
10991,375,0,-0.484375,0.25,1.0
10992,375,0,-0.890625,-1.453125,0.0
10993,375,1,0.265625,1.359375,0.0
10994,375,0,-1.265625,-0.40625,1.0
10995,375,0,1.203125,-0.171875,1.0
10996,375,0,-1.078125,-0.8125,1.0
10997,375,0,0.390625,-0.8125,1.0
10998,375,1,0.21875,-2.046875,1.0
10999,375,1,0.8125,-1.15625,0.0
11000,375,0,0.03125,-1.6875,1.0
11001,375,0,0.78125,0.375,0.0
11002,375,0,1.140625,-0.515625,0.0
11003,375,0,0.3125,2.140625,0.0
11004,375,0,0.34375,1.328125,0.0
11005,375,1,0.640625,-0.859375,0.0
11006,375,0,-0.6875,-0.234375,1.0
11007,375,1,1.1875,0.078125,0.0
11008,375,1,0.46875,-0.625,0.0
11009,375,0,1.171875,-1.171875,0.0
11010,375,1,-0.53125,-1.46875,1.0
11011,375,0,0.46875,0.125,0.0
11012,375,1,-0.78125,0.296875,1.0
11013,375,0,0.140625,0.890625,0.0
11014,375,0,1.625,-0.84375,0.0
11015,375,1,0.671875,1.3125,1.0
11016,375,0,-1.359375,0.5625,0.0
11017,375,0,-1.046875,-2.046875,1.0
11018,375,1,0.765625,0.46875,1.0
11019,375,1,1.15625,0.171875,0.0
11020,375,0,-0.53125,-0.671875,0.0
11021,375,1,-0.515625,-2.171875,1.0
11022,375,1,-0.234375,-2.625,1.0
11023,375,1,-0.109375,-0.109375,0.0
11024,375,0,-0.609375,0.3125,0.0
11025,376,1,1.65625,0.015625,0.0
11026,376,1,-0.0625,-0.796875,1.0
11027,376,1,0.5625,-2.0625,0.0
11028,376,0,-2.078125,-1.203125,1.0
11029,376,0,-0.09375,-0.625,0.0
11030,376,1,0.90625,0.453125,1.0
11031,376,0,0.453125,-0.65625,0.0
11032,376,0,2.125,-0.8125,0.0
11033,376,1,-0.453125,0.0,1.0
11034,376,0,-2.609375,0.03125,0.0
11035,376,0,-0.578125,1.546875,1.0
11036,376,0,1.078125,0.796875,0.0
11037,376,1,-0.578125,2.765625,1.0
11038,376,0,1.140625,0.671875,0.0
11039,376,1,0.84375,0.296875,0.0
11040,376,1,-0.21875,-1.6875,0.0
11041,376,1,0.390625,-1.484375,0.0
11042,376,1,-0.0625,0.203125,0.0
11043,376,1,-1.171875,1.09375,0.0
11044,376,0,-1.125,-1.0,0.0
11045,376,0,-0.171875,-1.46875,0.0
11046,376,1,-1.390625,-0.90625,0.0
11047,376,1,-1.734375,-1.421875,0.0
11048,376,1,0.609375,-0.359375,0.0
11049,376,0,-0.75,-0.875,1.0
11050,376,1,-0.3125,-0.984375,1.0
11051,376,1,0.53125,0.6875,1.0
11052,376,1,0.0,-0.859375,1.0
11053,376,1,-0.234375,0.828125,0.0
11054,376,0,0.828125,1.828125,1.0
11055,376,0,0.859375,0.625,1.0
11056,376,0,-1.171875,-0.78125,1.0
11057,376,0,-1.3125,1.359375,0.0
11058,376,1,1.34375,-1.5625,1.0
11059,376,1,-0.375,-0.390625,1.0
11060,377,1,0.015625,-1.28125,0.0
11061,377,0,0.140625,-1.515625,0.0
11062,377,0,-1.75,-0.328125,0.0
11063,377,0,1.234375,-0.6875,0.0
11064,377,0,0.71875,-0.75,0.0
11065,377,0,-0.53125,1.5,0.0
11066,377,1,-1.546875,-0.796875,0.0
11067,377,1,0.078125,-0.453125,0.0
11068,377,1,-0.578125,-0.484375,1.0
11069,377,1,0.140625,0.109375,1.0
11070,377,1,0.59375,-0.71875,1.0
11071,377,1,-0.453125,-1.109375,1.0
11072,377,0,0.15625,-1.390625,0.0
11073,377,0,1.234375,-1.34375,1.0
11074,377,0,0.1875,-1.09375,0.0
11075,377,1,-0.3125,-1.421875,1.0
11076,377,1,1.3125,-0.140625,1.0
11077,377,0,-1.046875,0.625,0.0
11078,377,1,0.34375,-1.140625,1.0
11079,377,1,-0.3125,-2.546875,1.0
11080,377,0,-3.5,-0.34375,0.0
11081,377,0,-0.71875,-0.859375,1.0
11082,377,0,0.0,-0.75,0.0
11083,377,0,-1.03125,-1.671875,0.0
11084,377,1,-1.109375,0.515625,0.0
11085,377,0,-0.96875,1.265625,0.0
11086,377,1,0.484375,-1.0,1.0
11087,377,1,-0.1875,-0.546875,0.0
11088,377,1,1.3125,-0.625,1.0
11089,377,0,-0.171875,-0.890625,0.0
11090,377,1,0.890625,-0.15625,1.0
11091,377,0,0.328125,1.109375,1.0
11092,377,1,1.078125,-0.796875,1.0
11093,377,0,-0.515625,0.328125,1.0
11094,377,0,0.09375,1.265625,0.0
11095,377,0,0.28125,-0.0625,0.0
11096,378,1,-0.171875,-0.15625,1.0
11097,378,0,-1.71875,0.78125,0.0
11098,378,0,0.359375,1.0625,1.0
11099,378,1,0.578125,1.40625,0.0
11100,378,0,-0.53125,0.953125,0.0
11101,378,0,-1.046875,1.078125,1.0
11102,378,0,-0.625,-0.140625,0.0
11103,378,0,0.421875,1.3125,0.0
11104,378,1,-1.734375,0.53125,1.0
11105,378,0,0.890625,1.171875,1.0
11106,378,0,-0.609375,-0.421875,0.0
11107,378,1,-0.890625,0.078125,1.0
11108,378,1,-0.515625,-0.875,0.0
11109,378,1,-0.109375,-2.0,1.0
11110,378,1,0.484375,0.171875,1.0
11111,378,0,0.4375,0.703125,0.0
11112,378,1,2.15625,0.53125,0.0
11113,378,0,0.53125,-0.609375,0.0
11114,378,1,-0.0625,-0.484375,0.0
11115,378,1,0.703125,-0.640625,1.0
11116,378,0,-0.53125,-1.234375,0.0
11117,378,1,0.0625,0.140625,1.0
11118,378,0,0.75,0.890625,1.0
11119,378,0,-1.21875,-1.78125,0.0
11120,378,0,0.140625,-0.390625,0.0
11121,378,1,0.453125,-1.625,1.0
11122,378,1,0.578125,0.515625,0.0
11123,378,1,1.859375,-0.453125,0.0
11124,378,0,-1.59375,0.78125,1.0
11125,378,0,-1.34375,0.4375,0.0
11126,378,1,0.171875,0.40625,1.0
11127,378,1,-0.359375,0.53125,1.0
11128,378,1,0.984375,-0.15625,0.0
11129,378,1,0.046875,-0.65625,0.0
11130,378,1,0.296875,-1.53125,1.0
11131,378,1,-0.234375,0.6875,0.0
11132,378,0,-0.171875,0.671875,0.0
11133,379,1,-0.640625,0.34375,1.0
11134,379,0,-0.828125,-1.640625,0.0
11135,379,1,-0.25,-0.515625,0.0
11136,379,0,1.140625,0.0625,1.0
11137,379,0,-1.28125,-1.25,1.0
11138,379,1,-0.34375,-1.703125,1.0
11139,379,1,-0.75,0.625,1.0
11140,379,0,0.5625,-0.265625,0.0
11141,379,1,-0.390625,-0.3125,1.0
11142,379,0,-0.53125,-1.421875,0.0
11143,379,1,0.734375,-0.328125,0.0
11144,379,0,-0.0625,-0.28125,0.0
11145,379,0,-1.234375,0.171875,1.0
11146,379,1,1.296875,0.375,0.0
11147,379,1,0.3125,0.03125,0.0
11148,379,1,0.0625,-0.515625,1.0
11149,379,0,-1.171875,-0.359375,0.0
11150,379,1,1.234375,-0.578125,1.0
11151,379,1,1.125,1.171875,1.0
11152,379,0,0.90625,0.921875,0.0
11153,379,1,-0.765625,-1.296875,0.0
11154,379,1,0.3125,-1.03125,1.0
11155,379,1,0.25,-0.265625,0.0
11156,379,0,0.015625,-1.6875,1.0
11157,379,0,0.140625,0.515625,0.0
11158,379,0,-1.046875,-0.21875,0.0
11159,379,0,-0.484375,-0.9375,0.0
11160,379,0,1.578125,-0.6875,0.0
11161,379,1,0.65625,0.421875,0.0
11162,379,0,-2.65625,-0.4375,0.0
11163,379,0,-1.046875,-1.28125,1.0
11164,379,0,0.421875,1.734375,0.0
11165,379,0,-0.328125,-0.625,0.0
11166,379,0,0.296875,-1.171875,0.0
11167,379,0,-1.125,0.140625,0.0
11168,379,0,-0.828125,-1.453125,0.0
11169,379,0,-0.34375,-0.125,1.0
11170,379,0,0.765625,-0.484375,0.0
11171,380,1,1.390625,1.375,0.0
11172,380,1,1.1875,-2.375,0.0
11173,380,1,1.890625,-0.484375,0.0
11174,380,0,-1.53125,0.046875,0.0
11175,380,1,0.09375,-0.875,0.0
11176,380,0,-1.40625,0.484375,1.0
11177,380,1,1.8125,-0.1875,1.0
11178,380,1,0.21875,1.078125,0.0
11179,380,0,-0.53125,0.53125,0.0
11180,380,1,-1.09375,-0.015625,1.0
11181,380,0,-0.1875,-0.75,1.0
11182,380,0,1.140625,-0.046875,0.0
11183,380,1,-0.03125,0.015625,1.0
11184,380,0,-0.296875,-0.390625,0.0
11185,380,0,-0.5,0.578125,0.0
11186,380,0,-0.84375,-0.28125,0.0
11187,380,1,0.03125,-0.890625,0.0
11188,380,0,-1.90625,1.5625,1.0
11189,380,1,0.1875,-1.78125,0.0
11190,380,1,0.984375,-0.296875,0.0
11191,380,0,-0.234375,-1.1875,1.0
11192,380,0,0.859375,-0.765625,1.0
11193,380,1,1.90625,0.671875,1.0
11194,380,1,-1.484375,0.359375,0.0
11195,380,0,-0.34375,0.359375,0.0
11196,380,0,-0.375,-1.859375,0.0
11197,380,1,1.046875,-0.640625,0.0
11198,380,0,0.078125,0.078125,0.0
11199,380,0,1.34375,-1.515625,1.0
11200,380,1,-0.890625,-0.375,1.0
11201,380,1,0.53125,-0.96875,1.0
11202,380,1,-0.234375,-0.90625,1.0
11203,380,0,-0.875,-2.265625,0.0
11204,380,0,-0.0625,0.296875,0.0
11205,380,1,-0.515625,-1.125,0.0
11206,380,1,-0.859375,-0.34375,0.0
11207,380,1,1.4375,-0.4375,0.0
11208,380,0,0.09375,-0.5,0.0
11209,380,0,-2.09375,0.046875,0.0
11210,381,1,1.03125,-0.4375,0.0
11211,381,0,2.015625,-0.390625,0.0
11212,381,1,1.0625,-0.015625,0.0
11213,381,1,-0.21875,-1.578125,1.0
11214,381,1,0.984375,-1.1875,1.0
11215,381,1,1.234375,-0.90625,0.0
11216,381,1,-0.609375,0.171875,0.0
11217,381,0,-0.234375,0.234375,1.0
11218,381,0,0.25,0.390625,1.0
11219,381,0,1.125,-0.921875,1.0
11220,381,0,1.328125,-0.5,0.0
11221,381,0,-1.921875,-1.546875,1.0
11222,381,0,-1.609375,-0.453125,0.0
11223,381,0,-1.375,-0.65625,0.0
11224,381,0,0.5625,-0.0625,1.0
11225,381,1,2.0,-0.484375,1.0
11226,381,1,0.21875,-1.828125,1.0
11227,381,0,0.0625,-0.1875,1.0
11228,381,1,-0.5,-0.921875,1.0
11229,381,0,-1.71875,0.96875,1.0
11230,382,1,0.984375,-0.734375,0.0
11231,382,1,-0.328125,-0.875,0.0
11232,382,1,-0.78125,0.109375,1.0
11233,382,0,-1.734375,0.84375,0.0
11234,382,1,1.03125,0.46875,0.0
11235,382,1,-1.734375,-1.578125,1.0
11236,382,1,0.59375,0.875,1.0
11237,382,0,-0.203125,0.34375,0.0
11238,382,0,0.171875,0.15625,0.0
11239,382,1,-0.21875,0.46875,0.0
11240,382,0,-0.9375,-0.25,0.0
11241,382,1,-0.984375,0.4375,1.0
11242,382,1,0.84375,0.34375,1.0
11243,382,1,-0.4375,-0.34375,0.0
11244,382,0,-1.734375,0.421875,0.0
11245,382,1,1.296875,1.375,0.0
11246,382,1,1.484375,-0.421875,0.0
11247,382,1,0.46875,-0.578125,1.0
11248,382,0,0.578125,-0.0625,0.0
11249,382,0,0.34375,-0.625,1.0
11250,382,0,-0.203125,0.75,0.0
11251,383,1,-0.234375,-0.484375,1.0
11252,383,1,0.03125,0.609375,1.0
11253,383,1,-0.96875,-0.25,1.0
11254,383,0,1.359375,0.0,0.0
11255,383,0,-0.03125,0.5625,0.0
11256,383,1,0.453125,-1.578125,0.0
11257,383,1,0.15625,-0.828125,0.0
11258,383,0,-0.015625,-0.609375,0.0
11259,383,1,1.015625,1.40625,0.0
11260,383,1,-0.15625,-0.359375,1.0
11261,383,1,1.484375,-2.359375,0.0
11262,383,0,0.5625,0.734375,0.0
11263,383,0,-1.59375,1.3125,0.0
11264,383,1,0.875,-0.203125,0.0
11265,383,1,-0.921875,-1.03125,0.0
11266,383,1,1.75,-0.046875,0.0
11267,383,1,-1.984375,0.40625,1.0
11268,383,0,-1.5,-0.03125,0.0
11269,383,1,0.703125,-0.828125,0.0
11270,383,1,-1.25,-0.5625,0.0
11271,383,0,0.796875,-0.171875,1.0
11272,383,1,0.90625,0.0,1.0
11273,384,1,1.21875,0.78125,1.0
11274,384,1,-1.984375,0.40625,0.0
11275,384,1,1.71875,-0.203125,1.0
11276,384,0,0.53125,-1.046875,0.0
11277,384,1,-0.71875,-0.4375,1.0
11278,384,0,2.53125,-0.421875,0.0
11279,384,1,0.921875,1.0625,0.0
11280,384,1,-0.640625,0.375,0.0
11281,384,0,0.953125,-0.328125,0.0
11282,384,0,0.5625,0.234375,0.0
11283,384,0,0.546875,0.3125,1.0
11284,384,0,0.28125,0.140625,0.0
11285,384,0,-0.796875,-0.234375,0.0
11286,384,0,-0.09375,0.515625,0.0
11287,384,0,0.375,-0.8125,0.0
11288,384,1,0.15625,1.765625,1.0
11289,384,0,-0.40625,-1.5625,1.0
11290,384,0,1.0,0.96875,1.0
11291,384,0,-0.328125,0.0625,1.0
11292,384,1,0.359375,-0.46875,0.0
11293,384,0,0.109375,1.359375,1.0
11294,384,1,1.046875,2.171875,1.0
11295,384,1,-2.046875,2.140625,1.0
11296,385,1,-0.78125,0.78125,0.0
11297,385,0,1.109375,1.3125,0.0
11298,385,1,1.203125,0.640625,0.0
11299,385,1,0.84375,-0.1875,1.0
11300,385,1,0.109375,-1.390625,0.0
11301,385,1,-0.5625,-0.125,0.0
11302,385,1,0.6875,-1.21875,1.0
11303,385,0,-0.703125,0.203125,0.0
11304,385,1,0.578125,1.953125,0.0
11305,385,1,-1.0625,-0.609375,0.0
11306,385,0,0.046875,1.265625,1.0
11307,385,0,1.421875,0.28125,0.0
11308,385,1,2.578125,-1.015625,0.0
11309,385,1,1.140625,-0.09375,0.0
11310,385,0,0.390625,0.5625,0.0
11311,385,0,-0.21875,0.734375,1.0
11312,385,0,0.546875,-0.703125,0.0
11313,385,1,0.859375,0.578125,1.0
11314,385,0,0.328125,1.3125,0.0
11315,385,1,-0.546875,0.3125,1.0
11316,385,0,0.5625,2.078125,0.0
11317,385,0,1.5,0.515625,0.0
11318,385,0,0.75,-0.953125,1.0
11319,385,1,-0.296875,-0.375,0.0
11320,386,1,0.796875,-1.640625,1.0
11321,386,0,-1.0625,-0.65625,0.0
11322,386,1,-0.40625,0.578125,0.0
11323,386,0,0.546875,0.40625,0.0
11324,386,1,1.484375,-1.296875,0.0
11325,386,0,0.71875,-1.953125,0.0
11326,386,1,-0.625,0.265625,1.0
11327,386,1,-1.265625,1.046875,0.0
11328,386,0,-0.4375,0.3125,0.0
11329,386,0,-0.65625,-1.75,0.0
11330,386,0,-1.234375,0.234375,1.0
11331,386,1,0.375,0.515625,1.0
11332,386,0,0.6875,-0.5,0.0
11333,386,0,1.3125,-1.84375,0.0
11334,386,0,-1.46875,-0.78125,0.0
11335,386,1,0.96875,-1.0,1.0
11336,386,0,-0.96875,-0.5625,0.0
11337,386,0,-2.796875,1.1875,0.0
11338,386,0,0.828125,-0.390625,1.0
11339,386,1,-1.265625,-0.09375,0.0
11340,386,1,0.015625,0.390625,0.0
11341,386,0,0.609375,1.03125,0.0
11342,386,0,0.390625,0.53125,1.0
11343,386,0,-1.59375,-0.609375,1.0
11344,386,1,0.515625,-0.296875,0.0
11345,387,0,0.25,2.171875,0.0
11346,387,1,0.046875,-0.484375,0.0
11347,387,0,0.375,1.15625,0.0
11348,387,1,1.0625,1.765625,1.0
11349,387,1,0.046875,-1.984375,0.0
11350,387,1,0.78125,-3.03125,1.0
11351,387,0,1.40625,-0.109375,0.0
11352,387,1,0.96875,-2.46875,1.0
11353,387,1,0.421875,-2.265625,0.0
11354,387,1,0.234375,0.96875,1.0
11355,387,0,-2.125,2.140625,0.0
11356,387,1,-0.421875,-0.609375,1.0
11357,387,1,-0.546875,-1.0,1.0
11358,387,0,1.390625,-0.328125,0.0
11359,387,0,-0.890625,0.25,1.0
11360,387,0,-0.953125,0.28125,0.0
11361,387,1,-0.828125,-0.234375,1.0
11362,387,1,-1.203125,-0.59375,1.0
11363,387,0,-0.71875,-1.078125,0.0
11364,387,1,-0.265625,-0.28125,1.0
11365,387,0,-0.75,-0.59375,0.0
11366,387,1,-0.140625,2.203125,0.0
11367,387,1,0.265625,-2.875,0.0
11368,387,1,0.15625,0.6875,0.0
11369,387,1,0.1875,-1.0625,1.0
11370,387,0,-0.453125,0.65625,0.0
11371,388,0,0.65625,-0.40625,0.0
11372,388,0,-1.34375,-0.65625,0.0
11373,388,1,0.421875,-2.078125,1.0
11374,388,1,-0.71875,-2.15625,0.0
11375,388,1,0.109375,-0.71875,1.0
11376,388,1,1.9375,-1.828125,1.0
11377,388,0,1.015625,-1.8125,0.0
11378,388,1,0.71875,-1.171875,0.0
11379,388,0,2.0,0.625,1.0
11380,388,0,0.53125,-0.25,1.0
11381,388,1,0.375,-0.34375,0.0
11382,388,0,0.4375,-0.96875,0.0
11383,388,1,0.875,0.6875,0.0
11384,388,0,2.421875,-1.65625,0.0
11385,388,0,-1.09375,-0.921875,1.0
11386,388,0,-2.328125,-0.21875,1.0
11387,388,0,0.15625,-0.734375,0.0
11388,388,0,0.640625,-1.828125,0.0
11389,388,0,-1.265625,-1.328125,0.0
11390,388,0,0.8125,-1.71875,0.0
11391,388,0,1.75,-0.375,1.0
11392,388,0,-0.640625,-0.71875,0.0
11393,388,0,0.984375,-1.203125,0.0
11394,388,0,-0.5625,-1.28125,1.0
11395,388,0,1.265625,-1.21875,0.0
11396,388,0,0.15625,-1.03125,1.0
11397,388,0,0.40625,-0.296875,1.0
11398,389,1,-0.15625,0.578125,0.0
11399,389,1,0.484375,1.328125,1.0
11400,389,1,-0.046875,0.96875,1.0
11401,389,0,-0.65625,1.90625,1.0
11402,389,1,-0.015625,0.921875,0.0
11403,389,1,-0.40625,1.46875,0.0
11404,389,0,-0.546875,-0.375,1.0
11405,389,1,-0.640625,0.671875,1.0
11406,389,1,-0.09375,0.890625,1.0
11407,389,0,0.1875,1.171875,0.0
11408,389,1,-1.734375,1.125,1.0
11409,389,0,-0.296875,2.828125,1.0
11410,389,1,-1.4375,0.5,1.0
11411,389,1,-0.25,1.21875,0.0
11412,389,0,-1.859375,0.609375,0.0
11413,389,1,1.140625,1.859375,1.0
11414,389,1,0.453125,-2.46875,0.0
11415,389,1,1.15625,-0.046875,0.0
11416,389,1,-0.046875,-0.734375,0.0
11417,389,1,-0.453125,-1.125,0.0
11418,389,1,1.734375,-0.015625,1.0
11419,389,1,-0.296875,0.9375,1.0
11420,389,1,-0.40625,0.671875,1.0
11421,389,1,-0.484375,0.0625,1.0
11422,389,1,-0.9375,-0.8125,0.0
11423,389,0,-1.890625,0.546875,1.0
11424,389,1,-1.078125,0.0625,0.0
11425,389,1,0.1875,2.8125,1.0
11426,390,1,0.078125,-1.21875,1.0
11427,390,0,0.484375,-0.296875,0.0
11428,390,1,-1.0625,-1.84375,0.0
11429,390,1,0.078125,0.0625,0.0
11430,390,1,2.453125,-0.859375,0.0
11431,390,0,-0.8125,0.15625,1.0
11432,390,1,-0.203125,-1.4375,0.0
11433,390,1,2.140625,0.203125,1.0
11434,390,0,0.078125,1.21875,0.0
11435,390,1,1.15625,0.765625,1.0
11436,390,0,-1.296875,0.125,1.0
11437,390,1,-1.65625,-0.0625,1.0
11438,390,0,-1.265625,-0.8125,0.0
11439,390,0,-0.1875,-0.234375,1.0
11440,390,0,0.765625,-2.046875,1.0
11441,390,1,0.75,-0.6875,0.0
11442,390,1,-0.21875,-1.71875,1.0
11443,390,0,1.703125,-1.328125,1.0
11444,390,1,0.390625,-0.484375,1.0
11445,390,0,-0.140625,-0.71875,0.0
11446,390,1,0.609375,0.34375,1.0
11447,390,0,0.65625,-0.15625,0.0
11448,390,0,-0.75,0.1875,0.0
11449,390,1,-1.484375,-1.40625,1.0
11450,390,1,1.28125,-1.34375,1.0
11451,390,0,0.125,0.484375,0.0
11452,390,1,-1.703125,-0.640625,0.0
11453,390,1,1.40625,-0.65625,0.0
11454,390,0,-0.234375,0.96875,1.0
11455,391,0,-1.859375,0.296875,0.0
11456,391,0,-0.484375,1.84375,0.0
11457,391,0,-0.625,-0.34375,0.0
11458,391,0,1.0,0.328125,1.0
11459,391,1,0.359375,0.671875,0.0
11460,391,1,0.984375,-2.015625,0.0
11461,391,1,-0.4375,-0.328125,1.0
11462,391,0,1.6875,0.234375,0.0
11463,391,0,-1.265625,0.125,0.0
11464,391,1,-0.78125,0.375,0.0
11465,391,1,0.421875,-0.15625,1.0
11466,391,1,-0.453125,1.046875,1.0
11467,391,1,1.609375,-2.40625,0.0
11468,391,0,1.140625,2.109375,0.0
11469,391,0,1.46875,-0.6875,0.0
11470,391,1,0.71875,0.296875,1.0
11471,391,1,-0.953125,-0.453125,1.0
11472,391,0,-1.140625,0.828125,0.0
11473,391,0,-0.328125,0.421875,0.0
11474,391,0,-0.375,-1.609375,1.0
11475,391,1,0.515625,-1.25,1.0
11476,391,0,-1.859375,0.40625,0.0
11477,391,0,-0.421875,-0.3125,0.0
11478,391,0,-0.546875,0.546875,0.0
11479,391,1,-0.390625,-2.546875,1.0
11480,391,1,0.453125,-0.53125,0.0
11481,391,0,0.40625,-2.265625,1.0
11482,391,0,-0.53125,-0.125,0.0
11483,391,1,0.484375,-0.078125,1.0
11484,391,0,-0.171875,0.4375,1.0
11485,392,0,2.046875,-0.875,0.0
11486,392,1,0.609375,0.96875,0.0
11487,392,0,-2.03125,-0.515625,0.0
11488,392,1,-0.953125,-1.03125,0.0
11489,392,1,0.328125,-1.5,0.0
11490,392,1,-1.59375,-0.859375,1.0
11491,392,0,-0.5,-1.28125,1.0
11492,392,0,0.703125,-2.4375,0.0
11493,392,0,-1.46875,0.5,1.0
11494,392,1,0.1875,0.09375,1.0
11495,392,0,0.421875,0.015625,1.0
11496,392,1,-0.296875,-0.234375,1.0
11497,392,1,0.34375,-1.59375,0.0
11498,392,1,-0.40625,-0.25,1.0
11499,392,0,-1.078125,-0.390625,0.0
11500,392,0,-0.046875,-0.40625,0.0
11501,392,0,-1.828125,-0.84375,0.0
11502,392,0,-0.3125,0.3125,0.0
11503,392,1,-0.53125,-0.34375,1.0
11504,392,1,0.28125,-0.546875,0.0
11505,392,0,3.03125,1.140625,0.0
11506,392,1,0.96875,0.75,1.0
11507,392,0,-0.09375,-0.40625,1.0
11508,392,0,0.28125,-0.734375,0.0
11509,392,1,0.640625,1.421875,1.0
11510,392,0,-1.03125,-0.640625,0.0
11511,392,1,0.765625,-1.953125,0.0
11512,392,0,-1.21875,0.015625,1.0
11513,392,0,0.3125,-0.84375,0.0
11514,392,0,0.46875,1.59375,1.0
11515,392,0,-0.359375,0.546875,1.0
11516,393,1,-1.0625,-0.75,0.0
11517,393,1,0.046875,-1.28125,1.0
11518,393,0,-0.765625,1.296875,0.0
11519,393,0,-0.75,1.546875,0.0
11520,393,1,0.84375,-0.609375,0.0
11521,393,0,-0.53125,1.046875,0.0
11522,393,1,0.375,-1.578125,0.0
11523,393,0,-1.328125,0.203125,1.0
11524,393,1,1.140625,0.859375,1.0
11525,393,1,0.296875,0.953125,1.0
11526,393,1,-0.6875,-0.453125,1.0
11527,393,1,1.203125,0.125,0.0
11528,393,0,-2.421875,-0.15625,0.0
11529,393,1,1.3125,0.875,0.0
11530,393,1,1.109375,-0.296875,0.0
11531,393,0,1.59375,0.828125,0.0
11532,393,0,-1.5625,-0.953125,0.0
11533,393,0,-0.3125,-0.109375,0.0
11534,393,1,1.0625,0.0,1.0
11535,393,0,2.390625,-0.390625,0.0
11536,393,1,1.125,-0.578125,0.0
11537,393,1,-0.46875,0.390625,0.0
11538,393,0,-0.625,-1.0625,0.0
11539,393,1,-0.890625,-0.984375,1.0
11540,393,0,-0.640625,-0.59375,1.0
11541,393,0,1.171875,0.375,1.0
11542,393,0,-1.21875,1.421875,0.0
11543,393,1,0.421875,-0.296875,0.0
11544,393,1,-0.375,-1.234375,1.0
11545,393,1,1.125,-1.9375,1.0
11546,393,1,-0.765625,0.4375,0.0
11547,393,0,-0.515625,0.703125,0.0
11548,394,0,2.140625,-0.734375,0.0
11549,394,1,0.75,-2.09375,0.0
11550,394,1,1.28125,0.96875,1.0
11551,394,1,-0.15625,-0.609375,0.0
11552,394,0,-0.09375,0.203125,1.0
11553,394,0,-0.515625,0.125,0.0
11554,394,0,-0.453125,-0.1875,0.0
11555,394,1,0.578125,-1.28125,1.0
11556,394,0,-1.109375,1.046875,1.0
11557,394,0,-0.078125,-0.359375,0.0
11558,394,1,0.5,0.109375,0.0
11559,394,0,-0.46875,1.765625,0.0
11560,394,0,-2.625,-0.40625,1.0
11561,394,0,-0.15625,0.046875,0.0
11562,394,0,-0.546875,-0.109375,0.0
11563,394,0,-2.359375,-1.8125,0.0
11564,394,1,-1.84375,-1.546875,1.0
11565,394,0,0.109375,-0.359375,1.0
11566,394,0,0.65625,1.734375,0.0
11567,394,1,-0.71875,-1.203125,0.0
11568,394,1,-1.25,1.15625,1.0
11569,394,0,-0.65625,0.9375,0.0
11570,394,1,1.15625,-0.21875,0.0
11571,394,0,0.0625,1.140625,0.0
11572,394,1,0.3125,0.21875,1.0
11573,394,1,-0.484375,-0.8125,1.0
11574,394,1,0.640625,-2.125,1.0
11575,394,0,0.359375,0.265625,0.0
11576,394,0,-0.140625,-1.140625,0.0
11577,394,0,-0.296875,1.515625,0.0
11578,394,0,-0.78125,-0.359375,0.0
11579,394,0,1.125,0.734375,0.0
11580,394,1,0.390625,0.546875,1.0
11581,395,0,0.0,-2.09375,0.0
11582,395,0,0.984375,0.484375,0.0
11583,395,0,-0.640625,-0.21875,1.0
11584,395,1,-0.359375,-2.40625,1.0
11585,395,0,-2.109375,0.296875,0.0
11586,395,0,-0.875,-0.09375,0.0
11587,395,0,0.8125,-0.921875,0.0
11588,395,1,-0.609375,0.21875,1.0
11589,395,0,0.875,-1.40625,0.0
11590,395,0,-1.53125,-1.453125,1.0
11591,395,1,-0.265625,-1.046875,1.0
11592,395,1,-0.265625,0.078125,0.0
11593,395,0,-1.375,1.546875,0.0
11594,395,1,-0.359375,-1.296875,0.0
11595,395,0,0.921875,0.203125,0.0
11596,395,0,-0.171875,-0.15625,1.0
11597,395,0,0.140625,0.6875,0.0
11598,395,1,1.1875,0.09375,0.0
11599,395,1,-0.578125,0.203125,0.0
11600,395,0,-0.78125,0.6875,1.0
11601,395,1,-0.21875,-0.140625,0.0
11602,395,1,-0.359375,-2.296875,1.0
11603,395,1,-0.03125,0.5625,0.0
11604,395,0,-1.890625,-0.59375,0.0
11605,395,0,-0.640625,0.171875,0.0
11606,395,0,-0.609375,-2.625,0.0
11607,395,0,0.875,-2.203125,1.0
11608,395,0,-0.5625,1.078125,1.0
11609,395,0,-0.171875,-1.0625,0.0
11610,395,1,2.359375,0.03125,1.0
11611,395,1,0.21875,0.171875,1.0
11612,395,0,-0.78125,-0.625,0.0
11613,395,1,-2.296875,-3.140625,0.0
11614,395,0,-0.28125,0.265625,1.0
11615,396,0,-1.046875,-1.140625,1.0
11616,396,0,-1.015625,0.0625,0.0
11617,396,1,0.765625,2.046875,0.0
11618,396,1,0.9375,-0.859375,1.0
11619,396,0,1.96875,-1.03125,0.0
11620,396,0,1.3125,-1.390625,0.0
11621,396,0,0.234375,-0.453125,1.0
11622,396,0,-0.640625,-1.3125,1.0
11623,396,0,1.3125,-1.890625,0.0
11624,396,1,-0.125,-1.453125,1.0
11625,396,1,2.0,-2.65625,0.0
11626,396,0,0.34375,-1.40625,0.0
11627,396,1,0.15625,0.96875,1.0
11628,396,0,-0.375,-0.03125,0.0
11629,396,0,0.859375,0.328125,1.0
11630,396,0,1.78125,-0.03125,1.0
11631,396,0,-0.859375,0.4375,0.0
11632,396,0,0.390625,0.03125,0.0
11633,396,0,0.828125,0.40625,1.0
11634,396,1,0.96875,-1.515625,0.0
11635,396,0,0.5625,0.84375,0.0
11636,396,0,-0.8125,-2.109375,1.0
11637,396,0,-0.359375,-2.125,1.0
11638,396,1,0.75,-0.453125,1.0
11639,396,0,-1.109375,0.078125,1.0
11640,396,1,1.984375,-0.265625,0.0
11641,396,1,-0.984375,1.109375,0.0
11642,396,0,-2.765625,-1.4375,1.0
11643,396,0,-0.046875,-0.234375,1.0
11644,396,1,0.09375,-1.921875,1.0
11645,396,0,0.1875,-1.015625,0.0
11646,396,0,-0.734375,0.515625,0.0
11647,396,0,-1.234375,0.109375,0.0
11648,396,0,0.9375,0.390625,1.0
11649,396,1,1.375,-0.453125,0.0
11650,397,0,-0.1875,0.671875,1.0
11651,397,1,-1.4375,-0.703125,1.0
11652,397,0,0.875,-0.46875,0.0
11653,397,0,-0.46875,0.78125,0.0
11654,397,1,-1.34375,-0.015625,1.0
11655,397,1,0.546875,-0.71875,1.0
11656,397,1,0.0,-1.0,1.0
11657,397,1,-0.125,-1.765625,0.0
11658,397,1,1.9375,-0.078125,0.0
11659,397,1,-1.46875,0.25,1.0
11660,397,1,-0.796875,-0.5,0.0
11661,397,0,-1.3125,-1.71875,0.0
11662,397,0,-0.1875,0.96875,1.0
11663,397,0,0.03125,0.53125,0.0
11664,397,0,-0.65625,0.265625,1.0
11665,397,0,-1.5625,-1.4375,0.0
11666,397,0,-0.234375,-0.3125,0.0
11667,397,1,0.359375,-0.78125,0.0
11668,397,1,-0.03125,0.390625,1.0
11669,397,1,-0.515625,0.625,0.0
11670,397,0,1.234375,-0.890625,1.0
11671,397,1,-0.5,0.4375,0.0
11672,397,0,-1.328125,-1.515625,0.0
11673,397,1,-0.859375,-0.515625,0.0
11674,397,1,-0.96875,0.59375,0.0
11675,397,1,-0.734375,-2.546875,1.0
11676,397,1,-0.265625,-0.484375,0.0
11677,397,0,-0.171875,-0.3125,0.0
11678,397,1,-1.328125,-1.28125,0.0
11679,397,0,-0.109375,0.15625,0.0
11680,397,0,-0.921875,-1.25,0.0
11681,397,1,0.640625,1.421875,1.0
11682,397,1,0.28125,-1.40625,1.0
11683,397,0,-0.046875,1.21875,0.0
11684,397,0,-1.609375,0.75,1.0
11685,397,1,-1.53125,-0.28125,0.0
11686,398,0,0.59375,-0.65625,1.0
11687,398,1,-0.203125,0.109375,1.0
11688,398,0,-0.40625,-3.296875,0.0
11689,398,0,-1.21875,-1.40625,1.0
11690,398,0,-0.296875,0.171875,0.0
11691,398,0,-1.796875,-1.703125,1.0
11692,398,0,-0.515625,0.828125,0.0
11693,398,0,-1.890625,0.1875,0.0
11694,398,0,0.703125,-0.890625,0.0
11695,398,0,2.5,0.859375,1.0
11696,398,1,-0.546875,-0.828125,0.0
11697,398,0,-0.25,-0.703125,1.0
11698,398,0,2.125,-1.109375,0.0
11699,398,0,-1.421875,-2.296875,1.0
11700,398,0,0.390625,-0.1875,0.0
11701,398,1,-0.71875,-0.5,0.0
11702,398,1,0.109375,-2.125,1.0
11703,398,1,-1.21875,0.625,1.0
11704,398,0,-1.03125,-1.15625,0.0
11705,398,1,1.546875,-2.0625,0.0
11706,398,0,-0.703125,-0.25,0.0
11707,398,0,1.203125,0.640625,0.0
11708,398,0,0.0625,-0.453125,0.0
11709,398,1,0.40625,0.03125,0.0
11710,398,0,-0.21875,-0.515625,0.0
11711,398,0,0.453125,0.28125,0.0
11712,398,1,0.21875,-0.78125,0.0
11713,398,1,-1.59375,-0.421875,0.0
11714,398,1,0.5625,-1.59375,1.0
11715,398,1,0.046875,-0.09375,1.0
11716,398,0,-0.296875,-0.59375,1.0
11717,398,1,-1.59375,0.734375,0.0
11718,398,1,1.78125,-1.59375,0.0
11719,398,0,-0.96875,0.59375,0.0
11720,398,0,-0.109375,-0.78125,1.0
11721,398,1,0.375,-1.09375,0.0
11722,398,0,-1.84375,0.703125,1.0
11723,399,0,-0.9375,1.046875,1.0
11724,399,0,-1.046875,-0.859375,1.0
11725,399,0,0.09375,-0.828125,0.0
11726,399,0,-1.5625,0.25,0.0
11727,399,0,-1.03125,1.8125,0.0
11728,399,0,-1.109375,0.359375,0.0
11729,399,0,1.578125,-1.640625,0.0
11730,399,0,-0.71875,0.515625,0.0
11731,399,0,-0.0625,-0.5,0.0
11732,399,0,2.28125,-2.890625,1.0
11733,399,0,-1.90625,-1.765625,1.0
11734,399,0,0.671875,-0.3125,0.0
11735,399,0,1.0,-0.140625,0.0
11736,399,0,1.03125,0.359375,0.0
11737,399,0,0.53125,-1.0,0.0
11738,399,0,0.09375,-1.375,1.0
11739,399,0,0.78125,-0.5,0.0
11740,399,0,0.578125,-1.484375,1.0
11741,399,1,0.140625,-0.171875,1.0
11742,399,0,0.90625,-1.390625,0.0
11743,399,0,1.03125,0.96875,0.0
11744,399,1,0.6875,0.453125,1.0
11745,399,0,0.03125,-0.125,0.0
11746,399,0,-1.453125,-1.265625,1.0
11747,399,1,0.953125,-1.421875,1.0
11748,399,1,0.1875,0.390625,1.0
11749,399,0,0.0625,-0.4375,0.0
11750,399,1,1.015625,-2.21875,1.0
11751,399,0,0.953125,0.78125,1.0
11752,399,0,-0.578125,0.5625,1.0
11753,399,0,-0.03125,-1.296875,0.0
11754,399,0,-0.96875,0.34375,0.0
11755,399,1,-1.3125,-0.328125,0.0
11756,399,0,0.25,0.328125,1.0
11757,399,1,1.609375,-1.125,1.0
11758,399,1,-0.59375,-1.46875,0.0
11759,399,0,0.21875,-0.15625,0.0
11760,399,0,-1.5,0.453125,1.0
11761,400,0,0.0625,-1.171875,0.0
11762,400,0,1.171875,-2.9375,1.0
11763,400,0,1.3125,0.015625,0.0
11764,400,1,2.1875,-1.03125,1.0
11765,400,0,-1.375,-0.21875,0.0
11766,400,1,-0.90625,-0.890625,0.0
11767,400,0,-0.375,-1.78125,1.0
11768,400,1,-1.609375,-2.078125,0.0
11769,400,0,-0.4375,-1.6875,1.0
11770,400,1,-0.5,-0.5,1.0
11771,400,1,-0.6875,-0.203125,0.0
11772,400,0,-0.828125,-0.890625,0.0
11773,400,1,-0.578125,-1.390625,1.0
11774,400,0,-0.03125,0.703125,0.0
11775,400,0,0.484375,-1.515625,1.0
11776,400,0,-1.796875,-0.203125,0.0
11777,400,1,-0.390625,-1.046875,1.0
11778,400,0,-0.796875,-1.140625,1.0
11779,400,0,1.640625,-2.46875,1.0
11780,400,0,-0.484375,-0.890625,0.0
11781,400,1,-0.953125,-1.78125,0.0
11782,400,0,-0.25,-2.5625,1.0
11783,400,1,0.53125,-2.84375,1.0
11784,400,1,-1.0625,-0.90625,0.0
11785,400,0,0.578125,-0.21875,1.0
11786,400,1,-2.015625,-0.6875,0.0
11787,400,1,0.15625,0.6875,1.0
11788,400,1,-1.421875,-0.1875,0.0
11789,400,0,1.0625,-0.671875,0.0
11790,400,0,0.765625,-1.40625,0.0
11791,400,0,0.484375,0.359375,0.0
11792,400,1,0.078125,-2.0625,1.0
11793,400,1,-0.046875,0.6875,0.0
11794,400,1,-1.6875,-1.484375,1.0
11795,400,0,1.640625,-0.28125,0.0
11796,400,0,-0.34375,-1.96875,0.0
11797,400,1,1.4375,0.359375,1.0
11798,400,1,1.8125,-0.65625,1.0
11799,400,1,1.34375,-0.71875,1.0
11800,401,0,-0.03125,-0.359375,0.0
11801,401,1,2.671875,0.75,0.0
11802,401,0,0.21875,0.46875,0.0
11803,401,0,0.765625,1.03125,1.0
11804,401,0,0.609375,2.59375,1.0
11805,401,0,-0.578125,0.9375,0.0
11806,401,1,-0.828125,-0.390625,0.0
11807,401,1,1.75,0.828125,0.0
11808,401,1,0.171875,-1.9375,1.0
11809,401,0,0.859375,-1.3125,0.0
11810,401,1,0.40625,-0.703125,1.0
11811,401,0,0.703125,-1.21875,0.0
11812,401,1,-0.265625,-1.9375,0.0
11813,401,1,1.046875,-1.5,0.0
11814,401,0,-0.296875,-0.1875,0.0
11815,401,1,2.25,-1.296875,1.0
11816,401,0,0.03125,-0.421875,0.0
11817,401,0,-0.8125,-0.40625,0.0
11818,401,1,0.796875,-1.234375,1.0
11819,401,1,-0.109375,-0.90625,0.0
11820,402,0,-2.21875,-0.40625,0.0
11821,402,1,0.984375,0.625,0.0
11822,402,0,-1.375,0.75,0.0
11823,402,1,-1.203125,0.40625,1.0
11824,402,0,-0.4375,1.875,0.0
11825,402,1,0.71875,-0.546875,1.0
11826,402,0,0.703125,0.96875,0.0
11827,402,1,1.234375,-1.25,1.0
11828,402,1,-0.421875,-2.140625,0.0
11829,402,0,0.296875,-1.0625,0.0
11830,402,1,1.296875,-0.609375,1.0
11831,402,0,-2.8125,-1.03125,0.0
11832,402,1,1.03125,0.5625,1.0
11833,402,0,-0.5625,0.25,1.0
11834,402,0,-0.375,-1.421875,0.0
11835,402,0,-0.96875,-1.859375,1.0
11836,402,1,-0.328125,-1.203125,0.0
11837,402,1,0.46875,-1.484375,1.0
11838,402,1,0.890625,-1.703125,1.0
11839,402,0,1.15625,1.515625,0.0
11840,402,0,-0.015625,1.3125,0.0
11841,403,0,1.609375,-0.296875,0.0
11842,403,1,-0.796875,-0.46875,0.0
11843,403,1,1.125,-0.765625,1.0
11844,403,0,-0.75,0.0,0.0
11845,403,1,-0.515625,0.03125,0.0
11846,403,1,-1.09375,-0.546875,1.0
11847,403,1,-0.390625,-0.96875,0.0
11848,403,1,1.453125,-1.390625,1.0
11849,403,0,0.5625,1.859375,1.0
11850,403,1,0.875,-0.078125,1.0
11851,403,1,-0.28125,-1.25,1.0
11852,403,0,0.359375,0.5,0.0
11853,403,1,-0.75,-0.984375,0.0
11854,403,1,-0.328125,0.078125,1.0
11855,403,0,-0.140625,-1.140625,0.0
11856,403,0,-0.8125,0.5625,0.0
11857,403,0,-0.09375,-1.15625,0.0
11858,403,1,1.25,-0.296875,1.0
11859,403,1,2.765625,-0.515625,1.0
11860,403,1,0.65625,-2.015625,0.0
11861,403,0,0.75,-0.6875,1.0
11862,403,1,-1.375,-0.84375,1.0
11863,404,1,-0.25,0.359375,0.0
11864,404,1,0.203125,-1.328125,1.0
11865,404,1,-0.015625,-0.5625,1.0
11866,404,1,0.796875,-1.046875,0.0
11867,404,1,0.859375,-0.078125,0.0
11868,404,1,1.234375,-0.3125,0.0
11869,404,0,-0.15625,-0.90625,1.0
11870,404,0,-0.328125,0.8125,1.0
11871,404,0,-0.171875,-2.046875,0.0
11872,404,1,0.1875,-0.890625,1.0
11873,404,1,0.390625,-0.25,0.0
11874,404,1,0.203125,-0.953125,1.0
11875,404,1,-0.578125,-0.984375,0.0
11876,404,0,-0.578125,-0.484375,0.0
11877,404,1,-1.375,-0.3125,0.0
11878,404,1,-1.765625,-0.203125,0.0
11879,404,1,1.203125,-2.375,0.0
11880,404,0,0.078125,0.671875,0.0
11881,404,0,-0.78125,-0.046875,0.0
11882,404,0,-0.609375,-0.421875,1.0
11883,404,1,-0.046875,-1.6875,0.0
11884,404,1,-0.296875,1.015625,0.0
11885,404,0,-2.078125,-2.015625,1.0
11886,405,1,-1.28125,0.359375,1.0
11887,405,0,-1.90625,0.9375,1.0
11888,405,1,0.0625,0.65625,0.0
11889,405,1,0.734375,1.171875,1.0
11890,405,0,1.25,0.890625,0.0
11891,405,1,-0.25,-0.5,0.0
11892,405,1,-0.171875,0.0,1.0
11893,405,1,-0.734375,1.421875,1.0
11894,405,1,0.640625,0.953125,0.0
11895,405,0,-1.46875,0.265625,1.0
11896,405,0,0.84375,-0.125,0.0
11897,405,0,-0.625,1.0625,1.0
11898,405,1,0.0625,0.828125,1.0
11899,405,1,-1.265625,-0.390625,1.0
11900,405,1,-1.484375,-2.359375,0.0
11901,405,1,-0.171875,0.9375,1.0
11902,405,0,0.890625,-1.609375,0.0
11903,405,1,-0.828125,-0.140625,0.0
11904,405,0,1.78125,0.03125,0.0
11905,405,1,-0.8125,-0.40625,1.0
11906,405,0,0.09375,0.421875,0.0
11907,405,1,0.125,0.375,1.0
11908,405,1,-0.21875,-1.625,1.0
11909,405,1,0.84375,2.75,0.0
11910,406,1,-0.171875,-0.296875,1.0
11911,406,1,-1.03125,0.703125,1.0
11912,406,0,0.640625,0.703125,1.0
11913,406,0,0.390625,-1.265625,0.0
11914,406,1,0.546875,0.703125,1.0
11915,406,1,0.28125,-0.5625,1.0
11916,406,0,1.84375,0.890625,0.0
11917,406,1,1.125,1.3125,1.0
11918,406,1,-0.5,-1.109375,1.0
11919,406,0,-1.828125,1.046875,0.0
11920,406,0,-1.296875,-0.5,1.0
11921,406,0,-0.25,-2.078125,1.0
11922,406,1,1.34375,-0.125,1.0
11923,406,1,1.03125,0.34375,0.0
11924,406,1,-0.171875,1.640625,1.0
11925,406,0,-0.453125,0.078125,0.0
11926,406,1,0.046875,-0.84375,0.0
11927,406,1,0.6875,-0.53125,1.0
11928,406,1,-0.5,-1.34375,0.0
11929,406,0,-0.328125,-0.25,0.0
11930,406,1,0.6875,-0.84375,1.0
11931,406,0,0.953125,-0.34375,0.0
11932,406,1,1.53125,0.0,0.0
11933,406,1,-0.75,0.6875,1.0
11934,406,0,0.3125,-1.640625,0.0
11935,407,1,-1.015625,-1.984375,1.0
11936,407,0,-0.6875,-0.15625,1.0
11937,407,1,0.21875,-0.390625,1.0
11938,407,0,-0.515625,0.265625,0.0
11939,407,1,-0.0625,-0.46875,1.0
11940,407,0,-1.703125,-1.109375,1.0
11941,407,0,-1.375,-0.859375,0.0
11942,407,0,0.046875,-0.796875,0.0
11943,407,1,0.234375,-0.859375,0.0
11944,407,0,-1.5625,-0.3125,0.0
11945,407,1,-0.453125,-1.125,0.0
11946,407,0,0.03125,1.53125,0.0
11947,407,0,0.984375,0.90625,0.0
11948,407,0,-0.9375,-1.796875,1.0
11949,407,0,0.359375,-0.1875,0.0
11950,407,1,-0.28125,0.171875,0.0
11951,407,0,0.546875,-0.3125,1.0
11952,407,1,-0.859375,0.171875,1.0
11953,407,0,0.0,1.3125,1.0
11954,407,0,-0.265625,0.390625,0.0
11955,407,0,-1.53125,0.921875,1.0
11956,407,1,-0.515625,-0.484375,0.0
11957,407,1,1.359375,-0.25,0.0
11958,407,1,0.21875,-1.46875,1.0
11959,407,0,0.734375,1.171875,1.0
11960,407,1,-1.1875,-1.21875,0.0
11961,408,1,-0.1875,-1.765625,1.0
11962,408,0,-0.859375,0.9375,0.0
11963,408,1,1.15625,-1.3125,0.0
11964,408,1,0.421875,-0.21875,1.0
11965,408,0,-0.796875,0.9375,1.0
11966,408,1,-1.546875,-1.15625,1.0
11967,408,1,0.5625,-0.046875,0.0
11968,408,1,-0.109375,2.671875,1.0
11969,408,0,-1.15625,1.3125,1.0
11970,408,1,1.84375,-0.046875,1.0
11971,408,1,-2.5625,-1.40625,0.0
11972,408,1,-0.125,-0.96875,1.0
11973,408,1,0.953125,-0.59375,1.0
11974,408,1,-0.84375,0.484375,1.0
11975,408,0,-0.203125,0.375,0.0
11976,408,0,-1.3125,-1.46875,0.0
11977,408,1,-0.40625,-1.9375,0.0
11978,408,0,-0.125,1.28125,1.0
11979,408,1,0.859375,1.03125,1.0
11980,408,1,1.203125,-1.546875,1.0
11981,408,0,-0.890625,-0.1875,0.0
11982,408,1,-0.25,-0.953125,1.0
11983,408,1,1.0,-0.125,0.0
11984,408,0,0.84375,-1.0625,1.0
11985,408,0,-0.453125,1.09375,0.0
11986,408,1,-1.015625,0.296875,0.0
11987,408,1,-2.46875,-2.84375,0.0
11988,409,0,0.0,-1.078125,0.0
11989,409,1,0.921875,-0.265625,0.0
11990,409,1,-0.5,-1.421875,0.0
11991,409,1,0.1875,-0.09375,0.0
11992,409,0,-0.1875,-0.078125,0.0
11993,409,1,-1.40625,-0.03125,0.0
11994,409,1,-0.03125,-1.671875,1.0
11995,409,0,0.171875,-0.359375,0.0
11996,409,1,0.90625,-0.75,1.0
11997,409,1,-0.328125,-1.203125,1.0
11998,409,0,0.234375,0.109375,0.0
11999,409,1,0.71875,-0.96875,1.0
12000,409,0,-0.765625,2.609375,0.0
12001,409,0,-0.21875,-0.796875,0.0
12002,409,0,0.921875,0.796875,0.0
12003,409,1,0.421875,1.453125,1.0
12004,409,0,1.203125,-0.015625,0.0
12005,409,0,0.046875,1.125,0.0
12006,409,0,0.125,-0.203125,0.0
12007,409,0,-0.828125,-0.421875,0.0
12008,409,0,0.421875,-1.625,0.0
12009,409,0,-0.09375,-1.375,0.0
12010,409,0,-1.109375,-0.75,0.0
12011,409,0,0.15625,1.3125,0.0
12012,409,1,1.359375,0.96875,1.0
12013,409,0,-2.90625,0.953125,0.0
12014,409,1,1.359375,-0.28125,0.0
12015,409,0,-0.703125,-0.484375,0.0
12016,410,0,-1.90625,-0.375,0.0
12017,410,1,0.046875,-1.5,1.0
12018,410,1,0.984375,-0.921875,0.0
12019,410,0,0.9375,0.875,1.0
12020,410,0,-0.328125,-1.453125,0.0
12021,410,0,-0.40625,-0.25,1.0
12022,410,1,0.453125,0.046875,0.0
12023,410,0,-1.25,-0.65625,1.0
12024,410,1,-0.21875,-2.03125,1.0
12025,410,1,1.234375,0.765625,0.0
12026,410,1,0.46875,-0.21875,0.0
12027,410,0,0.125,-1.359375,1.0
12028,410,0,-0.4375,1.25,1.0
12029,410,0,-0.421875,0.015625,0.0
12030,410,1,0.234375,1.078125,1.0
12031,410,1,0.546875,-2.15625,1.0
12032,410,1,-0.46875,0.1875,1.0
12033,410,1,0.546875,-0.328125,1.0
12034,410,0,-1.15625,-1.9375,1.0
12035,410,0,-1.625,0.59375,0.0
12036,410,1,-0.46875,-2.671875,1.0
12037,410,0,0.203125,0.3125,0.0
12038,410,1,0.359375,0.265625,0.0
12039,410,0,0.46875,1.75,1.0
12040,410,1,0.46875,-1.6875,0.0
12041,410,1,0.015625,-0.640625,1.0
12042,410,0,-1.375,-1.203125,0.0
12043,410,1,-0.984375,2.375,1.0
12044,410,1,2.359375,-0.625,0.0
12045,411,0,-0.578125,-1.25,0.0
12046,411,0,-1.515625,0.59375,0.0
12047,411,1,-1.609375,-0.625,1.0
12048,411,1,0.109375,-2.015625,0.0
12049,411,0,-2.375,0.8125,1.0
12050,411,0,1.203125,0.25,0.0
12051,411,1,-0.234375,0.375,0.0
12052,411,0,-0.78125,-0.015625,0.0
12053,411,1,0.703125,0.765625,1.0
12054,411,0,0.21875,1.734375,1.0
12055,411,0,0.578125,-0.328125,1.0
12056,411,1,0.78125,-1.828125,1.0
12057,411,0,-0.921875,-1.796875,1.0
12058,411,1,0.765625,-0.671875,0.0
12059,411,0,-0.171875,0.0625,1.0
12060,411,0,0.25,0.171875,0.0
12061,411,1,0.09375,-1.25,1.0
12062,411,0,0.078125,-1.625,0.0
12063,411,1,-0.015625,0.078125,0.0
12064,411,1,-0.125,-1.296875,1.0
12065,411,0,0.96875,-0.0625,0.0
12066,411,0,0.03125,0.234375,1.0
12067,411,0,-1.296875,0.1875,1.0
12068,411,1,1.421875,-0.65625,1.0
12069,411,0,0.3125,-1.578125,0.0
12070,411,1,-2.53125,-1.734375,0.0
12071,411,0,-2.09375,-0.421875,0.0
12072,411,0,-0.15625,-0.109375,0.0
12073,411,0,-0.625,1.5,0.0
12074,411,0,-1.5,-0.328125,0.0
12075,412,1,0.875,-0.609375,1.0
12076,412,1,0.21875,-0.34375,1.0
12077,412,0,0.53125,1.421875,0.0
12078,412,1,0.28125,-0.140625,0.0
12079,412,1,-1.171875,-0.5625,1.0
12080,412,0,-0.265625,0.15625,0.0
12081,412,0,-1.1875,0.1875,1.0
12082,412,1,-2.03125,0.34375,0.0
12083,412,1,-0.109375,-0.28125,1.0
12084,412,0,0.96875,0.21875,1.0
12085,412,0,1.09375,0.40625,1.0
12086,412,1,-0.125,1.1875,0.0
12087,412,1,1.515625,-0.234375,1.0
12088,412,0,-0.96875,-0.296875,0.0
12089,412,0,0.546875,-1.078125,0.0
12090,412,1,0.125,-0.515625,1.0
12091,412,0,0.875,-0.28125,0.0
12092,412,1,-0.734375,0.890625,0.0
12093,412,1,0.40625,-1.53125,0.0
12094,412,1,-1.765625,0.53125,1.0
12095,412,0,-1.921875,1.984375,0.0
12096,412,1,-2.078125,-1.53125,1.0
12097,412,0,0.828125,-0.171875,0.0
12098,412,0,-1.640625,-0.9375,1.0
12099,412,0,-2.125,-0.203125,0.0
12100,412,0,1.109375,-1.78125,0.0
12101,412,1,1.078125,0.640625,1.0
12102,412,0,-0.765625,1.15625,0.0
12103,412,0,0.53125,-0.28125,0.0
12104,412,1,0.59375,-0.515625,1.0
12105,412,1,0.546875,0.859375,1.0
12106,413,0,-0.265625,0.15625,0.0
12107,413,0,0.984375,-0.9375,0.0
12108,413,0,-0.46875,-0.3125,0.0
12109,413,0,-1.84375,0.5625,0.0
12110,413,1,1.796875,-1.71875,1.0
12111,413,1,-0.71875,-1.59375,0.0
12112,413,0,-0.71875,0.828125,1.0
12113,413,0,-0.609375,-0.78125,0.0
12114,413,0,-0.328125,0.46875,0.0
12115,413,0,-0.8125,0.90625,1.0
12116,413,1,-0.078125,-0.921875,0.0
12117,413,0,-0.5,1.375,1.0
12118,413,1,0.0625,-1.21875,1.0
12119,413,0,-0.6875,0.6875,0.0
12120,413,0,-0.34375,-1.65625,0.0
12121,413,1,-0.484375,0.1875,1.0
12122,413,0,0.53125,-1.515625,0.0
12123,413,1,-0.015625,-0.890625,0.0
12124,413,0,-1.6875,-0.59375,0.0
12125,413,0,0.078125,2.828125,0.0
12126,413,0,-0.015625,0.71875,0.0
12127,413,0,-0.953125,-1.28125,1.0
12128,413,1,-0.515625,-1.234375,0.0
12129,413,0,-0.796875,0.296875,0.0
12130,413,1,-0.546875,-1.375,0.0
12131,413,0,-1.109375,1.84375,0.0
12132,413,0,-1.359375,-1.859375,0.0
12133,413,1,-1.046875,-0.578125,1.0
12134,413,0,-0.515625,-0.328125,1.0
12135,413,1,-0.09375,0.171875,0.0
12136,413,0,-0.125,0.109375,0.0
12137,413,0,0.046875,-1.0,1.0
12138,414,0,-2.671875,-0.171875,0.0
12139,414,0,-3.015625,2.109375,0.0
12140,414,1,0.25,-0.234375,1.0
12141,414,0,0.0,0.90625,1.0
12142,414,1,0.546875,0.5,1.0
12143,414,0,-0.65625,0.5625,1.0
12144,414,0,-1.15625,-0.4375,0.0
12145,414,1,0.9375,0.609375,1.0
12146,414,1,1.109375,-0.515625,0.0
12147,414,1,-0.625,0.421875,0.0
12148,414,1,0.109375,1.875,1.0
12149,414,1,-0.078125,-3.015625,1.0
12150,414,1,0.625,0.78125,1.0
12151,414,0,-0.21875,-0.109375,0.0
12152,414,1,0.953125,-0.703125,1.0
12153,414,1,1.03125,0.203125,1.0
12154,414,0,0.5625,-0.59375,1.0
12155,414,1,-0.265625,-0.4375,1.0
12156,414,0,-0.828125,0.515625,0.0
12157,414,0,-1.375,1.640625,1.0
12158,414,1,1.03125,-1.75,0.0
12159,414,0,-0.015625,0.09375,1.0
12160,414,0,-1.0,-1.09375,0.0
12161,414,1,0.453125,-2.03125,0.0
12162,414,1,-0.03125,-0.546875,0.0
12163,414,0,1.34375,-1.875,0.0
12164,414,0,0.703125,0.703125,0.0
12165,414,0,1.0,0.390625,0.0
12166,414,0,0.578125,-0.21875,1.0
12167,414,1,0.265625,0.96875,0.0
12168,414,1,0.265625,-0.390625,0.0
12169,414,1,2.6875,1.09375,0.0
12170,414,0,-0.609375,-1.90625,1.0
12171,415,0,-0.21875,-0.578125,0.0
12172,415,1,0.796875,0.03125,1.0
12173,415,0,1.40625,1.125,1.0
12174,415,0,-0.515625,-0.6875,1.0
12175,415,1,1.265625,0.015625,1.0
12176,415,0,-1.09375,-0.375,0.0
12177,415,0,-1.0625,-2.78125,0.0
12178,415,0,0.4375,-0.640625,0.0
12179,415,1,0.0625,-1.984375,1.0
12180,415,0,-0.859375,-0.109375,0.0
12181,415,1,1.328125,-2.375,0.0
12182,415,1,-1.359375,-0.03125,0.0
12183,415,0,-0.53125,-0.828125,0.0
12184,415,1,0.6875,-2.28125,0.0
12185,415,0,1.28125,-1.4375,1.0
12186,415,0,-0.71875,-0.65625,1.0
12187,415,1,-1.09375,0.34375,0.0
12188,415,1,-0.25,-0.625,0.0
12189,415,0,0.359375,-1.890625,0.0
12190,415,0,0.6875,-1.421875,0.0
12191,415,1,0.265625,-2.609375,1.0
12192,415,1,0.546875,-1.34375,1.0
12193,415,0,-0.65625,-0.59375,1.0
12194,415,0,-0.765625,0.828125,0.0
12195,415,0,-0.40625,-1.796875,1.0
12196,415,1,1.296875,-0.234375,1.0
12197,415,0,-0.921875,-1.8125,0.0
12198,415,1,2.03125,-0.328125,1.0
12199,415,0,-0.515625,-0.765625,1.0
12200,415,0,1.875,-0.984375,0.0
12201,415,0,-2.078125,-0.53125,0.0
12202,415,0,0.171875,0.0625,1.0
12203,415,0,0.265625,0.75,1.0
12204,415,0,-0.140625,0.203125,1.0
12205,416,0,0.640625,0.421875,0.0
12206,416,1,0.234375,-1.671875,0.0
12207,416,0,-0.40625,-0.578125,1.0
12208,416,0,0.484375,-0.140625,0.0
12209,416,0,-0.5625,-1.953125,1.0
12210,416,1,-0.171875,0.03125,1.0
12211,416,1,2.484375,1.125,0.0
12212,416,0,1.703125,-0.03125,0.0
12213,416,1,0.046875,-1.6875,1.0
12214,416,1,-1.15625,-0.21875,0.0
12215,416,1,-1.546875,0.359375,1.0
12216,416,1,-0.125,-0.15625,1.0
12217,416,0,0.09375,0.5,0.0
12218,416,0,-0.90625,-0.4375,0.0
12219,416,0,-0.703125,-1.453125,0.0
12220,416,1,-0.578125,-0.046875,1.0
12221,416,0,-1.03125,-1.765625,0.0
12222,416,0,0.84375,2.515625,0.0
12223,416,1,0.515625,-0.421875,0.0
12224,416,1,0.75,-0.515625,0.0
12225,416,1,-0.890625,-0.5625,1.0
12226,416,0,1.21875,2.4375,1.0
12227,416,1,0.359375,-1.09375,1.0
12228,416,0,-1.28125,0.109375,0.0
12229,416,0,-0.859375,-1.375,0.0
12230,416,1,-0.84375,-1.15625,1.0
12231,416,1,2.21875,0.78125,1.0
12232,416,1,1.5625,1.3125,0.0
12233,416,0,-0.71875,0.5625,0.0
12234,416,1,-0.421875,-0.046875,1.0
12235,416,1,1.203125,-0.65625,0.0
12236,416,0,1.75,0.46875,1.0
12237,416,1,0.390625,-0.40625,1.0
12238,416,0,-3.296875,-0.34375,0.0
12239,416,0,-0.609375,-0.34375,0.0
12240,417,0,-0.875,-0.546875,0.0
12241,417,1,-0.171875,-0.34375,0.0
12242,417,0,0.703125,0.953125,1.0
12243,417,1,-1.140625,-0.078125,1.0
12244,417,1,-1.109375,0.21875,0.0
12245,417,1,-0.875,1.109375,1.0
12246,417,0,0.359375,-0.359375,0.0
12247,417,1,-0.359375,-0.578125,0.0
12248,417,1,0.171875,-1.015625,0.0
12249,417,0,-0.625,-0.671875,0.0
12250,417,0,-0.03125,0.3125,0.0
12251,417,0,0.40625,-0.234375,1.0
12252,417,1,1.03125,0.703125,0.0
12253,417,0,-0.296875,-1.4375,1.0
12254,417,0,-1.0625,-1.640625,0.0
12255,417,1,1.015625,-1.25,0.0
12256,417,1,0.765625,0.109375,0.0
12257,417,1,0.84375,-0.84375,0.0
12258,417,0,-0.03125,-2.078125,1.0
12259,417,0,-0.421875,0.6875,1.0
12260,417,1,0.75,-0.328125,0.0
12261,417,1,1.296875,0.125,1.0
12262,417,1,0.5,0.609375,0.0
12263,417,1,2.0,-0.421875,0.0
12264,417,1,0.390625,-0.421875,1.0
12265,417,1,1.3125,0.25,0.0
12266,417,1,0.328125,0.359375,1.0
12267,417,1,-0.671875,0.265625,1.0
12268,417,1,-0.609375,0.265625,1.0
12269,417,0,-1.484375,-0.296875,1.0
12270,417,0,0.21875,-0.78125,0.0
12271,417,1,-0.015625,0.546875,0.0
12272,417,1,-0.171875,-0.390625,0.0
12273,417,0,-0.21875,-1.859375,1.0
12274,417,0,1.828125,0.84375,0.0
12275,417,1,0.796875,0.421875,1.0
12276,418,1,0.515625,0.8125,1.0
12277,418,1,0.171875,-2.078125,0.0
12278,418,0,0.796875,2.15625,1.0
12279,418,1,-0.359375,-0.734375,0.0
12280,418,1,0.4375,0.0,0.0
12281,418,1,-0.421875,1.296875,0.0
12282,418,1,-0.625,-2.296875,1.0
12283,418,1,0.03125,-0.96875,1.0
12284,418,0,0.984375,-0.265625,0.0
12285,418,0,-0.984375,0.015625,0.0
12286,418,1,-0.796875,-2.5625,0.0
12287,418,0,0.296875,-0.1875,0.0
12288,418,1,0.09375,-0.390625,0.0
12289,418,1,1.1875,0.890625,0.0
12290,418,1,-0.875,-0.53125,0.0
12291,418,1,0.625,0.234375,0.0
12292,418,1,-0.8125,-0.53125,1.0
12293,418,0,-0.296875,-0.84375,1.0
12294,418,0,-0.3125,-2.078125,1.0
12295,418,1,-0.34375,-0.46875,0.0
12296,418,0,-1.53125,-1.15625,0.0
12297,418,0,0.640625,-1.046875,0.0
12298,418,1,-0.078125,-0.15625,1.0
12299,418,1,-1.28125,1.625,0.0
12300,418,1,0.078125,-0.59375,0.0
12301,418,1,0.328125,-1.4375,0.0
12302,418,0,0.28125,-2.0625,1.0
12303,418,1,0.984375,-0.21875,0.0
12304,418,0,-0.140625,-0.171875,0.0
12305,418,1,1.625,-0.0625,1.0
12306,418,1,-1.0625,-0.75,0.0
12307,418,1,0.578125,-2.703125,0.0
12308,418,0,-0.59375,-1.0,0.0
12309,418,1,0.25,-2.0625,1.0
12310,418,1,-0.03125,-1.90625,0.0
12311,418,0,0.25,-0.796875,0.0
12312,418,1,-0.4375,-1.484375,1.0
12313,419,0,1.0,-0.0625,1.0
12314,419,0,0.84375,0.34375,1.0
12315,419,0,-0.28125,-0.0625,0.0
12316,419,1,1.453125,-2.53125,0.0
12317,419,1,0.40625,-1.171875,0.0
12318,419,0,0.46875,-1.0,0.0
12319,419,1,-0.453125,-0.65625,1.0
12320,419,0,-0.0625,-0.71875,1.0
12321,419,0,0.28125,0.5625,1.0
12322,419,0,0.5,-0.734375,1.0
12323,419,1,-0.28125,-0.75,0.0
12324,419,1,-0.375,0.6875,1.0
12325,419,1,0.453125,-0.328125,1.0
12326,419,1,-0.375,-0.6875,1.0
12327,419,1,-0.96875,-1.953125,1.0
12328,419,1,0.59375,1.28125,0.0
12329,419,0,0.625,1.40625,0.0
12330,419,1,-1.34375,-1.671875,1.0
12331,419,0,-1.125,-2.15625,1.0
12332,419,0,-0.046875,-0.390625,0.0
12333,419,0,-1.109375,1.171875,0.0
12334,419,1,0.265625,-0.09375,0.0
12335,419,0,0.8125,-0.28125,1.0
12336,419,1,-0.453125,0.671875,0.0
12337,419,0,0.046875,0.53125,0.0
12338,419,0,-2.0,-0.921875,0.0
12339,419,0,-0.59375,-0.609375,0.0
12340,419,1,-0.25,0.75,1.0
12341,419,0,1.09375,-1.25,1.0
12342,419,0,0.453125,-0.5625,0.0
12343,419,0,0.171875,0.875,0.0
12344,419,0,0.84375,-1.265625,0.0
12345,419,1,1.28125,-1.078125,0.0
12346,419,1,0.671875,-0.453125,1.0
12347,419,0,-0.375,1.5625,0.0
12348,419,1,0.734375,-1.296875,1.0
12349,419,1,0.8125,-1.109375,0.0
12350,419,0,1.953125,0.59375,0.0
12351,420,0,-2.3125,-0.515625,0.0
12352,420,1,-0.96875,0.234375,0.0
12353,420,1,1.078125,-2.5625,0.0
12354,420,0,-1.015625,0.546875,0.0
12355,420,1,-0.390625,-2.28125,1.0
12356,420,1,-0.328125,-0.5,0.0
12357,420,1,0.765625,0.296875,0.0
12358,420,1,1.09375,0.234375,1.0
12359,420,0,-0.734375,-0.15625,0.0
12360,420,0,0.25,0.09375,0.0
12361,420,0,-1.65625,0.53125,1.0
12362,420,1,0.546875,-0.890625,0.0
12363,420,0,0.25,-0.359375,0.0
12364,420,1,-0.25,-0.34375,0.0
12365,420,0,0.578125,0.515625,0.0
12366,420,0,0.09375,-0.65625,1.0
12367,420,1,0.125,-1.390625,1.0
12368,420,0,-1.546875,-0.5625,1.0
12369,420,0,0.296875,-1.265625,0.0
12370,420,1,0.5625,-2.34375,1.0
12371,420,1,0.703125,0.671875,1.0
12372,420,0,-0.671875,1.4375,0.0
12373,420,0,-0.828125,-1.171875,1.0
12374,420,0,-0.25,0.765625,0.0
12375,420,1,-0.796875,-0.78125,0.0
12376,420,0,0.109375,-0.125,0.0
12377,420,0,0.953125,-0.5625,0.0
12378,420,0,0.640625,1.59375,1.0
12379,420,1,-0.03125,-0.125,1.0
12380,420,1,-0.65625,1.09375,0.0
12381,420,1,-0.421875,0.546875,1.0
12382,420,1,0.09375,-0.40625,0.0
12383,420,0,0.0625,0.125,0.0
12384,420,1,-0.359375,-0.09375,0.0
12385,420,1,-1.5,-1.359375,0.0
12386,420,1,-0.65625,-0.890625,1.0
12387,420,0,0.765625,1.90625,1.0
12388,420,0,0.578125,1.640625,0.0
12389,420,1,1.5625,-0.53125,0.0
12390,421,1,2.171875,-0.40625,1.0
12391,421,0,-0.6875,-0.171875,0.0
12392,421,1,-0.0625,-0.75,1.0
12393,421,0,0.5625,0.03125,0.0
12394,421,1,0.140625,-0.15625,0.0
12395,421,0,0.15625,0.015625,1.0
12396,421,1,-0.609375,0.21875,1.0
12397,421,1,-0.65625,-1.65625,0.0
12398,421,0,0.4375,0.578125,0.0
12399,421,1,0.125,-1.65625,0.0
12400,421,1,1.109375,0.015625,1.0
12401,421,1,-0.375,0.046875,0.0
12402,421,0,-0.03125,0.234375,0.0
12403,421,0,-1.125,-1.25,0.0
12404,421,1,-0.03125,-1.03125,1.0
12405,421,1,0.578125,-1.109375,1.0
12406,421,1,-1.96875,-0.765625,0.0
12407,421,0,-0.34375,-1.59375,0.0
12408,421,0,-0.3125,-1.828125,0.0
12409,421,1,-0.015625,0.359375,1.0
12410,422,0,-1.609375,-0.375,1.0
12411,422,0,-1.125,0.375,0.0
12412,422,1,2.515625,1.265625,0.0
12413,422,1,0.34375,-1.5625,1.0
12414,422,1,-0.359375,-0.53125,1.0
12415,422,0,-0.4375,1.375,0.0
12416,422,1,2.125,-0.234375,0.0
12417,422,1,-0.234375,-2.4375,1.0
12418,422,0,0.0625,-0.640625,0.0
12419,422,1,-0.921875,-0.703125,0.0
12420,422,1,-1.328125,-0.109375,1.0
12421,422,1,1.703125,-1.421875,0.0
12422,422,1,-0.546875,1.796875,1.0
12423,422,1,0.890625,0.796875,1.0
12424,422,1,1.140625,0.875,0.0
12425,422,1,2.046875,-1.359375,1.0
12426,422,0,-1.875,1.171875,0.0
12427,422,0,-0.109375,-0.375,0.0
12428,422,0,0.4375,0.5625,0.0
12429,422,0,1.09375,-1.25,0.0
12430,422,1,0.1875,2.484375,1.0
12431,423,0,1.203125,-2.765625,0.0
12432,423,1,-0.859375,-2.296875,0.0
12433,423,1,1.890625,0.09375,0.0
12434,423,0,0.234375,-1.0625,1.0
12435,423,1,1.140625,-0.0625,1.0
12436,423,0,1.640625,-1.3125,0.0
12437,423,1,-0.828125,-2.234375,0.0
12438,423,1,0.328125,0.21875,0.0
12439,423,0,-0.875,-0.359375,0.0
12440,423,0,-0.625,-0.546875,0.0
12441,423,0,1.375,-0.5,0.0
12442,423,0,-1.03125,-0.5625,0.0
12443,423,0,-0.25,-1.078125,1.0
12444,423,0,1.0625,-0.390625,1.0
12445,423,1,0.125,-1.96875,0.0
12446,423,0,1.1875,-1.515625,0.0
12447,423,0,-0.34375,0.0625,0.0
12448,423,0,-0.609375,-0.15625,0.0
12449,423,0,0.484375,-0.09375,0.0
12450,423,0,-1.109375,-1.28125,1.0
12451,423,0,-0.109375,2.125,0.0
12452,423,0,-0.875,-1.40625,1.0
12453,424,1,1.234375,1.109375,1.0
12454,424,1,-2.5,0.015625,1.0
12455,424,1,0.984375,-0.046875,1.0
12456,424,0,1.109375,-1.59375,0.0
12457,424,1,0.5625,0.296875,1.0
12458,424,0,0.21875,-1.8125,0.0
12459,424,1,-0.484375,0.109375,1.0
12460,424,0,-0.640625,-0.78125,1.0
12461,424,0,-0.03125,0.5,1.0
12462,424,1,-1.453125,-1.234375,1.0
12463,424,0,-0.9375,-1.9375,1.0
12464,424,1,-1.21875,-0.25,0.0
12465,424,0,1.734375,-0.203125,1.0
12466,424,0,0.625,1.09375,0.0
12467,424,1,1.234375,1.0,1.0
12468,424,1,0.09375,1.703125,0.0
12469,424,1,0.375,-1.125,0.0
12470,424,1,1.453125,-0.546875,1.0
12471,424,0,1.25,-0.71875,0.0
12472,424,1,1.5625,-0.6875,1.0
12473,424,0,-0.234375,-1.078125,0.0
12474,424,1,0.90625,-2.671875,1.0
12475,424,0,1.828125,-0.5625,0.0
12476,425,1,1.53125,-0.53125,0.0
12477,425,0,-0.046875,-0.0625,0.0
12478,425,0,0.015625,-1.59375,0.0
12479,425,1,0.15625,-1.875,0.0
12480,425,0,-0.515625,-0.171875,0.0
12481,425,0,0.015625,-0.96875,0.0
12482,425,0,-1.140625,0.296875,1.0
12483,425,1,1.359375,-1.140625,0.0
12484,425,1,0.4375,-1.171875,1.0
12485,425,0,0.0625,-0.15625,0.0
12486,425,0,0.921875,-0.53125,0.0
12487,425,1,0.96875,0.265625,0.0
12488,425,1,0.71875,-1.21875,1.0
12489,425,0,-0.96875,0.578125,1.0
12490,425,0,0.171875,-1.0,0.0
12491,425,0,-0.15625,-0.265625,0.0
12492,425,0,-0.125,0.0,0.0
12493,425,0,0.46875,-0.09375,0.0
12494,425,0,0.5,1.46875,1.0
12495,425,1,0.53125,0.359375,1.0
12496,425,1,-0.859375,-0.03125,0.0
12497,425,0,-0.546875,0.640625,0.0
12498,425,0,1.3125,-0.96875,0.0
12499,425,0,0.171875,0.328125,0.0
12500,426,0,-1.421875,0.09375,0.0
12501,426,0,1.3125,0.4375,0.0
12502,426,0,-0.515625,0.6875,1.0
12503,426,1,-0.53125,-0.78125,1.0
12504,426,0,0.890625,0.796875,0.0
12505,426,0,0.90625,-0.421875,1.0
12506,426,1,0.390625,-2.28125,1.0
12507,426,0,-0.640625,-1.78125,1.0
12508,426,1,1.15625,0.578125,1.0
12509,426,1,-0.96875,-0.484375,1.0
12510,426,0,-0.1875,-0.140625,0.0
12511,426,0,-0.765625,-0.578125,0.0
12512,426,0,-1.171875,-0.46875,0.0
12513,426,1,0.953125,-0.421875,0.0
12514,426,1,0.75,1.25,1.0
12515,426,0,0.765625,1.4375,1.0
12516,426,0,1.203125,0.6875,0.0
12517,426,1,-0.390625,0.265625,0.0
12518,426,0,-0.0625,-0.640625,1.0
12519,426,1,-0.796875,-1.6875,1.0
12520,426,0,0.515625,-0.09375,0.0
12521,426,0,-0.046875,0.640625,0.0
12522,426,1,-1.046875,0.9375,0.0
12523,426,1,2.25,-0.609375,1.0
12524,426,1,0.171875,-0.421875,1.0
12525,427,0,-0.8125,1.828125,1.0
12526,427,1,0.21875,-1.5625,1.0
12527,427,0,-0.90625,-2.0625,1.0
12528,427,0,-0.6875,-0.359375,0.0
12529,427,0,0.125,-0.859375,0.0
12530,427,1,-1.390625,-0.90625,1.0
12531,427,1,-1.0,-3.28125,1.0
12532,427,0,0.90625,1.09375,1.0
12533,427,0,-0.984375,-0.078125,0.0
12534,427,0,-0.6875,0.421875,0.0
12535,427,0,-0.5625,0.203125,0.0
12536,427,0,-0.421875,0.1875,1.0
12537,427,0,1.203125,0.296875,0.0
12538,427,1,-0.203125,-0.25,1.0
12539,427,0,0.59375,2.265625,0.0
12540,427,1,0.375,-0.390625,0.0
12541,427,0,-0.0625,0.21875,0.0
12542,427,1,-0.59375,-0.109375,1.0
12543,427,1,0.5625,-0.90625,1.0
12544,427,0,-0.453125,1.3125,1.0
12545,427,1,-0.34375,-1.359375,1.0
12546,427,0,0.5625,-1.984375,0.0
12547,427,0,0.25,-0.109375,1.0
12548,427,1,-0.328125,-0.640625,1.0
12549,427,0,-1.046875,0.9375,0.0
12550,427,1,0.171875,0.125,0.0
12551,428,1,0.140625,0.15625,0.0
12552,428,1,-0.359375,0.609375,0.0
12553,428,0,0.046875,-1.1875,0.0
12554,428,0,-0.75,0.125,0.0
12555,428,0,0.109375,1.484375,1.0
12556,428,0,1.40625,0.203125,0.0
12557,428,0,0.375,0.34375,0.0
12558,428,1,0.359375,-0.65625,1.0
12559,428,0,0.46875,-0.40625,0.0
12560,428,0,-1.078125,1.78125,1.0
12561,428,1,0.65625,-0.921875,0.0
12562,428,1,0.40625,-1.8125,0.0
12563,428,1,1.15625,-0.734375,1.0
12564,428,0,1.59375,0.640625,0.0
12565,428,0,-0.90625,-1.03125,0.0
12566,428,0,-0.40625,-0.984375,0.0
12567,428,0,0.1875,0.125,1.0
12568,428,1,-0.625,-0.59375,1.0
12569,428,0,-2.09375,-1.203125,0.0
12570,428,1,-0.15625,-0.15625,1.0
12571,428,0,0.5,-0.796875,1.0
12572,428,0,-1.171875,0.265625,0.0
12573,428,1,-0.03125,0.953125,1.0
12574,428,1,1.75,0.03125,0.0
12575,428,1,0.59375,-1.40625,0.0
12576,428,1,1.625,0.609375,0.0
12577,428,0,0.75,0.96875,0.0
12578,429,0,-1.40625,-0.15625,0.0
12579,429,1,0.21875,0.28125,0.0
12580,429,0,0.78125,-0.828125,0.0
12581,429,1,-1.9375,0.1875,0.0
12582,429,0,-0.5,-0.28125,1.0
12583,429,0,-0.625,1.21875,0.0
12584,429,1,0.171875,-1.078125,0.0
12585,429,0,-0.21875,-1.125,1.0
12586,429,1,1.25,-2.171875,0.0
12587,429,0,-0.109375,0.125,0.0
12588,429,0,0.703125,0.140625,1.0
12589,429,1,0.375,0.40625,0.0
12590,429,1,-0.578125,-0.65625,1.0
12591,429,0,-0.15625,1.0625,1.0
12592,429,1,2.234375,0.1875,0.0
12593,429,0,-1.96875,-1.71875,0.0
12594,429,0,-1.296875,-0.09375,0.0
12595,429,1,-1.671875,-0.328125,1.0
12596,429,0,1.59375,-2.328125,0.0
12597,429,1,-0.734375,-0.390625,1.0
12598,429,0,-0.515625,1.203125,0.0
12599,429,1,0.234375,1.21875,1.0
12600,429,0,0.71875,0.25,1.0
12601,429,0,-0.953125,1.21875,0.0
12602,429,0,-2.015625,0.09375,0.0
12603,429,0,-0.828125,-0.25,0.0
12604,429,1,-0.6875,-1.4375,0.0
12605,429,0,0.671875,-0.390625,0.0
12606,430,0,-0.78125,1.703125,0.0
12607,430,0,1.953125,-0.953125,1.0
12608,430,1,-0.390625,-0.046875,1.0
12609,430,0,0.640625,0.015625,0.0
12610,430,0,0.046875,-0.3125,1.0
12611,430,0,-1.03125,0.359375,1.0
12612,430,0,-1.34375,-0.328125,0.0
12613,430,0,0.34375,0.6875,0.0
12614,430,1,-0.46875,-1.921875,1.0
12615,430,1,1.21875,-0.9375,0.0
12616,430,1,1.296875,0.34375,0.0
12617,430,1,0.390625,-0.21875,0.0
12618,430,1,0.296875,-0.40625,0.0
12619,430,1,-0.40625,-1.71875,1.0
12620,430,0,0.984375,-0.359375,1.0
12621,430,0,-0.09375,0.28125,1.0
12622,430,1,-0.3125,0.03125,1.0
12623,430,1,-0.4375,2.0625,0.0
12624,430,0,-0.75,1.09375,1.0
12625,430,0,-0.171875,0.46875,1.0
12626,430,1,-1.3125,0.796875,1.0
12627,430,1,0.921875,0.28125,0.0
12628,430,0,1.125,2.0625,1.0
12629,430,0,-3.3125,0.671875,1.0
12630,430,1,0.296875,1.546875,0.0
12631,430,0,-1.515625,-0.375,0.0
12632,430,1,-0.15625,-0.65625,0.0
12633,430,1,-1.140625,1.640625,1.0
12634,430,1,2.125,-0.34375,0.0
12635,431,1,0.78125,-1.703125,0.0
12636,431,0,-2.09375,1.0,0.0
12637,431,0,-1.078125,-0.53125,0.0
12638,431,0,0.46875,0.421875,1.0
12639,431,0,1.53125,-1.203125,0.0
12640,431,0,0.265625,0.453125,0.0
12641,431,1,1.125,-1.453125,0.0
12642,431,1,1.0,1.375,0.0
12643,431,1,0.484375,-1.265625,1.0
12644,431,1,-1.15625,-0.171875,1.0
12645,431,0,0.734375,0.015625,0.0
12646,431,1,0.546875,-1.25,1.0
12647,431,0,1.421875,1.59375,1.0
12648,431,1,-1.0625,-0.984375,0.0
12649,431,1,2.046875,0.5,0.0
12650,431,1,0.5,-1.40625,0.0
12651,431,0,2.59375,-0.34375,0.0
12652,431,0,0.03125,-0.984375,1.0
12653,431,0,-1.828125,-1.125,0.0
12654,431,0,-2.46875,-1.046875,0.0
12655,431,0,-1.390625,1.1875,0.0
12656,431,1,-0.390625,0.75,0.0
12657,431,0,-0.46875,1.640625,0.0
12658,431,1,-0.09375,-1.328125,1.0
12659,431,0,-0.671875,-2.125,0.0
12660,431,1,1.25,-0.515625,1.0
12661,431,1,0.328125,-1.5625,0.0
12662,431,1,-0.875,-0.515625,0.0
12663,431,0,-1.171875,-0.4375,1.0
12664,431,0,-0.40625,-0.640625,0.0
12665,432,1,0.234375,-0.921875,0.0
12666,432,0,0.171875,-1.0625,1.0
12667,432,1,1.609375,-1.125,1.0
12668,432,1,1.25,-0.75,1.0
12669,432,0,-1.28125,0.8125,0.0
12670,432,0,-1.0,0.09375,0.0
12671,432,1,-1.03125,-0.140625,1.0
12672,432,1,0.890625,-2.828125,0.0
12673,432,1,1.765625,-0.25,1.0
12674,432,1,0.0625,-0.890625,1.0
12675,432,0,0.28125,-0.953125,0.0
12676,432,1,-0.6875,-1.078125,0.0
12677,432,0,0.453125,-0.03125,1.0
12678,432,1,-0.078125,0.40625,1.0
12679,432,0,0.21875,-0.109375,0.0
12680,432,0,0.1875,1.859375,0.0
12681,432,1,-1.515625,0.078125,1.0
12682,432,1,-0.5,-2.3125,1.0
12683,432,1,-0.109375,-2.0,1.0
12684,432,1,0.390625,-0.765625,0.0
12685,432,0,1.5625,-0.359375,0.0
12686,432,0,-1.40625,1.59375,0.0
12687,432,1,1.203125,-1.25,0.0
12688,432,0,-1.75,-2.359375,1.0
12689,432,1,1.484375,-0.546875,1.0
12690,432,1,-0.78125,-0.015625,0.0
12691,432,0,0.671875,0.421875,0.0
12692,432,1,-0.765625,-2.484375,0.0
12693,432,0,-1.015625,-1.65625,1.0
12694,432,1,-0.125,-0.859375,0.0
12695,432,0,0.578125,1.359375,0.0
12696,433,1,-1.109375,-0.921875,1.0
12697,433,0,0.15625,-0.515625,0.0
12698,433,0,-1.609375,1.171875,1.0
12699,433,0,0.640625,-0.890625,0.0
12700,433,1,-0.1875,-1.0,1.0
12701,433,0,-0.984375,0.015625,0.0
12702,433,0,1.234375,-2.140625,0.0
12703,433,1,1.109375,-2.15625,1.0
12704,433,1,2.21875,-0.890625,1.0
12705,433,0,-0.296875,-1.109375,0.0
12706,433,0,-0.578125,-1.34375,0.0
12707,433,0,-0.453125,-0.71875,1.0
12708,433,0,0.59375,-1.6875,0.0
12709,433,1,-0.640625,-2.03125,0.0
12710,433,1,0.296875,-0.046875,1.0
12711,433,0,0.734375,-0.125,1.0
12712,433,1,1.640625,-2.234375,0.0
12713,433,0,1.265625,-2.6875,1.0
12714,433,0,0.96875,0.359375,0.0
12715,433,0,-1.4375,-1.234375,0.0
12716,433,1,-1.5625,0.21875,1.0
12717,433,0,-1.625,-0.625,1.0
12718,433,0,0.328125,-1.4375,1.0
12719,433,0,-1.46875,-1.796875,1.0
12720,433,0,-0.34375,-1.75,0.0
12721,433,1,0.8125,-0.484375,1.0
12722,433,0,-0.53125,-1.625,0.0
12723,433,1,0.484375,-0.96875,0.0
12724,433,0,1.296875,-0.84375,1.0
12725,433,0,1.078125,-1.171875,0.0
12726,433,1,-1.03125,-1.09375,0.0
12727,433,1,-0.703125,-0.453125,1.0
12728,434,1,-0.9375,1.78125,1.0
12729,434,0,-0.15625,0.1875,0.0
12730,434,1,-0.78125,1.859375,0.0
12731,434,0,0.546875,0.359375,0.0
12732,434,0,1.03125,0.5625,0.0
12733,434,1,0.734375,-0.5,1.0
12734,434,1,-0.34375,0.265625,0.0
12735,434,0,1.0625,-0.6875,0.0
12736,434,1,1.125,0.546875,1.0
12737,434,0,-0.53125,-1.1875,0.0
12738,434,1,0.828125,0.53125,0.0
12739,434,0,0.5625,-0.09375,0.0
12740,434,0,0.765625,-0.5625,1.0
12741,434,1,-0.375,-1.234375,1.0
12742,434,0,0.375,1.84375,1.0
12743,434,0,-1.125,1.34375,0.0
12744,434,1,1.25,0.328125,1.0
12745,434,1,1.03125,-0.34375,0.0
12746,434,0,-0.0625,1.0625,0.0
12747,434,1,1.4375,-0.3125,0.0
12748,434,0,-2.0,-1.375,1.0
12749,434,1,0.140625,-1.390625,0.0
12750,434,1,-0.234375,-0.265625,0.0
12751,434,1,1.203125,2.359375,1.0
12752,434,1,0.078125,-2.234375,0.0
12753,434,0,-0.171875,-0.1875,0.0
12754,434,1,0.265625,-2.109375,0.0
12755,434,0,-0.234375,-0.5625,0.0
12756,434,1,0.671875,1.265625,1.0
12757,434,0,-0.546875,0.8125,1.0
12758,434,0,-1.46875,1.421875,0.0
12759,434,1,-0.0625,-0.75,1.0
12760,434,0,-2.078125,0.28125,1.0
12761,435,1,2.859375,-1.515625,1.0
12762,435,1,1.5,-1.453125,1.0
12763,435,1,-0.359375,-0.65625,1.0
12764,435,1,0.484375,-0.546875,1.0
12765,435,1,-1.140625,1.875,0.0
12766,435,0,0.203125,-0.6875,0.0
12767,435,0,0.078125,1.703125,0.0
12768,435,0,1.375,0.40625,0.0
12769,435,1,-0.28125,-1.59375,1.0
12770,435,1,0.921875,-0.65625,1.0
12771,435,0,0.46875,-0.609375,0.0
12772,435,1,0.59375,0.03125,1.0
12773,435,0,0.9375,-0.078125,1.0
12774,435,0,-0.21875,1.140625,0.0
12775,435,1,-1.03125,0.71875,1.0
12776,435,0,-0.640625,1.453125,1.0
12777,435,1,1.703125,0.953125,0.0
12778,435,0,-1.234375,0.25,1.0
12779,435,0,1.84375,0.46875,1.0
12780,435,1,0.109375,-1.265625,1.0
12781,435,0,-0.484375,0.328125,0.0
12782,435,0,0.96875,-1.234375,0.0
12783,435,1,-2.015625,-2.359375,0.0
12784,435,0,0.046875,-0.234375,1.0
12785,435,1,-1.3125,-0.1875,0.0
12786,435,1,-3.078125,1.015625,0.0
12787,435,1,1.40625,-1.09375,1.0
12788,435,0,0.984375,-0.0625,1.0
12789,435,1,0.421875,0.4375,1.0
12790,435,1,2.421875,0.359375,1.0
12791,435,1,0.78125,-1.171875,0.0
12792,435,1,1.53125,1.609375,0.0
12793,435,1,-0.078125,0.421875,0.0
12794,435,0,-0.046875,-1.09375,0.0
12795,436,1,1.265625,0.765625,1.0
12796,436,0,1.6875,-0.140625,1.0
12797,436,0,-0.671875,-0.359375,0.0
12798,436,1,-0.90625,0.40625,0.0
12799,436,1,-0.8125,-0.609375,0.0
12800,436,1,1.90625,-2.015625,0.0
12801,436,0,-0.96875,-0.890625,0.0
12802,436,1,1.5,0.328125,0.0
12803,436,0,0.390625,-1.828125,0.0
12804,436,0,1.296875,0.921875,0.0
12805,436,1,0.515625,-1.34375,0.0
12806,436,0,0.796875,-0.078125,1.0
12807,436,0,-2.140625,-1.046875,1.0
12808,436,1,1.0625,-0.296875,0.0
12809,436,1,0.5,-1.0,1.0
12810,436,0,0.75,-0.90625,0.0
12811,436,0,0.15625,-0.09375,0.0
12812,436,1,0.046875,-1.25,1.0
12813,436,1,0.796875,-0.640625,0.0
12814,436,0,-1.0625,-0.71875,1.0
12815,436,1,0.625,-2.234375,0.0
12816,436,0,-0.453125,-1.03125,1.0
12817,436,1,-0.484375,0.484375,1.0
12818,436,0,0.609375,1.109375,1.0
12819,436,1,1.734375,1.4375,1.0
12820,436,1,1.296875,-0.53125,0.0
12821,436,1,0.359375,0.4375,1.0
12822,436,0,-1.0625,-0.21875,0.0
12823,436,0,-1.078125,0.375,0.0
12824,436,0,1.015625,1.59375,0.0
12825,436,0,-0.421875,-0.296875,0.0
12826,436,0,1.484375,1.0,1.0
12827,436,0,-0.46875,0.109375,0.0
12828,436,1,0.28125,-0.734375,1.0
12829,436,1,1.046875,-0.21875,0.0
12830,437,1,0.5,-0.59375,1.0
12831,437,0,-0.734375,-0.890625,0.0
12832,437,1,-0.5,-0.828125,1.0
12833,437,0,-0.515625,-2.71875,1.0
12834,437,1,0.25,-0.25,0.0
12835,437,0,-0.296875,-0.1875,1.0
12836,437,0,-0.046875,-0.515625,0.0
12837,437,0,-0.5625,-0.953125,1.0
12838,437,0,1.78125,0.890625,1.0
12839,437,1,1.765625,1.03125,0.0
12840,437,0,0.359375,-0.875,0.0
12841,437,0,1.125,-1.25,0.0
12842,437,0,-1.078125,-0.546875,0.0
12843,437,0,0.9375,-1.640625,0.0
12844,437,1,-1.53125,-2.453125,1.0
12845,437,1,-0.359375,-0.953125,0.0
12846,437,0,0.234375,-1.203125,0.0
12847,437,0,-0.46875,0.46875,0.0
12848,437,1,-2.0625,-1.0,0.0
12849,437,0,1.234375,0.234375,0.0
12850,437,1,0.515625,-0.4375,0.0
12851,437,1,-0.21875,-0.921875,0.0
12852,437,1,-1.796875,-0.25,1.0
12853,437,0,0.15625,0.0,0.0
12854,437,0,0.5,-0.6875,0.0
12855,437,1,0.1875,0.234375,1.0
12856,437,0,1.234375,-0.53125,0.0
12857,437,0,-0.15625,-0.671875,0.0
12858,437,1,-1.09375,-1.25,1.0
12859,437,0,-0.1875,0.453125,1.0
12860,437,0,0.390625,-0.1875,0.0
12861,437,1,0.046875,-1.59375,0.0
12862,437,0,0.1875,-1.03125,1.0
12863,437,0,-0.625,0.125,0.0
12864,437,0,0.03125,-0.015625,0.0
12865,437,1,-1.125,-1.171875,0.0
12866,438,1,0.015625,-0.53125,1.0
12867,438,0,1.140625,-0.046875,0.0
12868,438,0,1.859375,1.765625,0.0
12869,438,1,-1.296875,0.65625,0.0
12870,438,0,2.03125,-0.40625,0.0
12871,438,0,0.171875,-0.5625,1.0
12872,438,1,1.25,0.8125,0.0
12873,438,0,0.625,1.671875,1.0
12874,438,1,-0.03125,-1.265625,0.0
12875,438,0,-0.796875,1.046875,0.0
12876,438,0,0.140625,1.265625,0.0
12877,438,0,-0.3125,-0.546875,1.0
12878,438,1,0.40625,0.609375,0.0
12879,438,0,-0.65625,-0.234375,1.0
12880,438,0,-0.421875,-0.796875,0.0
12881,438,1,-0.5,0.140625,0.0
12882,438,0,-1.171875,-1.0,1.0
12883,438,1,0.921875,0.28125,0.0
12884,438,1,-0.96875,-1.765625,0.0
12885,438,0,-0.671875,-0.265625,1.0
12886,438,1,0.40625,0.140625,1.0
12887,438,0,-0.609375,-1.078125,0.0
12888,438,0,0.140625,-0.875,0.0
12889,438,0,1.671875,1.265625,0.0
12890,438,1,-0.34375,-0.5625,1.0
12891,438,0,-0.375,-0.78125,1.0
12892,438,0,0.015625,-1.34375,0.0
12893,438,0,-1.828125,-0.453125,0.0
12894,438,1,1.03125,-1.046875,0.0
12895,438,0,-0.59375,-0.59375,0.0
12896,438,1,0.734375,-1.4375,0.0
12897,438,0,-1.21875,-2.34375,0.0
12898,438,0,-3.59375,0.171875,0.0
12899,438,0,1.109375,-0.03125,0.0
12900,438,1,0.953125,0.171875,1.0
12901,438,0,0.90625,-1.6875,0.0
12902,438,0,-2.328125,-1.359375,0.0
12903,439,1,0.59375,0.609375,1.0
12904,439,0,-0.8125,0.65625,0.0
12905,439,1,0.515625,-1.453125,1.0
12906,439,1,-0.234375,0.78125,1.0
12907,439,1,-0.296875,-1.0,0.0
12908,439,1,0.359375,-1.109375,0.0
12909,439,0,0.46875,-1.0625,0.0
12910,439,0,1.015625,-0.53125,0.0
12911,439,1,-1.15625,-0.375,1.0
12912,439,1,-0.265625,-0.4375,1.0
12913,439,0,-1.40625,0.421875,0.0
12914,439,0,0.140625,-0.625,0.0
12915,439,1,-0.53125,-3.15625,1.0
12916,439,1,-0.625,-1.875,0.0
12917,439,1,0.828125,-0.03125,0.0
12918,439,0,-0.46875,-0.234375,1.0
12919,439,1,-0.84375,0.53125,1.0
12920,439,0,-0.078125,-0.15625,1.0
12921,439,1,0.84375,-0.625,0.0
12922,439,1,0.765625,-0.828125,1.0
12923,439,1,-0.828125,0.6875,0.0
12924,439,1,1.53125,-0.546875,0.0
12925,439,1,-0.875,-3.03125,0.0
12926,439,1,2.078125,0.625,0.0
12927,439,1,1.515625,-0.109375,1.0
12928,439,1,0.078125,-1.328125,1.0
12929,439,1,-0.984375,-1.5625,1.0
12930,439,0,0.25,-1.734375,0.0
12931,439,0,-0.53125,0.03125,0.0
12932,439,1,0.546875,0.109375,0.0
12933,439,0,-0.5,-0.40625,0.0
12934,439,1,1.546875,-0.734375,0.0
12935,439,0,-0.78125,0.375,1.0
12936,439,0,-0.453125,-0.625,0.0
12937,439,0,-0.84375,-2.671875,0.0
12938,439,1,0.75,-2.078125,0.0
12939,439,0,-0.09375,0.84375,1.0
12940,439,0,-0.8125,-0.828125,1.0
12941,440,1,0.125,1.171875,1.0
12942,440,1,0.671875,-0.6875,0.0
12943,440,1,0.109375,-0.34375,0.0
12944,440,1,0.78125,0.5,0.0
12945,440,1,0.515625,0.25,0.0
12946,440,0,-0.375,1.765625,0.0
12947,440,1,-0.3125,-1.421875,0.0
12948,440,1,1.03125,-1.03125,0.0
12949,440,1,0.203125,1.375,0.0
12950,440,1,2.0625,-0.15625,1.0
12951,440,1,0.0,-1.53125,0.0
12952,440,1,-1.421875,-0.375,0.0
12953,440,1,-1.375,-1.046875,0.0
12954,440,1,-1.421875,1.71875,1.0
12955,440,0,-1.328125,-0.734375,0.0
12956,440,0,0.578125,-1.78125,0.0
12957,440,1,-0.5,0.546875,0.0
12958,440,0,0.15625,0.65625,0.0
12959,440,1,-0.109375,-0.71875,0.0
12960,440,1,2.0625,-0.234375,0.0
12961,440,1,1.828125,1.6875,1.0
12962,440,0,-2.09375,0.84375,0.0
12963,440,0,0.46875,-1.421875,0.0
12964,440,1,0.296875,0.515625,0.0
12965,440,1,-0.03125,-2.5,0.0
12966,440,0,0.875,-1.46875,0.0
12967,440,1,2.0,0.046875,0.0
12968,440,0,-0.3125,-2.125,1.0
12969,440,0,-1.859375,-0.21875,1.0
12970,440,1,1.859375,-0.3125,0.0
12971,440,0,0.40625,0.828125,0.0
12972,440,0,-0.9375,1.3125,0.0
12973,440,1,1.703125,-2.921875,1.0
12974,440,1,-0.078125,-1.359375,0.0
12975,440,1,-0.4375,-0.671875,0.0
12976,440,0,-0.703125,-1.421875,0.0
12977,440,0,-1.59375,0.15625,0.0
12978,440,1,0.859375,0.171875,1.0
12979,440,1,-0.21875,-0.71875,0.0
12980,441,1,-1.6875,0.28125,1.0
12981,441,0,-1.34375,0.546875,1.0
12982,441,1,-0.765625,0.625,0.0
12983,441,1,0.421875,0.8125,0.0
12984,441,1,1.296875,0.34375,1.0
12985,441,0,-0.1875,-0.21875,1.0
12986,441,0,0.703125,-1.140625,0.0
12987,441,0,-0.3125,-0.203125,0.0
12988,441,1,-0.609375,-1.0625,1.0
12989,441,1,-0.078125,0.609375,1.0
12990,441,1,1.96875,-0.75,0.0
12991,441,1,-0.171875,-0.171875,1.0
12992,441,0,-0.453125,-0.03125,1.0
12993,441,0,0.4375,1.390625,0.0
12994,441,0,1.78125,-0.828125,0.0
12995,441,0,-0.25,-1.1875,0.0
12996,441,0,-0.859375,-0.796875,1.0
12997,441,0,-0.234375,-1.859375,1.0
12998,441,0,0.828125,-1.171875,1.0
12999,441,0,1.03125,-1.0,0.0
13000,442,1,0.421875,1.609375,1.0
13001,442,0,-1.4375,-0.078125,0.0
13002,442,1,2.140625,0.40625,0.0
13003,442,1,0.390625,0.265625,0.0
13004,442,1,0.0625,2.265625,0.0
13005,442,0,0.15625,0.109375,0.0
13006,442,0,0.53125,0.640625,0.0
13007,442,0,-1.421875,2.0625,0.0
13008,442,1,-0.015625,1.53125,1.0
13009,442,1,-0.21875,-0.984375,1.0
13010,442,0,0.6875,-1.609375,1.0
13011,442,1,-0.703125,-1.703125,0.0
13012,442,1,-0.375,-1.734375,1.0
13013,442,1,-0.46875,1.8125,1.0
13014,442,1,-0.78125,1.71875,0.0
13015,442,1,-0.171875,0.765625,0.0
13016,442,1,-0.046875,1.296875,1.0
13017,442,0,1.171875,0.96875,0.0
13018,442,0,-0.875,0.59375,0.0
13019,442,0,1.0,0.515625,0.0
13020,442,1,-0.390625,-0.484375,0.0
13021,443,0,0.75,-0.859375,1.0
13022,443,0,1.0625,-0.578125,0.0
13023,443,0,-0.703125,0.4375,1.0
13024,443,1,0.5,-0.703125,1.0
13025,443,0,0.625,1.46875,1.0
13026,443,1,-0.375,-0.78125,0.0
13027,443,1,-0.5,2.140625,1.0
13028,443,0,-0.0625,-0.890625,0.0
13029,443,1,-0.125,1.09375,1.0
13030,443,1,-1.890625,-1.59375,1.0
13031,443,0,0.15625,1.5625,0.0
13032,443,1,0.421875,0.15625,0.0
13033,443,1,-0.984375,0.234375,1.0
13034,443,1,-3.046875,-1.109375,1.0
13035,443,0,-0.1875,0.09375,1.0
13036,443,1,-1.21875,-0.59375,1.0
13037,443,1,-0.03125,-0.5,0.0
13038,443,0,-0.640625,1.71875,0.0
13039,443,1,2.421875,0.046875,1.0
13040,443,1,0.078125,-0.015625,0.0
13041,443,1,-0.546875,-0.765625,1.0
13042,443,1,-0.40625,-1.328125,0.0
13043,444,1,-1.375,1.078125,0.0
13044,444,0,-0.34375,-0.6875,0.0
13045,444,1,0.734375,0.8125,1.0
13046,444,0,-1.359375,-2.09375,0.0
13047,444,1,-0.921875,-1.234375,1.0
13048,444,1,1.375,0.890625,0.0
13049,444,0,1.046875,-0.625,0.0
13050,444,0,-1.078125,-0.84375,0.0
13051,444,1,0.8125,-0.53125,0.0
13052,444,0,-0.03125,0.09375,0.0
13053,444,1,-0.65625,-1.1875,1.0
13054,444,0,-2.265625,-0.5625,0.0
13055,444,1,2.0,-0.328125,1.0
13056,444,0,1.0,0.4375,0.0
13057,444,0,0.671875,-1.8125,1.0
13058,444,0,1.59375,0.84375,0.0
13059,444,0,-0.8125,0.9375,0.0
13060,444,1,0.828125,0.28125,0.0
13061,444,0,0.53125,-0.109375,0.0
13062,444,1,0.546875,-1.859375,0.0
13063,444,1,0.40625,0.609375,1.0
13064,444,0,0.140625,-0.40625,0.0
13065,444,1,-1.421875,1.28125,1.0
13066,445,0,-0.421875,0.140625,0.0
13067,445,1,0.984375,-2.265625,0.0
13068,445,1,-0.03125,-0.3125,1.0
13069,445,0,0.765625,-1.28125,0.0
13070,445,1,-0.5625,-0.984375,1.0
13071,445,0,0.359375,0.140625,1.0
13072,445,1,-0.6875,0.140625,0.0
13073,445,1,0.390625,-0.015625,0.0
13074,445,0,-2.640625,0.71875,0.0
13075,445,1,-1.40625,-1.671875,0.0
13076,445,1,0.8125,2.640625,1.0
13077,445,0,-1.03125,0.03125,0.0
13078,445,1,1.03125,0.265625,0.0
13079,445,1,0.296875,1.0625,0.0
13080,445,1,2.875,-0.46875,0.0
13081,445,1,0.484375,-0.4375,1.0
13082,445,1,-0.078125,-0.140625,0.0
13083,445,1,0.8125,-1.140625,0.0
13084,445,0,-0.421875,2.109375,1.0
13085,445,0,-0.203125,-1.578125,0.0
13086,445,1,0.859375,-1.046875,1.0
13087,445,1,-0.015625,1.5,0.0
13088,445,0,1.078125,0.9375,0.0
13089,445,1,0.453125,0.421875,1.0
13090,446,0,0.5,1.171875,1.0
13091,446,0,-2.109375,0.0,0.0
13092,446,1,0.28125,-0.71875,0.0
13093,446,0,-0.25,0.0,0.0
13094,446,1,0.515625,1.078125,0.0
13095,446,1,-1.375,-0.40625,0.0
13096,446,0,-0.4375,0.875,0.0
13097,446,0,-0.453125,-1.484375,0.0
13098,446,1,1.0625,-2.21875,0.0
13099,446,0,0.765625,0.109375,1.0
13100,446,1,0.328125,0.046875,1.0
13101,446,1,0.765625,-0.109375,1.0
13102,446,0,-0.703125,1.6875,0.0
13103,446,0,-0.796875,-0.40625,0.0
13104,446,0,2.265625,-0.359375,0.0
13105,446,0,-1.5,0.3125,0.0
13106,446,0,-1.15625,-0.796875,0.0
13107,446,0,-0.046875,-1.375,0.0
13108,446,1,-0.96875,-1.0625,0.0
13109,446,0,-1.4375,0.71875,0.0
13110,446,1,-0.171875,-2.125,1.0
13111,446,0,-1.1875,-1.0625,0.0
13112,446,0,0.25,1.0,0.0
13113,446,0,-1.40625,1.15625,0.0
13114,446,1,0.875,0.75,0.0
13115,447,1,-1.34375,-1.203125,1.0
13116,447,1,0.96875,-2.28125,1.0
13117,447,1,1.828125,-0.171875,1.0
13118,447,0,0.140625,-0.453125,0.0
13119,447,0,-1.1875,-0.28125,0.0
13120,447,0,-0.546875,-0.78125,1.0
13121,447,0,-0.84375,-0.984375,0.0
13122,447,1,-0.078125,-0.578125,0.0
13123,447,0,-0.734375,-1.421875,1.0
13124,447,0,0.125,0.140625,1.0
13125,447,0,1.515625,-0.78125,0.0
13126,447,0,-1.03125,0.875,1.0
13127,447,1,-0.78125,-0.890625,0.0
13128,447,1,-0.125,-0.953125,0.0
13129,447,0,-0.234375,-0.671875,0.0
13130,447,0,0.140625,-0.296875,0.0
13131,447,0,-0.453125,-0.3125,1.0
13132,447,0,-0.421875,1.390625,1.0
13133,447,0,-0.1875,-1.03125,1.0
13134,447,0,-0.53125,1.015625,0.0
13135,447,0,-0.84375,-0.078125,0.0
13136,447,0,-1.96875,0.359375,0.0
13137,447,0,0.703125,-2.1875,1.0
13138,447,0,0.78125,-2.1875,0.0
13139,447,1,1.296875,-1.25,1.0
13140,447,1,0.265625,-1.203125,0.0
13141,448,0,1.1875,-1.90625,0.0
13142,448,1,0.078125,-0.234375,1.0
13143,448,1,0.078125,-0.734375,1.0
13144,448,1,2.296875,0.140625,1.0
13145,448,1,0.890625,-1.109375,0.0
13146,448,0,0.5625,-1.25,1.0
13147,448,1,-0.078125,-0.84375,0.0
13148,448,1,-0.375,0.328125,0.0
13149,448,1,1.03125,0.03125,0.0
13150,448,1,-0.21875,0.203125,1.0
13151,448,0,0.75,0.59375,0.0
13152,448,0,-1.890625,1.15625,1.0
13153,448,1,-0.453125,-0.84375,0.0
13154,448,1,-1.640625,0.8125,1.0
13155,448,1,-0.46875,-0.65625,0.0
13156,448,0,0.640625,-1.609375,0.0
13157,448,0,0.859375,-1.78125,0.0
13158,448,0,0.140625,0.375,0.0
13159,448,0,-0.703125,-0.953125,0.0
13160,448,1,-1.328125,-0.28125,0.0
13161,448,0,0.8125,0.34375,1.0
13162,448,0,-0.609375,-0.5,0.0
13163,448,1,-0.359375,-0.125,0.0
13164,448,0,1.296875,0.90625,0.0
13165,448,1,-0.234375,-0.40625,1.0
13166,448,0,-0.734375,-1.109375,0.0
13167,448,1,1.265625,-2.265625,1.0
13168,449,0,-0.53125,-0.234375,0.0
13169,449,0,0.84375,0.046875,1.0
13170,449,0,0.0625,-0.671875,0.0
13171,449,1,0.1875,0.734375,0.0
13172,449,1,0.28125,-0.203125,0.0
13173,449,0,-3.0,-0.671875,0.0
13174,449,0,-1.265625,-0.046875,0.0
13175,449,1,0.25,-1.203125,1.0
13176,449,0,0.4375,-0.640625,0.0
13177,449,0,-1.734375,-1.484375,1.0
13178,449,0,1.15625,-0.046875,0.0
13179,449,0,0.296875,-0.46875,0.0
13180,449,0,0.078125,0.734375,0.0
13181,449,1,1.1875,-1.71875,0.0
13182,449,0,-1.0,-1.078125,1.0
13183,449,1,0.78125,-0.3125,0.0
13184,449,0,-2.375,-1.1875,1.0
13185,449,0,0.59375,-0.046875,0.0
13186,449,1,0.828125,-0.75,1.0
13187,449,1,0.265625,-1.125,1.0
13188,449,1,0.25,-0.203125,1.0
13189,449,1,0.71875,1.03125,1.0
13190,449,1,0.59375,-2.453125,1.0
13191,449,1,0.15625,-1.46875,0.0
13192,449,1,-0.640625,0.03125,0.0
13193,449,0,0.765625,-0.25,0.0
13194,449,0,-1.859375,-1.734375,1.0
13195,449,1,-0.296875,0.6875,0.0
13196,450,1,0.265625,-1.828125,0.0
13197,450,0,0.234375,-0.59375,0.0
13198,450,0,-0.78125,-1.546875,0.0
13199,450,0,0.078125,-2.859375,1.0
13200,450,1,0.90625,-0.734375,0.0
13201,450,0,-0.09375,-1.234375,0.0
13202,450,0,-0.9375,-1.5,0.0
13203,450,0,-1.359375,-1.265625,0.0
13204,450,0,1.578125,0.765625,0.0
13205,450,0,0.296875,-0.765625,0.0
13206,450,0,-0.40625,-1.953125,0.0
13207,450,0,-0.34375,-0.671875,1.0
13208,450,0,-1.15625,-1.5625,1.0
13209,450,0,-0.765625,-1.703125,0.0
13210,450,0,1.1875,-1.890625,0.0
13211,450,0,-0.109375,-3.203125,0.0
13212,450,1,-0.171875,-2.296875,1.0
13213,450,0,0.046875,-0.796875,1.0
13214,450,0,0.375,-1.234375,1.0
13215,450,0,-0.578125,-2.125,0.0
13216,450,0,-1.53125,0.3125,1.0
13217,450,0,-0.515625,-0.015625,1.0
13218,450,1,0.6875,-2.6875,1.0
13219,450,1,1.390625,-0.96875,0.0
13220,450,0,0.078125,-1.015625,1.0
13221,450,0,1.453125,-0.609375,1.0
13222,450,0,0.21875,-0.6875,0.0
13223,450,0,-1.640625,-2.453125,1.0
13224,450,0,-0.65625,1.015625,0.0
13225,451,0,-0.0625,-0.140625,1.0
13226,451,1,-1.5625,-1.328125,0.0
13227,451,1,-0.625,-0.265625,1.0
13228,451,1,1.140625,2.390625,0.0
13229,451,0,-0.375,0.765625,0.0
13230,451,1,0.84375,-1.21875,1.0
13231,451,1,1.515625,-0.84375,1.0
13232,451,0,0.8125,0.953125,0.0
13233,451,1,-0.046875,-0.203125,0.0
13234,451,1,-0.34375,-0.625,0.0
13235,451,0,-0.421875,1.15625,0.0
13236,451,1,-1.359375,-0.71875,1.0
13237,451,1,1.8125,-0.5625,0.0
13238,451,1,1.21875,1.40625,0.0
13239,451,0,1.125,0.828125,0.0
13240,451,1,0.46875,-0.421875,1.0
13241,451,1,-0.890625,-0.390625,0.0
13242,451,0,1.234375,1.453125,1.0
13243,451,1,-1.078125,0.015625,0.0
13244,451,1,-1.90625,2.125,0.0
13245,451,0,0.578125,-0.890625,0.0
13246,451,0,-0.859375,2.390625,0.0
13247,451,1,-1.375,0.6875,0.0
13248,451,1,-1.609375,-1.03125,1.0
13249,451,1,1.359375,0.4375,0.0
13250,451,0,0.40625,1.28125,0.0
13251,451,1,-0.078125,0.71875,1.0
13252,451,0,-0.78125,-0.734375,0.0
13253,451,1,-1.75,-0.375,0.0
13254,451,0,0.234375,-0.671875,0.0
13255,452,1,0.46875,-1.671875,0.0
13256,452,1,-0.984375,0.484375,0.0
13257,452,1,1.359375,1.265625,1.0
13258,452,1,0.359375,-1.71875,1.0
13259,452,1,1.234375,1.015625,0.0
13260,452,1,-0.6875,-0.421875,0.0
13261,452,1,-0.078125,-1.171875,0.0
13262,452,0,-1.59375,0.71875,0.0
13263,452,0,-0.640625,0.984375,0.0
13264,452,1,-1.8125,-1.796875,0.0
13265,452,1,-0.171875,0.46875,1.0
13266,452,1,0.75,-0.453125,1.0
13267,452,1,1.515625,-1.328125,0.0
13268,452,0,0.21875,0.6875,0.0
13269,452,1,0.890625,-0.375,0.0
13270,452,0,-0.9375,0.265625,0.0
13271,452,0,1.03125,1.109375,1.0
13272,452,1,0.171875,0.6875,1.0
13273,452,1,0.859375,-0.25,0.0
13274,452,1,-0.125,-0.09375,0.0
13275,452,1,-0.8125,-1.96875,0.0
13276,452,1,-1.671875,-1.078125,0.0
13277,452,0,-2.859375,0.5,1.0
13278,452,1,-1.296875,-0.765625,0.0
13279,452,1,1.078125,2.640625,1.0
13280,452,0,-0.578125,-0.625,0.0
13281,452,0,-2.46875,0.9375,0.0
13282,452,1,0.203125,-1.40625,1.0
13283,452,1,-0.375,-1.375,1.0
13284,452,0,-0.125,-0.546875,1.0
13285,452,1,0.609375,-0.375,1.0
13286,453,0,-2.265625,0.71875,0.0
13287,453,1,-0.53125,0.375,1.0
13288,453,0,-0.859375,-0.046875,1.0
13289,453,1,-0.046875,0.671875,1.0
13290,453,0,-1.078125,0.234375,0.0
13291,453,1,-1.078125,0.28125,0.0
13292,453,1,-0.171875,0.921875,0.0
13293,453,1,-1.90625,-2.09375,0.0
13294,453,0,-1.234375,0.671875,1.0
13295,453,1,-0.421875,0.09375,0.0
13296,453,1,-0.359375,1.0625,0.0
13297,453,1,1.0625,0.953125,0.0
13298,453,0,0.65625,1.40625,0.0
13299,453,1,-0.859375,2.078125,0.0
13300,453,1,1.359375,2.296875,0.0
13301,453,1,-0.421875,1.90625,1.0
13302,453,0,0.703125,1.6875,0.0
13303,453,1,0.8125,-0.453125,0.0
13304,453,1,-0.8125,0.421875,1.0
13305,453,1,0.84375,-1.328125,0.0
13306,453,1,0.5,-0.734375,0.0
13307,453,1,-0.140625,-0.765625,0.0
13308,453,0,-0.546875,-0.21875,0.0
13309,453,1,0.640625,0.890625,0.0
13310,453,1,-1.171875,0.75,0.0
13311,453,1,-0.75,0.53125,0.0
13312,453,0,0.6875,1.125,0.0
13313,453,1,0.640625,-0.703125,1.0
13314,453,0,-2.203125,1.0,0.0
13315,453,1,0.71875,1.703125,0.0
13316,453,1,-0.21875,-0.4375,0.0
13317,453,1,0.09375,0.1875,0.0
13318,454,1,1.15625,-1.890625,0.0
13319,454,1,-0.59375,-0.296875,1.0
13320,454,1,-0.90625,0.34375,0.0
13321,454,1,-0.6875,1.21875,0.0
13322,454,1,2.765625,0.09375,0.0
13323,454,0,-1.3125,0.53125,1.0
13324,454,1,-0.046875,-1.9375,1.0
13325,454,1,-1.46875,0.625,1.0
13326,454,1,0.375,1.046875,0.0
13327,454,1,-1.515625,0.421875,0.0
13328,454,0,-1.28125,0.09375,1.0
13329,454,1,0.75,2.359375,1.0
13330,454,1,0.28125,0.015625,0.0
13331,454,1,-0.203125,-0.078125,0.0
13332,454,1,2.78125,-0.609375,0.0
13333,454,1,1.546875,0.109375,1.0
13334,454,0,-0.609375,0.546875,0.0
13335,454,0,0.3125,-2.171875,0.0
13336,454,1,0.25,1.296875,0.0
13337,454,0,-0.25,0.671875,0.0
13338,454,0,-0.609375,0.4375,0.0
13339,454,1,-1.46875,0.0,1.0
13340,454,0,-0.359375,1.28125,0.0
13341,454,1,-0.625,-0.03125,1.0
13342,454,0,-1.65625,0.390625,0.0
13343,454,1,0.40625,-1.484375,1.0
13344,454,1,1.296875,-0.0625,1.0
13345,454,1,-0.234375,0.921875,0.0
13346,454,1,-0.75,-0.015625,1.0
13347,454,1,0.328125,2.046875,0.0
13348,454,1,-0.03125,0.484375,0.0
13349,454,0,1.265625,0.203125,0.0
13350,454,1,-0.171875,1.890625,0.0
13351,455,1,-1.15625,-1.078125,1.0
13352,455,1,0.8125,0.515625,1.0
13353,455,0,1.46875,-1.328125,0.0
13354,455,0,0.265625,-0.671875,1.0
13355,455,0,0.75,-0.046875,0.0
13356,455,0,0.0,0.234375,0.0
13357,455,0,-0.625,-0.46875,0.0
13358,455,1,0.203125,-0.671875,0.0
13359,455,0,-2.546875,-1.921875,0.0
13360,455,0,1.71875,-0.203125,0.0
13361,455,0,0.546875,-0.890625,1.0
13362,455,0,-0.1875,-0.03125,0.0
13363,455,0,0.28125,-0.453125,0.0
13364,455,0,-0.5625,-0.640625,1.0
13365,455,1,0.6875,-0.171875,1.0
13366,455,0,0.859375,-2.109375,0.0
13367,455,0,-0.34375,-2.375,0.0
13368,455,0,0.21875,-2.421875,0.0
13369,455,0,0.234375,-2.65625,1.0
13370,455,0,-1.546875,-1.140625,0.0
13371,455,0,0.921875,-1.921875,0.0
13372,455,0,-1.0625,-1.234375,0.0
13373,455,0,0.421875,-1.28125,1.0
13374,455,0,1.609375,-0.828125,1.0
13375,455,0,-0.5625,-0.625,0.0
13376,455,0,-0.84375,-1.0,0.0
13377,455,0,0.90625,0.0,0.0
13378,455,0,-1.078125,-0.109375,1.0
13379,455,1,0.875,-1.421875,1.0
13380,455,0,0.421875,1.171875,0.0
13381,455,0,-0.71875,-0.21875,1.0
13382,455,0,-1.078125,-2.109375,1.0
13383,455,0,-0.1875,-1.34375,0.0
13384,455,1,0.578125,-0.3125,0.0
13385,456,0,0.203125,0.8125,0.0
13386,456,1,-0.21875,-1.109375,0.0
13387,456,1,0.0625,-1.578125,1.0
13388,456,1,0.28125,-2.296875,0.0
13389,456,0,0.84375,0.984375,0.0
13390,456,1,-0.703125,-0.15625,0.0
13391,456,1,0.875,-0.5,0.0
13392,456,0,-0.171875,-0.96875,0.0
13393,456,0,-3.625,-0.484375,1.0
13394,456,0,-0.171875,-0.9375,1.0
13395,456,0,0.671875,-0.625,0.0
13396,456,1,0.5625,0.875,1.0
13397,456,0,0.890625,-1.40625,1.0
13398,456,1,0.5625,0.453125,1.0
13399,456,0,-1.46875,-0.890625,1.0
13400,456,0,0.34375,-1.09375,1.0
13401,456,0,1.703125,-0.609375,0.0
13402,456,0,1.625,-0.859375,0.0
13403,456,0,-0.859375,1.765625,0.0
13404,456,1,0.53125,-1.921875,0.0
13405,456,1,2.078125,-1.21875,1.0
13406,456,0,-0.03125,0.625,0.0
13407,456,0,0.3125,0.890625,1.0
13408,456,0,-0.671875,-0.78125,0.0
13409,456,0,1.53125,-1.09375,1.0
13410,456,0,-0.15625,-1.609375,0.0
13411,456,0,-0.15625,-0.390625,0.0
13412,456,1,-0.03125,0.515625,1.0
13413,456,0,0.90625,-1.171875,1.0
13414,456,1,-0.34375,-0.796875,1.0
13415,456,0,-1.5,-0.859375,0.0
13416,456,0,-0.875,-2.03125,0.0
13417,456,0,-0.859375,1.390625,0.0
13418,456,0,0.90625,-0.1875,1.0
13419,456,1,1.578125,1.484375,0.0
13420,457,1,-0.46875,-0.71875,0.0
13421,457,0,-0.609375,0.21875,0.0
13422,457,1,0.609375,-2.125,0.0
13423,457,1,-1.390625,-1.765625,0.0
13424,457,0,-0.109375,0.484375,1.0
13425,457,1,1.171875,-2.390625,0.0
13426,457,0,-1.609375,0.953125,1.0
13427,457,1,0.078125,0.734375,1.0
13428,457,1,0.21875,-0.703125,0.0
13429,457,1,-0.984375,-0.5625,1.0
13430,457,1,0.765625,-0.140625,0.0
13431,457,0,-0.59375,0.328125,0.0
13432,457,0,-1.609375,0.3125,0.0
13433,457,0,1.015625,-0.171875,0.0
13434,457,0,2.34375,-0.671875,0.0
13435,457,0,-1.484375,0.75,0.0
13436,457,0,-0.0625,0.953125,1.0
13437,457,0,-0.03125,-1.375,1.0
13438,457,0,0.15625,0.375,1.0
13439,457,1,-0.5625,-0.78125,1.0
13440,457,0,0.671875,-1.28125,0.0
13441,457,1,-1.359375,-0.03125,0.0
13442,457,1,1.859375,-0.140625,1.0
13443,457,0,-0.046875,-0.671875,0.0
13444,457,0,-0.84375,0.0625,0.0
13445,457,1,1.375,1.125,0.0
13446,457,1,-1.046875,-2.140625,1.0
13447,457,0,-0.21875,0.015625,1.0
13448,457,0,1.234375,-0.734375,0.0
13449,457,0,-2.546875,-0.65625,0.0
13450,457,0,0.078125,-0.640625,0.0
13451,457,1,0.078125,-0.96875,0.0
13452,457,0,-0.546875,-0.0625,0.0
13453,457,0,-0.203125,1.234375,0.0
13454,457,1,1.53125,-0.734375,1.0
13455,457,0,-0.4375,-1.453125,1.0
13456,458,0,1.140625,1.0625,0.0
13457,458,1,0.171875,-1.15625,0.0
13458,458,0,-0.15625,-1.203125,0.0
13459,458,0,0.171875,0.953125,1.0
13460,458,0,-1.984375,0.6875,0.0
13461,458,0,1.0,-0.25,0.0
13462,458,0,1.484375,1.375,0.0
13463,458,0,-1.5,-0.515625,0.0
13464,458,1,-0.71875,-0.296875,1.0
13465,458,0,0.265625,1.484375,0.0
13466,458,0,1.265625,-1.171875,1.0
13467,458,0,-1.109375,-2.359375,0.0
13468,458,0,0.078125,-0.875,0.0
13469,458,0,1.34375,0.625,0.0
13470,458,1,1.421875,1.109375,1.0
13471,458,1,-1.171875,-0.765625,1.0
13472,458,0,-0.828125,0.375,0.0
13473,458,1,0.921875,-1.5625,1.0
13474,458,1,0.765625,0.359375,1.0
13475,458,0,0.1875,0.4375,0.0
13476,458,0,0.875,-1.3125,0.0
13477,458,0,0.25,-2.21875,0.0
13478,458,0,-0.71875,0.71875,0.0
13479,458,0,0.53125,-0.515625,0.0
13480,458,1,0.1875,-0.296875,1.0
13481,458,0,0.8125,-0.484375,1.0
13482,458,0,0.234375,-2.75,0.0
13483,458,0,-0.03125,0.578125,0.0
13484,458,0,0.890625,-0.75,0.0
13485,458,1,1.25,0.671875,0.0
13486,458,0,-1.953125,-0.265625,0.0
13487,458,0,-0.546875,-1.078125,1.0
13488,458,0,-0.375,-0.140625,0.0
13489,458,0,-0.9375,-0.125,1.0
13490,458,1,1.375,-0.34375,0.0
13491,458,1,-0.21875,-0.265625,1.0
13492,458,1,-0.75,-0.796875,1.0
13493,459,1,0.75,-0.21875,0.0
13494,459,0,-1.34375,-0.96875,0.0
13495,459,0,-0.078125,0.234375,1.0
13496,459,1,0.0625,-0.109375,1.0
13497,459,1,0.96875,-2.453125,0.0
13498,459,1,-0.4375,-0.40625,1.0
13499,459,0,0.71875,-0.53125,0.0
13500,459,0,-0.953125,1.53125,0.0
13501,459,1,0.203125,-0.828125,1.0
13502,459,1,2.875,0.671875,0.0
13503,459,0,0.359375,-1.015625,0.0
13504,459,0,-0.234375,-1.59375,1.0
13505,459,0,-2.328125,-0.46875,1.0
13506,459,0,-0.59375,-1.6875,0.0
13507,459,0,-1.0,0.203125,1.0
13508,459,0,2.265625,-1.453125,0.0
13509,459,0,1.4375,-0.625,0.0
13510,459,1,0.65625,-1.78125,0.0
13511,459,0,-1.625,-0.28125,0.0
13512,459,0,0.984375,0.390625,1.0
13513,459,0,-2.671875,-1.25,1.0
13514,459,0,0.359375,-1.46875,0.0
13515,459,0,1.4375,-0.0625,0.0
13516,459,1,-0.359375,-1.0,1.0
13517,459,0,0.46875,0.65625,1.0
13518,459,0,2.296875,0.34375,0.0
13519,459,1,0.796875,-1.015625,0.0
13520,459,1,0.65625,0.15625,1.0
13521,459,0,-1.65625,0.25,0.0
13522,459,0,-0.328125,-0.796875,1.0
13523,459,0,-0.796875,0.328125,0.0
13524,459,1,1.40625,-2.453125,1.0
13525,459,1,0.53125,-0.859375,0.0
13526,459,0,2.03125,-0.828125,0.0
13527,459,0,-1.71875,-1.546875,0.0
13528,459,0,-0.671875,-0.515625,0.0
13529,459,0,-1.5625,-1.125,0.0
13530,459,1,0.984375,-0.609375,0.0
13531,460,0,-0.125,1.25,0.0
13532,460,1,0.203125,-0.0625,0.0
13533,460,1,-0.421875,-0.25,0.0
13534,460,1,0.8125,-0.140625,1.0
13535,460,0,0.375,0.453125,0.0
13536,460,0,0.71875,0.75,0.0
13537,460,0,-0.921875,0.515625,1.0
13538,460,1,-0.53125,-1.03125,0.0
13539,460,1,-0.265625,0.734375,1.0
13540,460,0,1.109375,0.890625,0.0
13541,460,0,0.0,1.625,1.0
13542,460,0,-0.171875,-0.734375,0.0
13543,460,1,1.546875,-2.5625,0.0
13544,460,0,-0.609375,-0.296875,0.0
13545,460,1,-1.28125,-0.078125,0.0
13546,460,1,1.640625,1.078125,1.0
13547,460,1,0.8125,-0.140625,0.0
13548,460,0,1.171875,-0.875,1.0
13549,460,1,-0.765625,-1.109375,1.0
13550,460,0,0.734375,1.140625,0.0
13551,460,1,-0.171875,-0.375,1.0
13552,460,0,-0.046875,1.359375,0.0
13553,460,0,-0.640625,0.546875,0.0
13554,460,1,0.796875,-0.171875,0.0
13555,460,1,-0.453125,-0.71875,0.0
13556,460,0,-0.21875,0.421875,0.0
13557,460,1,0.53125,1.046875,0.0
13558,460,1,1.25,0.390625,1.0
13559,460,0,-1.34375,0.734375,0.0
13560,460,0,-0.375,-0.53125,0.0
13561,460,0,-1.0,-2.3125,0.0
13562,460,0,0.796875,1.03125,0.0
13563,460,0,1.59375,-0.578125,0.0
13564,460,1,1.203125,1.25,1.0
13565,460,1,0.25,-0.578125,0.0
13566,460,1,-1.328125,0.125,0.0
13567,460,1,-1.21875,-0.6875,0.0
13568,460,1,0.171875,1.3125,0.0
13569,460,1,-0.703125,-0.875,1.0
13570,461,1,-1.921875,0.84375,0.0
13571,461,1,-1.203125,-0.3125,1.0
13572,461,1,0.921875,-0.390625,0.0
13573,461,0,0.0625,-0.609375,1.0
13574,461,0,-0.375,1.515625,1.0
13575,461,0,-0.421875,0.40625,1.0
13576,461,1,-1.21875,-1.46875,1.0
13577,461,1,-0.625,0.140625,0.0
13578,461,0,-1.34375,0.890625,0.0
13579,461,1,1.25,0.640625,0.0
13580,461,0,0.359375,0.328125,0.0
13581,461,1,0.921875,-1.09375,1.0
13582,461,0,-0.609375,-1.625,0.0
13583,461,0,0.5625,0.078125,0.0
13584,461,1,0.0625,-0.71875,0.0
13585,461,1,-0.578125,-0.390625,1.0
13586,461,1,0.1875,0.453125,0.0
13587,461,1,-0.53125,0.015625,0.0
13588,461,0,-0.171875,-0.109375,0.0
13589,461,0,0.5,-0.4375,1.0
13590,462,1,-1.5625,-0.015625,1.0
13591,462,1,1.375,-1.625,1.0
13592,462,1,-1.1875,0.765625,1.0
13593,462,0,-1.0,-0.171875,0.0
13594,462,0,-0.4375,-0.65625,0.0
13595,462,0,-1.046875,-0.90625,1.0
13596,462,0,-0.71875,-0.578125,1.0
13597,462,0,1.546875,-0.515625,0.0
13598,462,0,-0.46875,-0.71875,0.0
13599,462,1,0.890625,-0.609375,0.0
13600,462,0,-1.234375,0.453125,0.0
13601,462,0,0.6875,1.578125,0.0
13602,462,1,0.75,0.78125,0.0
13603,462,0,-0.09375,0.296875,0.0
13604,462,1,1.25,-0.828125,1.0
13605,462,0,-0.109375,0.4375,1.0
13606,462,1,-0.53125,-0.421875,1.0
13607,462,1,0.09375,-1.65625,1.0
13608,462,1,0.4375,0.671875,0.0
13609,462,0,0.03125,1.234375,0.0
13610,462,1,0.453125,-1.984375,0.0
13611,463,1,0.203125,0.703125,1.0
13612,463,0,1.125,-0.03125,0.0
13613,463,1,0.46875,0.3125,0.0
13614,463,0,-1.0625,0.703125,0.0
13615,463,0,-0.78125,-1.578125,0.0
13616,463,1,-1.453125,0.5625,0.0
13617,463,0,-0.59375,0.09375,1.0
13618,463,1,0.28125,0.296875,1.0
13619,463,1,0.375,-1.625,0.0
13620,463,1,-1.828125,0.078125,0.0
13621,463,0,-0.140625,-0.453125,0.0
13622,463,0,0.3125,1.640625,0.0
13623,463,0,0.65625,-0.59375,0.0
13624,463,0,0.765625,0.375,0.0
13625,463,0,-0.859375,0.15625,1.0
13626,463,1,0.40625,-2.203125,0.0
13627,463,1,0.125,0.484375,0.0
13628,463,0,-1.65625,-0.15625,1.0
13629,463,1,-0.046875,1.46875,0.0
13630,463,0,0.015625,0.375,0.0
13631,463,1,-2.578125,-0.328125,1.0
13632,463,0,0.1875,-0.75,0.0
13633,464,0,-0.671875,-1.25,1.0
13634,464,0,0.078125,-1.609375,1.0
13635,464,1,1.0,1.3125,0.0
13636,464,0,1.21875,0.796875,0.0
13637,464,0,-0.90625,-1.421875,1.0
13638,464,0,0.6875,-0.21875,0.0
13639,464,1,1.53125,-0.09375,0.0
13640,464,1,0.5,-3.171875,1.0
13641,464,1,-0.09375,-2.21875,0.0
13642,464,1,-0.078125,-1.046875,1.0
13643,464,0,0.75,-2.4375,0.0
13644,464,1,1.078125,-0.96875,1.0
13645,464,0,1.0625,0.90625,0.0
13646,464,0,0.53125,-0.84375,1.0
13647,464,1,0.28125,-1.234375,0.0
13648,464,0,-0.109375,0.046875,0.0
13649,464,1,0.15625,-3.21875,1.0
13650,464,1,0.984375,-0.0625,1.0
13651,464,1,-0.34375,-1.734375,0.0
13652,464,0,0.671875,-0.046875,0.0
13653,464,1,-0.453125,0.453125,1.0
13654,464,0,-1.25,0.734375,0.0
13655,464,0,-0.921875,-0.5625,0.0
13656,465,0,-0.875,0.90625,0.0
13657,465,1,-0.0625,-1.78125,0.0
13658,465,0,0.71875,-1.140625,0.0
13659,465,0,0.234375,-0.765625,0.0
13660,465,0,0.21875,-0.75,1.0
13661,465,0,-0.203125,-1.125,0.0
13662,465,0,-0.796875,-1.0,0.0
13663,465,0,-1.796875,-1.640625,0.0
13664,465,1,-0.84375,0.546875,0.0
13665,465,1,-0.53125,-0.203125,1.0
13666,465,0,1.09375,-0.75,0.0
13667,465,0,-3.09375,-0.46875,0.0
13668,465,0,-0.1875,-1.859375,1.0
13669,465,0,0.0625,0.890625,0.0
13670,465,1,-0.59375,-2.0,0.0
13671,465,0,1.0,-0.640625,0.0
13672,465,1,-0.71875,-0.796875,0.0
13673,465,0,-0.4375,-2.0625,0.0
13674,465,0,-1.859375,-0.890625,0.0
13675,465,0,0.828125,-2.796875,0.0
13676,465,0,0.859375,0.328125,0.0
13677,465,0,-0.234375,-2.0625,0.0
13678,465,0,-0.90625,0.03125,0.0
13679,465,0,-0.5,-1.109375,0.0
13680,466,1,0.71875,-0.46875,0.0
13681,466,1,1.828125,0.296875,1.0
13682,466,1,1.109375,1.671875,1.0
13683,466,1,-0.140625,0.046875,1.0
13684,466,0,-0.203125,-0.421875,0.0
13685,466,1,-0.71875,-1.375,0.0
13686,466,0,2.171875,0.265625,1.0
13687,466,0,0.328125,-0.1875,1.0
13688,466,1,-1.4375,-0.828125,1.0
13689,466,0,-1.09375,-0.453125,0.0
13690,466,1,-0.453125,0.375,1.0
13691,466,1,0.3125,-1.15625,1.0
13692,466,0,1.078125,0.90625,0.0
13693,466,1,0.953125,0.484375,1.0
13694,466,0,-0.953125,-0.109375,1.0
13695,466,1,-0.453125,-0.390625,0.0
13696,466,0,0.703125,2.1875,0.0
13697,466,0,0.71875,0.515625,0.0
13698,466,1,0.203125,-0.671875,0.0
13699,466,0,-0.359375,0.53125,0.0
13700,466,0,0.328125,-0.390625,0.0
13701,466,1,-0.46875,-1.21875,0.0
13702,466,0,0.53125,0.59375,0.0
13703,466,0,0.75,-1.421875,1.0
13704,466,1,0.1875,0.140625,1.0
13705,467,1,0.0625,-0.9375,1.0
13706,467,1,0.46875,0.84375,0.0
13707,467,1,1.25,0.84375,1.0
13708,467,0,-0.203125,-0.890625,0.0
13709,467,1,1.921875,0.40625,0.0
13710,467,0,-0.1875,-0.578125,0.0
13711,467,0,-0.78125,-0.78125,0.0
13712,467,1,0.5625,-0.484375,0.0
13713,467,1,0.65625,-2.5625,1.0
13714,467,1,-0.46875,1.453125,1.0
13715,467,0,-2.1875,0.859375,0.0
13716,467,1,0.03125,0.234375,1.0
13717,467,0,-0.546875,0.71875,0.0
13718,467,1,1.125,-0.6875,1.0
13719,467,1,-1.375,-1.265625,1.0
13720,467,1,0.15625,0.140625,1.0
13721,467,0,1.34375,1.609375,1.0
13722,467,0,-1.65625,0.0625,0.0
13723,467,1,0.8125,-1.171875,0.0
13724,467,0,-1.296875,0.015625,1.0
13725,467,1,1.78125,-0.90625,1.0
13726,467,0,0.53125,0.65625,0.0
13727,467,1,0.375,-0.84375,1.0
13728,467,1,0.984375,0.96875,1.0
13729,467,1,-1.109375,0.125,1.0
13730,467,0,-0.015625,2.625,1.0
13731,468,1,-0.390625,1.15625,0.0
13732,468,0,1.203125,-1.0625,0.0
13733,468,0,1.1875,-1.53125,0.0
13734,468,0,0.9375,-0.46875,1.0
13735,468,0,-0.6875,-1.5,1.0
13736,468,1,-0.640625,0.375,0.0
13737,468,1,-0.6875,-1.140625,1.0
13738,468,0,0.0,-0.8125,0.0
13739,468,0,1.5625,0.4375,0.0
13740,468,0,-1.0625,0.03125,1.0
13741,468,1,1.71875,-0.203125,1.0
13742,468,1,-0.484375,-1.546875,0.0
13743,468,1,-1.3125,-1.09375,1.0
13744,468,0,-1.296875,-1.5625,0.0
13745,468,1,0.328125,-1.265625,1.0
13746,468,1,0.609375,-1.25,1.0
13747,468,0,1.21875,-1.34375,0.0
13748,468,0,-0.109375,0.140625,0.0
13749,468,1,-0.453125,-0.171875,1.0
13750,468,1,0.796875,1.03125,1.0
13751,468,1,-0.515625,-0.90625,0.0
13752,468,1,-0.53125,-2.109375,1.0
13753,468,0,-0.203125,1.21875,1.0
13754,468,1,0.3125,0.0,1.0
13755,468,0,-0.015625,0.0,1.0
13756,468,1,2.15625,-0.5,1.0
13757,468,1,1.109375,0.46875,1.0
13758,469,0,0.875,-1.671875,1.0
13759,469,0,-0.40625,-0.671875,1.0
13760,469,0,0.640625,0.375,0.0
13761,469,0,-0.4375,-0.03125,1.0
13762,469,0,0.390625,-0.171875,0.0
13763,469,0,0.15625,-0.375,0.0
13764,469,0,-1.65625,0.890625,1.0
13765,469,0,-0.625,-1.421875,1.0
13766,469,0,-0.515625,-2.0625,0.0
13767,469,0,0.765625,-0.96875,0.0
13768,469,0,-1.53125,-1.078125,0.0
13769,469,1,0.65625,-0.515625,1.0
13770,469,0,1.109375,-0.296875,0.0
13771,469,0,-0.125,0.125,1.0
13772,469,0,-0.75,-1.515625,1.0
13773,469,0,-0.515625,-0.359375,0.0
13774,469,0,0.0625,0.765625,0.0
13775,469,1,1.03125,-2.046875,1.0
13776,469,0,-0.5,-2.75,0.0
13777,469,1,-0.890625,0.75,0.0
13778,469,0,-0.8125,-0.296875,0.0
13779,469,1,0.0,-0.3125,1.0
13780,469,1,0.59375,-0.03125,0.0
13781,469,1,-0.078125,-1.890625,1.0
13782,469,0,1.03125,-1.734375,0.0
13783,469,0,-2.515625,-0.515625,0.0
13784,469,0,-2.0625,-1.0,0.0
13785,469,0,0.15625,-0.796875,1.0
13786,470,0,1.078125,-0.71875,1.0
13787,470,1,0.65625,-0.328125,0.0
13788,470,1,-0.046875,-0.890625,1.0
13789,470,0,-0.15625,-1.0,0.0
13790,470,0,-0.3125,-0.546875,0.0
13791,470,0,-1.03125,-1.203125,0.0
13792,470,0,0.5,-0.65625,0.0
13793,470,0,1.546875,-0.328125,0.0
13794,470,0,0.46875,1.25,0.0
13795,470,0,0.734375,-0.15625,1.0
13796,470,0,-0.4375,-0.546875,0.0
13797,470,1,0.65625,0.09375,0.0
13798,470,1,-0.40625,1.03125,1.0
13799,470,0,-1.34375,-0.015625,0.0
13800,470,1,1.3125,1.953125,0.0
13801,470,1,0.453125,0.53125,0.0
13802,470,0,0.546875,-0.921875,0.0
13803,470,0,-0.015625,-0.640625,0.0
13804,470,0,-1.15625,-1.609375,1.0
13805,470,1,-0.296875,-0.875,0.0
13806,470,1,-0.828125,-0.703125,0.0
13807,470,1,1.078125,-0.59375,0.0
13808,470,1,1.421875,1.234375,0.0
13809,470,1,0.703125,-0.84375,1.0
13810,470,1,-0.875,1.859375,1.0
13811,470,0,1.53125,1.203125,0.0
13812,470,0,1.015625,1.890625,1.0
13813,470,1,-0.140625,-1.9375,0.0
13814,470,1,0.078125,0.5,0.0
13815,471,0,-0.34375,-1.1875,1.0
13816,471,0,1.15625,-0.84375,0.0
13817,471,0,1.359375,1.171875,0.0
13818,471,0,-1.375,-1.25,1.0
13819,471,1,1.390625,-2.078125,1.0
13820,471,1,0.6875,-1.75,0.0
13821,471,0,-0.34375,-0.328125,0.0
13822,471,0,-1.515625,1.671875,1.0
13823,471,0,0.21875,0.671875,0.0
13824,471,0,0.4375,-0.90625,1.0
13825,471,0,-0.796875,1.375,1.0
13826,471,1,1.65625,-0.40625,0.0
13827,471,1,-0.640625,-1.796875,1.0
13828,471,0,-0.84375,0.109375,1.0
13829,471,0,-0.5,-0.796875,1.0
13830,471,1,1.75,-1.40625,1.0
13831,471,0,1.296875,-1.375,0.0
13832,471,1,0.046875,1.75,1.0
13833,471,1,0.0,-3.109375,1.0
13834,471,0,0.859375,0.109375,0.0
13835,471,0,-1.078125,-1.390625,1.0
13836,471,0,1.03125,0.40625,0.0
13837,471,1,0.546875,-3.34375,0.0
13838,471,0,-1.078125,0.828125,0.0
13839,471,0,1.859375,-1.71875,0.0
13840,471,0,-1.9375,0.453125,1.0
13841,471,0,-1.671875,-1.03125,0.0
13842,471,0,-0.796875,-0.859375,0.0
13843,471,0,-0.40625,-1.46875,0.0
13844,471,0,-0.203125,-1.890625,0.0
13845,472,0,-0.03125,0.171875,0.0
13846,472,0,-1.265625,1.203125,0.0
13847,472,1,0.09375,-0.796875,0.0
13848,472,1,-0.515625,-1.421875,1.0
13849,472,1,1.328125,-0.84375,0.0
13850,472,0,2.109375,-0.984375,0.0
13851,472,0,0.765625,0.09375,1.0
13852,472,0,-0.40625,1.0625,0.0
13853,472,1,1.4375,0.421875,1.0
13854,472,0,0.03125,2.03125,0.0
13855,472,1,0.03125,-0.53125,1.0
13856,472,1,0.40625,0.96875,0.0
13857,472,1,1.125,-1.34375,0.0
13858,472,0,1.046875,-0.0625,0.0
13859,472,1,0.609375,-2.0625,1.0
13860,472,0,-1.5,-0.359375,1.0
13861,472,1,-0.4375,-1.734375,0.0
13862,472,0,0.734375,-0.65625,1.0
13863,472,0,1.21875,-0.0625,1.0
13864,472,0,0.15625,0.765625,0.0
13865,472,0,-0.53125,-1.375,1.0
13866,472,1,0.984375,-0.953125,0.0
13867,472,1,-1.15625,1.265625,1.0
13868,472,1,-0.265625,-0.140625,0.0
13869,472,1,-0.84375,2.21875,0.0
13870,472,1,2.015625,0.875,0.0
13871,472,1,1.5,0.828125,1.0
13872,472,0,0.09375,0.109375,0.0
13873,472,1,0.703125,-1.78125,1.0
13874,472,1,-0.234375,-1.109375,1.0
13875,472,1,0.125,1.234375,0.0
13876,473,0,-1.65625,0.6875,1.0
13877,473,0,-1.140625,0.328125,0.0
13878,473,0,-0.109375,-0.5,0.0
13879,473,1,1.09375,-0.21875,0.0
13880,473,0,0.1875,-0.59375,1.0
13881,473,1,-0.28125,-1.96875,0.0
13882,473,1,0.65625,-2.671875,0.0
13883,473,0,-0.109375,-0.5,0.0
13884,473,0,-0.84375,-0.046875,1.0
13885,473,0,1.734375,0.40625,0.0
13886,473,1,0.515625,0.3125,0.0
13887,473,1,0.859375,-0.953125,1.0
13888,473,0,-0.671875,0.203125,1.0
13889,473,0,-0.15625,-1.0625,1.0
13890,473,0,-1.109375,0.234375,0.0
13891,473,1,-1.203125,-1.28125,0.0
13892,473,1,-1.046875,-1.234375,1.0
13893,473,0,-0.03125,-1.390625,1.0
13894,473,1,0.703125,-1.5625,0.0
13895,473,0,0.328125,0.828125,1.0
13896,473,0,0.015625,-2.015625,0.0
13897,473,0,-0.03125,-1.328125,0.0
13898,473,1,0.265625,-1.15625,1.0
13899,473,0,-0.578125,-0.5625,0.0
13900,473,1,0.8125,0.25,1.0
13901,473,1,1.65625,-1.0625,0.0
13902,473,0,0.125,-0.65625,1.0
13903,473,0,0.0625,-1.078125,0.0
13904,473,0,0.421875,-0.8125,0.0
13905,473,1,0.546875,0.078125,0.0
13906,473,0,-0.515625,0.546875,0.0
13907,473,0,1.59375,-0.28125,0.0
13908,474,0,0.328125,-0.5,1.0
13909,474,0,-0.859375,-0.71875,1.0
13910,474,1,0.25,0.125,1.0
13911,474,1,0.75,-2.0,1.0
13912,474,0,-0.171875,-1.203125,0.0
13913,474,0,1.40625,0.109375,0.0
13914,474,1,0.359375,-0.6875,0.0
13915,474,1,-1.046875,-0.859375,0.0
13916,474,0,-0.59375,-0.359375,1.0
13917,474,1,1.359375,-0.53125,0.0
13918,474,0,-1.109375,0.0625,0.0
13919,474,1,1.40625,-0.25,0.0
13920,474,0,-1.28125,1.1875,0.0
13921,474,1,0.765625,-1.171875,1.0
13922,474,1,0.640625,-0.6875,1.0
13923,474,0,-2.234375,-0.890625,0.0
13924,474,0,-0.9375,-0.21875,0.0
13925,474,1,-0.125,-2.015625,0.0
13926,474,1,-0.359375,-1.875,0.0
13927,474,1,-0.046875,0.296875,0.0
13928,474,1,0.015625,-1.96875,1.0
13929,474,1,1.3125,-1.65625,0.0
13930,474,1,-0.140625,-0.5,1.0
13931,474,1,1.0625,0.265625,1.0
13932,474,0,-0.828125,0.53125,0.0
13933,474,0,-0.375,-2.0,0.0
13934,474,1,0.0,-1.859375,0.0
13935,474,0,-0.40625,0.1875,0.0
13936,474,1,-0.390625,0.84375,1.0
13937,474,0,-0.46875,-0.703125,1.0
13938,474,1,2.03125,0.984375,1.0
13939,474,0,-0.625,-1.21875,0.0
13940,474,0,1.53125,-0.765625,1.0
13941,475,1,-0.09375,0.4375,0.0
13942,475,1,0.984375,0.09375,0.0
13943,475,0,-0.578125,2.53125,0.0
13944,475,1,1.609375,-1.15625,0.0
13945,475,1,-0.84375,-1.25,1.0
13946,475,1,0.0625,0.5625,1.0
13947,475,1,0.109375,-0.34375,0.0
13948,475,0,-0.8125,1.03125,0.0
13949,475,0,-0.46875,1.15625,0.0
13950,475,1,0.5,-1.265625,0.0
13951,475,0,0.28125,1.03125,0.0
13952,475,0,-1.53125,-0.921875,0.0
13953,475,1,-0.921875,-0.421875,1.0
13954,475,1,0.15625,1.75,1.0
13955,475,0,-0.84375,-0.65625,1.0
13956,475,0,-0.015625,-0.125,1.0
13957,475,1,1.453125,-0.421875,1.0
13958,475,0,-0.546875,-0.3125,0.0
13959,475,0,-1.578125,-0.75,0.0
13960,475,0,-0.875,0.96875,1.0
13961,475,0,1.359375,-1.234375,0.0
13962,475,1,-0.015625,-1.671875,0.0
13963,475,1,-0.359375,-0.84375,0.0
13964,475,0,0.34375,0.34375,1.0
13965,475,0,-1.28125,-0.875,1.0
13966,475,1,-0.5,-0.328125,1.0
13967,475,0,-1.59375,0.875,0.0
13968,475,0,-0.609375,-0.65625,0.0
13969,475,0,-0.203125,0.125,0.0
13970,475,0,0.34375,1.15625,0.0
13971,475,1,-0.84375,-0.28125,1.0
13972,475,1,-0.734375,-0.40625,1.0
13973,475,1,1.078125,1.109375,1.0
13974,475,1,0.28125,-0.828125,0.0
13975,476,0,1.34375,1.078125,1.0
13976,476,1,-1.15625,-0.734375,0.0
13977,476,1,0.375,-1.28125,0.0
13978,476,1,0.5625,-0.1875,0.0
13979,476,0,-1.421875,-0.046875,0.0
13980,476,1,0.09375,-2.0625,1.0
13981,476,1,-0.28125,0.0,0.0
13982,476,1,-0.515625,-0.359375,0.0
13983,476,1,0.546875,-0.203125,0.0
13984,476,1,0.796875,0.453125,0.0
13985,476,0,-0.40625,0.484375,1.0
13986,476,0,-1.75,-0.140625,0.0
13987,476,1,-0.421875,0.515625,1.0
13988,476,1,-1.609375,-0.09375,1.0
13989,476,1,-1.953125,-0.890625,0.0
13990,476,0,0.828125,-0.65625,0.0
13991,476,1,-0.8125,-0.921875,1.0
13992,476,1,-0.765625,-1.046875,0.0
13993,476,1,0.375,-0.21875,1.0
13994,476,1,-1.328125,-0.53125,1.0
13995,476,1,0.390625,0.125,0.0
13996,476,0,1.25,0.890625,0.0
13997,476,1,-0.078125,-0.78125,1.0
13998,476,1,1.953125,-1.234375,0.0
13999,476,1,0.53125,2.046875,0.0
14000,476,0,0.390625,1.75,0.0
14001,476,0,-0.28125,1.71875,0.0
14002,476,1,-0.203125,0.25,1.0
14003,476,1,-0.234375,0.453125,0.0
14004,476,0,-1.59375,0.0,0.0
14005,476,0,-1.09375,0.015625,0.0
14006,476,1,-0.234375,0.21875,1.0
14007,476,1,0.0625,-0.28125,0.0
14008,476,0,-0.609375,-0.609375,0.0
14009,476,0,0.453125,1.015625,0.0
14010,477,0,-0.40625,1.609375,0.0
14011,477,1,-0.40625,-0.84375,0.0
14012,477,1,-0.5,0.03125,1.0
14013,477,0,0.0,-1.28125,0.0
14014,477,0,-0.75,-1.0,1.0
14015,477,0,-0.484375,-0.328125,0.0
14016,477,1,0.671875,-0.625,0.0
14017,477,1,0.265625,-0.109375,0.0
14018,477,0,0.671875,-1.4375,0.0
14019,477,0,-0.65625,-1.421875,0.0
14020,477,0,-0.96875,0.84375,0.0
14021,477,1,-0.921875,-3.21875,1.0
14022,477,1,0.171875,-0.296875,0.0
14023,477,0,-0.734375,-1.140625,0.0
14024,477,0,-0.65625,0.359375,1.0
14025,477,0,-0.578125,-0.53125,0.0
14026,477,0,0.640625,-0.234375,1.0
14027,477,0,-0.125,-1.578125,0.0
14028,477,0,0.03125,-1.359375,0.0
14029,477,0,0.96875,-0.3125,0.0
14030,477,1,0.0625,0.234375,0.0
14031,477,1,0.09375,-0.328125,0.0
14032,477,0,1.5,1.875,1.0
14033,477,0,-1.90625,0.75,0.0
14034,477,1,-1.484375,-1.359375,1.0
14035,477,0,0.3125,-0.984375,0.0
14036,477,0,-0.46875,-1.34375,0.0
14037,477,1,1.375,-0.734375,0.0
14038,477,1,0.4375,0.375,0.0
14039,477,1,1.625,-0.390625,0.0
14040,477,1,-0.734375,-0.75,0.0
14041,477,0,-0.765625,0.078125,1.0
14042,477,1,-0.453125,-1.09375,1.0
14043,477,0,0.71875,-0.53125,0.0
14044,477,0,-0.78125,0.4375,0.0
14045,477,0,-1.703125,-0.375,1.0
14046,478,1,-0.171875,0.015625,0.0
14047,478,1,-0.046875,1.28125,1.0
14048,478,1,-0.078125,0.40625,0.0
14049,478,0,-1.4375,0.9375,1.0
14050,478,0,-0.328125,-0.109375,1.0
14051,478,0,-0.40625,0.1875,0.0
14052,478,0,-0.46875,0.34375,0.0
14053,478,1,0.984375,0.453125,0.0
14054,478,0,-1.90625,-1.171875,0.0
14055,478,0,-0.453125,0.65625,0.0
14056,478,1,1.125,-2.0625,0.0
14057,478,1,1.3125,0.359375,1.0
14058,478,1,-0.53125,-1.21875,0.0
14059,478,1,0.6875,0.953125,0.0
14060,478,1,1.203125,-0.390625,1.0
14061,478,1,0.0,0.203125,1.0
14062,478,1,0.09375,-0.671875,0.0
14063,478,0,-0.546875,0.046875,0.0
14064,478,0,-0.96875,1.390625,1.0
14065,478,0,0.640625,-2.375,1.0
14066,478,1,2.71875,-1.9375,1.0
14067,478,0,-0.40625,-0.09375,0.0
14068,478,1,3.296875,-1.015625,0.0
14069,478,0,0.8125,0.4375,1.0
14070,478,0,-1.546875,-1.53125,1.0
14071,478,1,0.8125,1.296875,0.0
14072,478,1,1.796875,-0.140625,0.0
14073,478,1,0.15625,1.15625,0.0
14074,478,0,-1.03125,1.625,0.0
14075,478,0,-0.140625,-0.453125,0.0
14076,478,0,-0.140625,-0.25,0.0
14077,478,0,0.296875,-0.546875,0.0
14078,478,0,-1.859375,-1.15625,1.0
14079,478,1,-0.109375,-0.609375,0.0
14080,478,0,0.140625,-0.546875,0.0
14081,478,0,-0.796875,0.28125,0.0
14082,478,1,-0.796875,-2.234375,0.0
14083,479,0,0.296875,0.1875,0.0
14084,479,0,0.953125,-1.40625,0.0
14085,479,0,-0.171875,-0.1875,0.0
14086,479,1,1.21875,0.5625,1.0
14087,479,1,1.015625,-2.0625,1.0
14088,479,1,0.671875,-1.0625,0.0
14089,479,0,0.828125,1.703125,0.0
14090,479,1,2.125,-0.40625,0.0
14091,479,1,0.890625,-0.265625,1.0
14092,479,1,0.359375,0.0,0.0
14093,479,1,-0.296875,0.265625,0.0
14094,479,1,2.796875,0.9375,1.0
14095,479,1,-0.140625,0.984375,0.0
14096,479,1,0.703125,1.828125,1.0
14097,479,0,0.25,1.125,0.0
14098,479,1,-0.546875,-0.03125,1.0
14099,479,1,-0.328125,-0.640625,1.0
14100,479,1,-0.0625,-1.75,1.0
14101,479,1,0.984375,-1.015625,0.0
14102,479,0,-0.15625,0.71875,0.0
14103,479,1,-0.046875,1.0,0.0
14104,479,1,1.0,1.25,1.0
14105,479,1,1.609375,0.4375,1.0
14106,479,0,-0.828125,-0.015625,0.0
14107,479,0,-0.75,0.765625,0.0
14108,479,0,0.953125,2.265625,1.0
14109,479,1,0.3125,0.359375,0.0
14110,479,1,-1.375,-1.125,0.0
14111,479,1,1.03125,0.265625,0.0
14112,479,1,-0.3125,-0.015625,0.0
14113,479,0,-0.03125,-0.328125,0.0
14114,479,0,-1.515625,-0.53125,0.0
14115,479,1,-0.4375,-1.375,1.0
14116,479,1,0.609375,0.65625,0.0
14117,479,1,-0.5625,-1.328125,0.0
14118,479,1,0.5,-1.234375,0.0
14119,479,1,-0.234375,-0.625,1.0
14120,479,1,-0.328125,2.21875,1.0
14121,480,0,0.34375,-0.296875,0.0
14122,480,1,-0.015625,-1.359375,0.0
14123,480,1,-1.015625,-1.3125,1.0
14124,480,0,0.484375,1.109375,0.0
14125,480,1,0.40625,1.21875,1.0
14126,480,1,0.296875,0.625,0.0
14127,480,1,0.859375,1.734375,0.0
14128,480,0,-0.734375,0.46875,1.0
14129,480,0,-1.921875,-1.46875,0.0
14130,480,0,-0.296875,-2.515625,1.0
14131,480,0,-0.890625,-0.203125,0.0
14132,480,1,-0.453125,0.015625,1.0
14133,480,0,-0.3125,-0.40625,1.0
14134,480,0,0.265625,-0.921875,0.0
14135,480,1,1.015625,-0.046875,1.0
14136,480,0,-3.015625,-1.296875,1.0
14137,480,1,-0.265625,-0.359375,0.0
14138,480,0,0.1875,0.234375,0.0
14139,480,0,-0.140625,-1.203125,0.0
14140,480,0,1.5625,0.03125,0.0
14141,480,1,0.40625,0.328125,1.0
14142,480,1,1.828125,-0.640625,1.0
14143,480,0,-1.609375,-1.265625,1.0
14144,480,1,-1.140625,-0.125,0.0
14145,480,0,-0.125,-1.203125,0.0
14146,480,0,0.765625,-1.453125,0.0
14147,480,1,-0.40625,0.078125,0.0
14148,480,1,0.375,0.203125,1.0
14149,480,1,0.078125,0.0625,1.0
14150,480,1,0.515625,-1.671875,1.0
14151,480,0,0.296875,1.109375,1.0
14152,480,1,0.90625,-0.5,0.0
14153,480,1,0.0,-0.65625,1.0
14154,480,1,0.1875,-0.796875,1.0
14155,480,0,1.265625,-0.421875,1.0
14156,480,1,1.359375,0.3125,0.0
14157,480,0,0.0625,-0.25,0.0
14158,480,0,-0.015625,1.125,0.0
14159,480,1,-0.125,-1.6875,1.0
14160,481,0,1.328125,-1.265625,0.0
14161,481,1,0.375,0.390625,0.0
14162,481,1,0.921875,-0.90625,0.0
14163,481,0,0.5625,-0.546875,1.0
14164,481,1,0.03125,-0.75,0.0
14165,481,1,1.328125,-0.5625,1.0
14166,481,0,-0.359375,0.0,0.0
14167,481,1,0.953125,-0.34375,1.0
14168,481,1,0.203125,-1.09375,0.0
14169,481,1,-0.25,-1.234375,1.0
14170,481,1,0.40625,-0.921875,1.0
14171,481,0,1.234375,-1.234375,1.0
14172,481,0,-1.0,0.375,0.0
14173,481,0,0.09375,-0.703125,0.0
14174,481,0,-0.609375,0.59375,0.0
14175,481,1,0.375,-2.0625,1.0
14176,481,1,2.390625,-0.8125,1.0
14177,481,0,-0.90625,-1.90625,0.0
14178,481,1,-0.34375,0.765625,0.0
14179,481,0,-0.84375,0.25,1.0
14180,482,0,-2.84375,-0.421875,0.0
14181,482,0,-0.78125,0.734375,0.0
14182,482,0,-0.1875,0.125,0.0
14183,482,0,-1.203125,-0.21875,0.0
14184,482,0,1.40625,-0.21875,0.0
14185,482,0,-0.84375,-0.015625,0.0
14186,482,1,2.03125,1.203125,0.0
14187,482,0,-1.59375,-0.171875,0.0
14188,482,0,0.265625,-0.984375,0.0
14189,482,0,0.640625,-1.0625,0.0
14190,482,0,-0.796875,-1.3125,1.0
14191,482,1,0.875,-0.3125,1.0
14192,482,1,2.859375,0.375,1.0
14193,482,1,-0.640625,1.09375,1.0
14194,482,0,0.265625,0.84375,0.0
14195,482,1,1.671875,-1.46875,1.0
14196,482,1,-0.234375,-0.265625,1.0
14197,482,1,-0.53125,0.328125,1.0
14198,482,0,-0.828125,-0.421875,0.0
14199,482,1,1.125,-1.015625,0.0
14200,482,1,-1.296875,0.40625,0.0
14201,483,1,-0.3125,0.453125,1.0
14202,483,1,0.484375,-1.515625,1.0
14203,483,1,-1.71875,0.515625,1.0
14204,483,1,-0.34375,0.609375,0.0
14205,483,1,0.140625,0.59375,0.0
14206,483,1,0.375,0.015625,0.0
14207,483,1,1.6875,-0.625,1.0
14208,483,0,0.453125,-0.890625,0.0
14209,483,1,-0.9375,-0.28125,0.0
14210,483,1,-0.984375,-0.171875,0.0
14211,483,1,-0.078125,0.765625,1.0
14212,483,1,0.546875,0.984375,0.0
14213,483,0,-0.203125,0.6875,0.0
14214,483,1,-0.625,-2.5,0.0
14215,483,0,-0.4375,0.640625,0.0
14216,483,1,-1.125,-2.125,0.0
14217,483,1,2.6875,-0.25,0.0
14218,483,1,-0.609375,0.234375,1.0
14219,483,1,0.671875,0.53125,1.0
14220,483,0,0.28125,1.34375,1.0
14221,483,0,0.65625,1.28125,1.0
14222,483,1,-3.109375,0.71875,1.0
14223,484,1,-0.9375,-0.921875,1.0
14224,484,0,-0.328125,-2.09375,0.0
14225,484,0,0.28125,-0.484375,0.0
14226,484,0,-0.296875,-0.671875,0.0
14227,484,1,-0.84375,-3.234375,1.0
14228,484,1,1.0,-3.46875,0.0
14229,484,1,0.59375,-0.9375,1.0
14230,484,1,-1.140625,1.0,1.0
14231,484,0,-0.796875,-1.6875,0.0
14232,484,0,1.203125,0.015625,0.0
14233,484,0,0.125,-1.125,0.0
14234,484,0,-1.453125,-1.625,0.0
14235,484,0,-0.171875,-0.46875,0.0
14236,484,1,1.109375,0.6875,1.0
14237,484,0,0.484375,-1.15625,0.0
14238,484,0,-1.640625,-0.21875,0.0
14239,484,0,0.40625,-1.03125,1.0
14240,484,1,1.0625,-1.390625,1.0
14241,484,0,-0.015625,0.109375,1.0
14242,484,0,-1.1875,-1.140625,0.0
14243,484,1,-1.53125,-0.921875,0.0
14244,484,0,-0.765625,-0.9375,0.0
14245,484,0,-0.5,-0.8125,0.0
14246,485,1,0.109375,-0.78125,1.0
14247,485,0,0.40625,-1.125,1.0
14248,485,0,0.09375,0.1875,0.0
14249,485,1,-1.125,-0.9375,0.0
14250,485,1,-1.375,0.703125,1.0
14251,485,0,-1.046875,-0.1875,0.0
14252,485,0,-1.5625,-0.8125,1.0
14253,485,0,-0.375,0.640625,0.0
14254,485,0,-2.34375,-1.484375,0.0
14255,485,0,-1.40625,0.515625,1.0
14256,485,0,-1.140625,0.0,0.0
14257,485,0,0.953125,0.265625,0.0
14258,485,1,0.046875,-1.625,1.0
14259,485,0,-0.203125,0.4375,0.0
14260,485,0,-1.25,-1.390625,1.0
14261,485,0,-0.09375,-0.28125,0.0
14262,485,1,0.09375,-1.109375,0.0
14263,485,1,1.328125,1.78125,1.0
14264,485,0,-0.15625,-0.09375,0.0
14265,485,0,-2.765625,-1.390625,1.0
14266,485,0,1.890625,-1.59375,0.0
14267,485,1,-1.3125,-0.0625,1.0
14268,485,1,0.328125,0.90625,0.0
14269,485,1,-0.5625,-0.078125,1.0
14270,486,1,0.71875,-0.34375,0.0
14271,486,0,1.921875,-1.078125,0.0
14272,486,1,-0.234375,-0.140625,0.0
14273,486,1,-0.5625,-0.859375,1.0
14274,486,1,-0.421875,-0.8125,1.0
14275,486,1,-0.4375,-1.203125,0.0
14276,486,0,1.265625,-1.78125,0.0
14277,486,0,0.15625,0.703125,1.0
14278,486,1,-0.296875,-2.03125,0.0
14279,486,0,-0.921875,0.1875,0.0
14280,486,0,0.515625,0.296875,1.0
14281,486,0,-0.5,-0.5,0.0
14282,486,1,-0.328125,-1.96875,1.0
14283,486,0,1.46875,-0.5,0.0
14284,486,1,0.421875,-1.640625,1.0
14285,486,1,1.078125,-1.34375,1.0
14286,486,0,-1.84375,-0.25,1.0
14287,486,1,1.609375,-0.484375,1.0
14288,486,1,-0.96875,-0.015625,1.0
14289,486,0,0.203125,-0.828125,1.0
14290,486,0,-0.21875,0.609375,0.0
14291,486,1,-1.84375,-1.359375,1.0
14292,486,0,-0.84375,-1.875,1.0
14293,486,0,-0.859375,0.625,0.0
14294,486,0,0.640625,0.234375,0.0
14295,487,1,-0.734375,-0.3125,1.0
14296,487,1,0.0,-1.5625,0.0
14297,487,0,1.1875,-1.109375,0.0
14298,487,1,0.34375,-0.875,1.0
14299,487,1,0.25,-1.21875,0.0
14300,487,0,-2.0625,-0.9375,1.0
14301,487,1,-0.296875,-1.65625,1.0
14302,487,0,-0.25,-1.0625,1.0
14303,487,1,0.03125,-1.984375,0.0
14304,487,1,1.015625,-1.5,0.0
14305,487,1,0.65625,-0.15625,0.0
14306,487,1,0.234375,-0.640625,1.0
14307,487,0,-0.15625,0.734375,0.0
14308,487,0,-1.046875,-0.546875,1.0
14309,487,0,0.3125,0.046875,1.0
14310,487,0,-0.46875,-0.09375,0.0
14311,487,0,0.78125,0.703125,0.0
14312,487,1,-0.09375,-0.828125,0.0
14313,487,1,1.75,0.453125,1.0
14314,487,0,0.25,-0.03125,0.0
14315,487,1,0.484375,-1.578125,0.0
14316,487,1,-1.0625,-1.375,0.0
14317,487,0,1.328125,-2.28125,1.0
14318,487,0,0.453125,-1.53125,0.0
14319,487,0,-1.296875,-0.53125,0.0
14320,487,1,0.65625,-1.828125,0.0
14321,488,0,0.25,-0.703125,0.0
14322,488,0,0.765625,-1.3125,0.0
14323,488,1,-0.765625,1.40625,1.0
14324,488,1,0.125,-0.140625,0.0
14325,488,0,0.46875,-1.1875,0.0
14326,488,0,0.015625,-0.09375,0.0
14327,488,1,1.0,-0.203125,1.0
14328,488,0,-0.71875,-0.71875,0.0
14329,488,1,1.625,1.171875,0.0
14330,488,0,-2.171875,-0.578125,0.0
14331,488,0,2.265625,0.203125,0.0
14332,488,0,-1.65625,0.234375,0.0
14333,488,0,-1.875,1.03125,0.0
14334,488,0,-0.15625,0.484375,0.0
14335,488,1,-0.515625,0.203125,0.0
14336,488,1,1.578125,0.53125,0.0
14337,488,1,-0.5,-2.203125,1.0
14338,488,1,-0.0625,0.203125,1.0
14339,488,1,1.5,-0.453125,1.0
14340,488,1,0.375,-0.984375,0.0
14341,488,1,-0.96875,-0.71875,0.0
14342,488,1,-0.03125,-1.03125,1.0
14343,488,1,0.359375,-1.359375,0.0
14344,488,1,0.5625,-0.015625,0.0
14345,488,0,-0.421875,-0.4375,0.0
14346,488,0,-0.125,0.15625,0.0
14347,488,1,-0.015625,-1.515625,1.0
14348,489,0,-0.1875,-1.25,0.0
14349,489,1,-0.53125,0.1875,0.0
14350,489,1,-0.34375,-1.265625,1.0
14351,489,1,-0.421875,0.578125,0.0
14352,489,1,0.046875,1.171875,1.0
14353,489,0,0.40625,0.0,0.0
14354,489,0,-1.265625,0.171875,0.0
14355,489,0,-0.21875,-0.703125,1.0
14356,489,0,0.21875,-0.78125,1.0
14357,489,0,0.046875,1.84375,0.0
14358,489,1,0.328125,-0.09375,0.0
14359,489,0,0.96875,0.453125,1.0
14360,489,0,0.5,-1.03125,0.0
14361,489,1,0.296875,-0.171875,0.0
14362,489,1,-1.015625,-2.90625,0.0
14363,489,1,1.859375,-0.734375,1.0
14364,489,0,0.09375,-0.875,0.0
14365,489,0,1.65625,2.65625,0.0
14366,489,0,1.234375,0.09375,0.0
14367,489,0,-0.140625,-0.765625,0.0
14368,489,1,0.171875,0.03125,0.0
14369,489,1,0.8125,-0.375,0.0
14370,489,0,0.328125,-1.171875,0.0
14371,489,0,1.296875,-0.0625,0.0
14372,489,0,-0.375,1.15625,0.0
14373,489,1,0.65625,0.421875,0.0
14374,489,0,-2.03125,-0.96875,1.0
14375,489,1,-1.25,-0.1875,0.0
14376,490,0,-0.84375,1.546875,0.0
14377,490,0,-0.546875,-2.4375,0.0
14378,490,0,-0.15625,0.421875,0.0
14379,490,0,0.78125,-1.421875,0.0
14380,490,1,-2.34375,0.5,1.0
14381,490,1,0.390625,-2.125,0.0
14382,490,0,0.015625,-0.25,0.0
14383,490,0,-0.984375,0.828125,0.0
14384,490,0,-1.390625,-2.75,0.0
14385,490,1,-0.0625,-1.75,0.0
14386,490,0,0.1875,1.703125,0.0
14387,490,1,2.109375,-1.359375,1.0
14388,490,0,-0.21875,-0.3125,0.0
14389,490,0,-0.703125,-1.40625,0.0
14390,490,1,0.890625,0.328125,0.0
14391,490,0,-0.515625,0.921875,1.0
14392,490,0,0.59375,0.484375,0.0
14393,490,1,1.625,0.5,1.0
14394,490,0,-0.890625,0.375,0.0
14395,490,1,0.5625,-0.9375,1.0
14396,490,0,1.828125,-1.421875,0.0
14397,490,0,-1.796875,-0.03125,0.0
14398,490,1,-0.328125,-1.0,1.0
14399,490,1,0.578125,-0.640625,0.0
14400,490,1,-0.515625,-2.40625,0.0
14401,490,0,0.515625,0.84375,0.0
14402,490,0,-0.734375,-1.71875,1.0
14403,490,0,0.84375,1.171875,0.0
14404,490,1,-0.640625,-1.359375,1.0
14405,491,1,1.265625,0.015625,0.0
14406,491,0,0.8125,-0.046875,0.0
14407,491,0,-1.09375,0.390625,0.0
14408,491,0,0.078125,1.921875,0.0
14409,491,1,-0.546875,-1.0625,0.0
14410,491,1,1.703125,0.5625,0.0
14411,491,0,-2.296875,0.734375,1.0
14412,491,0,0.0625,-0.765625,0.0
14413,491,1,-0.109375,-1.359375,1.0
14414,491,1,1.078125,-0.625,0.0
14415,491,0,-0.25,0.609375,0.0
14416,491,1,-0.6875,0.953125,1.0
14417,491,0,-0.28125,-0.28125,0.0
14418,491,1,0.28125,-1.125,1.0
14419,491,1,0.671875,-1.375,1.0
14420,491,1,0.9375,1.921875,1.0
14421,491,0,1.078125,-0.078125,0.0
14422,491,1,1.09375,0.328125,1.0
14423,491,1,-0.3125,0.375,1.0
14424,491,1,-0.265625,0.875,1.0
14425,491,0,-3.21875,-0.5,0.0
14426,491,1,0.296875,-0.625,1.0
14427,491,0,-0.59375,0.6875,0.0
14428,491,0,-0.5625,-1.3125,1.0
14429,491,0,-0.421875,-1.0,0.0
14430,491,1,2.09375,-0.6875,1.0
14431,491,1,-1.515625,0.15625,1.0
14432,491,1,-1.03125,-0.65625,1.0
14433,491,0,-1.625,-0.078125,0.0
14434,491,1,0.484375,0.375,0.0
14435,492,0,0.3125,1.5625,1.0
14436,492,1,0.09375,-0.6875,0.0
14437,492,0,0.359375,0.234375,0.0
14438,492,1,-0.96875,-0.828125,1.0
14439,492,1,0.140625,-1.359375,0.0
14440,492,0,-1.046875,-1.484375,0.0
14441,492,1,-0.859375,-0.78125,1.0
14442,492,0,2.15625,-0.046875,1.0
14443,492,1,0.765625,2.21875,1.0
14444,492,1,0.515625,-1.859375,1.0
14445,492,0,0.65625,-0.765625,1.0
14446,492,0,-0.34375,-0.4375,1.0
14447,492,0,0.515625,0.109375,0.0
14448,492,0,-0.140625,0.8125,1.0
14449,492,0,-1.0,-0.203125,1.0
14450,492,0,0.515625,-1.34375,0.0
14451,492,0,0.578125,0.125,0.0
14452,492,1,0.28125,-1.34375,1.0
14453,492,1,0.03125,-1.65625,0.0
14454,492,1,1.8125,1.0,0.0
14455,492,1,0.390625,-0.53125,0.0
14456,492,0,0.40625,-1.125,0.0
14457,492,1,1.0,0.578125,0.0
14458,492,0,0.203125,0.40625,0.0
14459,492,1,0.4375,-0.421875,1.0
14460,492,1,-1.0,-0.15625,1.0
14461,492,0,0.78125,1.03125,0.0
14462,492,0,-1.46875,-1.5,0.0
14463,492,0,-1.53125,0.40625,1.0
14464,492,1,1.40625,0.453125,0.0
14465,492,1,0.484375,0.21875,1.0
14466,493,0,-1.765625,-0.34375,1.0
14467,493,1,-0.0625,1.375,1.0
14468,493,0,1.078125,-0.296875,0.0
14469,493,0,0.140625,0.453125,0.0
14470,493,1,2.265625,-0.84375,1.0
14471,493,1,-2.375,-1.296875,0.0
14472,493,0,0.28125,-2.046875,0.0
14473,493,0,0.296875,0.21875,0.0
14474,493,0,-0.0625,1.6875,0.0
14475,493,0,-0.453125,-0.546875,0.0
14476,493,0,0.734375,-0.71875,1.0
14477,493,0,-1.9375,0.28125,0.0
14478,493,1,0.0,-1.140625,0.0
14479,493,1,-0.578125,-0.96875,0.0
14480,493,1,1.390625,-0.4375,0.0
14481,493,1,-0.03125,-0.8125,1.0
14482,493,1,2.40625,-0.125,1.0
14483,493,0,-0.484375,-0.8125,0.0
14484,493,1,-1.203125,-1.203125,0.0
14485,493,0,-0.921875,0.6875,1.0
14486,493,0,1.484375,-0.5,1.0
14487,493,0,-0.921875,-0.453125,0.0
14488,493,1,1.265625,-0.203125,1.0
14489,493,1,-0.3125,0.546875,1.0
14490,493,0,-2.625,0.015625,0.0
14491,493,0,-1.109375,0.515625,0.0
14492,493,1,0.015625,-0.1875,1.0
14493,493,0,0.09375,1.34375,1.0
14494,493,0,-0.65625,1.21875,0.0
14495,493,0,0.4375,-0.3125,1.0
14496,493,0,-1.09375,0.4375,0.0
14497,493,0,0.203125,-0.578125,0.0
14498,494,1,1.046875,-0.796875,1.0
14499,494,0,0.390625,1.28125,0.0
14500,494,0,-1.5,-0.171875,1.0
14501,494,1,-0.125,-0.40625,0.0
14502,494,0,0.125,0.78125,0.0
14503,494,0,-1.515625,-1.03125,0.0
14504,494,1,-0.625,0.203125,1.0
14505,494,0,-0.28125,-0.328125,1.0
14506,494,0,-1.0625,0.65625,0.0
14507,494,0,-1.453125,0.1875,0.0
14508,494,1,0.125,-1.515625,0.0
14509,494,1,0.78125,-1.8125,0.0
14510,494,0,-1.09375,0.140625,0.0
14511,494,1,-0.109375,1.171875,0.0
14512,494,0,-1.84375,-2.0625,0.0
14513,494,1,0.140625,-1.734375,1.0
14514,494,1,1.25,-1.171875,1.0
14515,494,0,0.359375,-0.171875,1.0
14516,494,1,0.296875,-0.15625,0.0
14517,494,0,-1.09375,-0.234375,0.0
14518,494,1,0.109375,0.734375,1.0
14519,494,1,1.5625,1.625,0.0
14520,494,0,1.265625,0.390625,0.0
14521,494,0,-0.046875,2.140625,1.0
14522,494,1,0.203125,-1.0625,1.0
14523,494,0,-1.203125,-0.1875,1.0
14524,494,0,-0.1875,0.359375,0.0
14525,494,1,1.25,0.25,0.0
14526,494,1,0.25,-1.84375,0.0
14527,494,1,-1.25,-0.65625,0.0
14528,494,0,-0.59375,-0.890625,0.0
14529,494,0,-0.109375,0.5,1.0
14530,494,1,2.015625,-1.265625,0.0
14531,495,1,0.21875,-2.53125,0.0
14532,495,1,0.28125,0.671875,0.0
14533,495,0,1.8125,-0.125,0.0
14534,495,0,-0.296875,0.625,1.0
14535,495,1,-0.4375,-0.625,0.0
14536,495,1,-0.984375,-0.15625,0.0
14537,495,0,-1.15625,-1.8125,0.0
14538,495,0,-1.578125,-0.125,0.0
14539,495,0,0.25,-0.5,0.0
14540,495,0,-0.515625,-0.515625,1.0
14541,495,1,-0.6875,-1.25,0.0
14542,495,0,-0.046875,0.90625,0.0
14543,495,0,-0.3125,-0.375,0.0
14544,495,0,-0.5625,-0.5,1.0
14545,495,0,0.0625,-1.40625,0.0
14546,495,0,-1.734375,-0.671875,0.0
14547,495,0,-0.78125,1.34375,0.0
14548,495,1,-0.328125,0.03125,1.0
14549,495,0,-2.109375,-0.140625,1.0
14550,495,0,1.15625,-2.375,0.0
14551,495,0,2.125,-0.328125,0.0
14552,495,1,-0.671875,-0.21875,0.0
14553,495,1,-1.390625,-1.890625,0.0
14554,495,1,0.390625,-0.34375,0.0
14555,495,1,-0.15625,0.90625,0.0
14556,495,1,-0.546875,0.6875,0.0
14557,495,0,0.140625,-0.984375,1.0
14558,495,1,-0.703125,1.65625,1.0
14559,495,1,0.734375,-0.375,1.0
14560,495,1,0.59375,-0.484375,1.0
14561,495,1,0.46875,-1.171875,1.0
14562,495,1,0.0625,-1.046875,0.0
14563,495,0,-0.5625,1.828125,0.0
14564,495,0,0.125,0.421875,0.0
14565,496,0,2.546875,-0.046875,1.0
14566,496,1,0.5,0.734375,1.0
14567,496,0,0.234375,1.4375,0.0
14568,496,1,-0.125,-0.078125,1.0
14569,496,1,-0.015625,0.96875,1.0
14570,496,0,1.546875,0.40625,0.0
14571,496,1,-0.90625,0.21875,0.0
14572,496,0,-1.140625,-0.8125,0.0
14573,496,1,0.078125,-1.40625,0.0
14574,496,1,0.546875,0.125,1.0
14575,496,1,-0.703125,-2.203125,0.0
14576,496,1,0.96875,0.140625,1.0
14577,496,1,-0.140625,1.4375,1.0
14578,496,1,-0.796875,0.03125,1.0
14579,496,0,-0.4375,0.171875,0.0
14580,496,0,0.203125,0.984375,0.0
14581,496,1,-1.515625,1.390625,1.0
14582,496,0,0.328125,-0.4375,0.0
14583,496,1,0.515625,0.53125,0.0
14584,496,0,0.4375,0.15625,0.0
14585,496,1,0.84375,1.4375,1.0
14586,496,0,-0.1875,-0.234375,0.0
14587,496,1,0.734375,0.609375,0.0
14588,496,0,0.1875,1.03125,0.0
14589,496,1,4.109375,-0.765625,0.0
14590,496,1,-0.390625,0.765625,0.0
14591,496,0,-0.0625,0.15625,0.0
14592,496,0,-1.640625,0.0625,0.0
14593,496,1,0.703125,-0.234375,1.0
14594,496,1,-0.203125,-0.890625,1.0
14595,496,0,-0.6875,1.484375,0.0
14596,496,0,0.109375,1.5625,0.0
14597,496,1,-0.6875,0.21875,0.0
14598,496,1,-0.875,-1.234375,1.0
14599,496,0,0.515625,0.359375,0.0
14600,497,1,-1.390625,-1.0,0.0
14601,497,0,-1.4375,-0.328125,0.0
14602,497,0,-0.484375,-0.8125,1.0
14603,497,0,1.375,0.640625,0.0
14604,497,0,-0.3125,1.71875,0.0
14605,497,1,0.859375,-1.625,0.0
14606,497,1,0.3125,0.640625,0.0
14607,497,1,0.125,-2.609375,0.0
14608,497,0,-0.203125,2.90625,0.0
14609,497,0,1.015625,-0.421875,0.0
14610,497,0,-0.96875,2.03125,0.0
14611,497,0,0.53125,0.21875,0.0
14612,497,0,-1.109375,-0.234375,1.0
14613,497,0,-0.515625,0.953125,0.0
14614,497,0,0.03125,-0.125,0.0
14615,497,0,1.109375,0.34375,1.0
14616,497,1,-0.359375,0.671875,0.0
14617,497,1,-0.359375,-0.203125,1.0
14618,497,1,2.609375,1.8125,1.0
14619,497,1,0.28125,-0.140625,0.0
14620,497,1,1.0,-1.734375,0.0
14621,497,1,-2.375,-0.53125,1.0
14622,497,1,-0.546875,1.890625,0.0
14623,497,1,0.640625,0.921875,0.0
14624,497,1,-0.53125,0.25,0.0
14625,497,1,-0.265625,-0.8125,1.0
14626,497,0,1.328125,-0.390625,0.0
14627,497,1,0.546875,0.09375,0.0
14628,497,1,-0.65625,0.8125,1.0
14629,497,0,0.71875,-0.40625,0.0
14630,497,0,-1.140625,0.34375,0.0
14631,497,1,-1.96875,-1.15625,0.0
14632,497,0,0.25,-1.921875,1.0
14633,497,1,0.90625,-0.65625,0.0
14634,497,0,-0.328125,0.609375,1.0
14635,497,0,0.578125,1.5625,0.0
14636,498,0,1.640625,-1.296875,1.0
14637,498,1,2.28125,1.578125,1.0
14638,498,1,-1.453125,-1.46875,1.0
14639,498,0,1.1875,-1.03125,0.0
14640,498,0,-0.921875,-0.140625,0.0
14641,498,1,-0.46875,0.265625,0.0
14642,498,1,1.421875,-0.40625,0.0
14643,498,1,0.9375,-0.09375,0.0
14644,498,0,0.984375,0.25,0.0
14645,498,1,0.3125,0.84375,0.0
14646,498,1,0.5625,-0.21875,0.0
14647,498,1,0.5,1.484375,1.0
14648,498,1,0.3125,-1.796875,0.0
14649,498,1,-2.0625,-1.6875,1.0
14650,498,0,-0.234375,-0.484375,0.0
14651,498,1,-0.125,1.25,1.0
14652,498,1,2.5625,-0.78125,0.0
14653,498,0,-0.359375,-0.109375,0.0
14654,498,0,-0.546875,-0.125,1.0
14655,498,0,-0.296875,-0.515625,0.0
14656,498,1,0.203125,-2.15625,0.0
14657,498,1,0.71875,-0.640625,1.0
14658,498,0,0.109375,-1.5625,0.0
14659,498,1,-0.171875,-1.984375,0.0
14660,498,1,1.234375,0.03125,1.0
14661,498,1,0.1875,-0.484375,0.0
14662,498,1,-0.890625,1.0625,0.0
14663,498,1,1.375,-1.21875,0.0
14664,498,1,-0.453125,-0.65625,1.0
14665,498,0,0.359375,-0.5,0.0
14666,498,0,0.453125,0.8125,1.0
14667,498,0,-0.5,-0.671875,0.0
14668,498,1,1.75,-0.453125,1.0
14669,498,0,0.1875,-0.21875,0.0
14670,498,0,0.609375,2.046875,0.0
14671,498,0,0.796875,-0.453125,0.0
14672,498,0,1.328125,-0.546875,1.0
14673,499,1,0.109375,-0.921875,1.0
14674,499,1,0.875,1.359375,0.0
14675,499,0,1.015625,0.25,0.0
14676,499,0,-1.46875,1.046875,1.0
14677,499,0,0.3125,0.125,1.0
14678,499,0,-0.578125,0.1875,0.0
14679,499,1,-0.4375,-0.921875,1.0
14680,499,1,0.203125,1.265625,1.0
14681,499,0,-0.5625,1.46875,0.0
14682,499,1,-1.546875,2.828125,1.0
14683,499,0,-0.03125,0.375,0.0
14684,499,1,1.71875,-0.609375,1.0
14685,499,0,0.5,-1.234375,1.0
14686,499,0,1.515625,1.46875,1.0
14687,499,0,-0.0625,0.78125,0.0
14688,499,0,-0.953125,1.75,1.0
14689,499,1,0.3125,-0.1875,0.0
14690,499,1,0.171875,-0.9375,1.0
14691,499,1,0.4375,-0.53125,1.0
14692,499,1,-0.34375,0.359375,1.0
14693,499,1,-2.15625,-0.140625,0.0
14694,499,1,1.609375,-0.125,1.0
14695,499,0,-1.09375,-0.921875,1.0
14696,499,1,-2.203125,-0.640625,1.0
14697,499,1,-0.84375,-0.921875,1.0
14698,499,0,1.34375,0.5,1.0
14699,499,1,0.734375,1.109375,1.0
14700,499,0,-1.296875,-0.625,1.0
14701,499,0,-1.4375,2.359375,0.0
14702,499,0,-1.203125,0.546875,0.0
14703,499,0,-1.25,-0.28125,0.0
14704,499,0,-1.84375,-0.59375,0.0
14705,499,0,-2.296875,0.5625,0.0
14706,499,1,1.890625,0.109375,0.0
14707,499,0,-0.25,0.8125,1.0
14708,499,0,0.25,0.421875,1.0
14709,499,0,-0.71875,0.0,1.0
14710,499,1,-0.34375,0.125,1.0
14711,500,0,-1.15625,-0.046875,0.0
14712,500,1,0.328125,-1.078125,0.0
14713,500,0,0.640625,0.1875,0.0
14714,500,0,-1.1875,-0.640625,0.0
14715,500,1,1.140625,-1.1875,0.0
14716,500,1,-0.515625,1.0,1.0
14717,500,0,-0.015625,0.78125,1.0
14718,500,0,-0.3125,-0.15625,0.0
14719,500,1,-0.609375,-0.359375,1.0
14720,500,0,-0.609375,-1.46875,0.0
14721,500,1,0.640625,1.421875,0.0
14722,500,1,0.0625,-0.671875,1.0
14723,500,0,0.140625,-0.421875,0.0
14724,500,0,-0.015625,-2.359375,0.0
14725,500,0,1.15625,0.0,0.0
14726,500,0,-0.921875,-0.171875,0.0
14727,500,0,1.421875,-2.90625,0.0
14728,500,0,-0.875,0.203125,1.0
14729,500,1,0.59375,0.546875,0.0
14730,500,0,-2.421875,0.25,1.0
14731,500,1,0.296875,0.546875,1.0
14732,500,1,-0.453125,-0.75,1.0
14733,500,0,-0.890625,-0.109375,0.0
14734,500,0,-1.46875,0.96875,0.0
14735,500,1,1.359375,0.859375,0.0
14736,500,0,0.984375,0.1875,0.0
14737,500,1,0.703125,-0.4375,1.0
14738,500,1,-1.609375,-0.328125,1.0
14739,500,0,-0.453125,-1.09375,1.0
14740,500,0,0.3125,0.015625,1.0
14741,500,0,-2.203125,1.234375,1.0
14742,500,0,-0.734375,-0.84375,0.0
14743,500,0,0.75,0.71875,1.0
14744,500,0,-0.984375,-1.3125,1.0
14745,500,1,-1.625,-2.265625,1.0
14746,500,1,-0.578125,-0.375,1.0
14747,500,0,-0.59375,-0.953125,1.0
14748,500,0,-0.53125,-1.171875,1.0
14749,500,1,1.015625,-1.0,1.0
